Geoname ID;Name;ASCII Name;Alternate Names;Feature Class;Feature Code;Country Code;Country name EN;Country Code 2;Admin1 Code;Admin2 Code;Admin3 Code;Admin4 Code;Population;Elevation;DIgital Elevation Model;Timezone;Modification date;LABEL EN;Coordinates
616196;Staryi Dobrotvir;Staryi Dobrotvir;Starij Dobrotvir,Staryi Dobrotvir,Staryy Dobrotvir,Staryy Dobrotvor,Старий Добротвір;P;PPL;UA;Ukraine;;15;4612;;;6436;;201;Europe/Kyiv;2022-10-27;Ukraine;50.23154, 24.37701
687417;Zelena;Zelena;Zelena,Zelenaya,Zelënaya,Зелена;P;PPL;UA;Ukraine;;03;7304;;;1980;169;201;Europe/Kyiv;2022-10-27;Ukraine;48.36385, 26.73497
687841;Zakupne;Zakupne;Zakoupne,Zakoupné,Zakupne,Zakupnoe,Закупне,Закупное;P;PPL;UA;Ukraine;;09;6802;;;1384;313;310;Europe/Kyiv;2022-10-27;Ukraine;49.11721, 26.33256
690035;Velykoploske;Velykoploske;Bol'shoye Ploskoye,Bol’shoye Ploskoye,Ploskoye,Velikoploske,Velikoploskoe,Velikoploskoye,Velykoploske,Великоплоске,Великоплоское;P;PPL;UA;Ukraine;;17;5114;;;3344;186;181;Europe/Kyiv;2022-10-27;Ukraine;47.01317, 29.67094
690243;Velyka Mechetnya;Velyka Mechetnya;Velika Mechetnja,Velikaja Mechetnja,Velyka Metchetnia,Vélyka Métchetnia,Велика Мечетня,Великая Мечетня;P;PPL;UA;Ukraine;;16;4808;;;1353;111;94;Europe/Kyiv;2022-10-27;Ukraine;48.08733, 30.59032
690963;Turiisk;Turiisk;Turiisk,Turijs'k,Turisk,Turiys'k,Turiysk,Turiys’k,Turzysk,Tuzhisk,Турійськ;P;PPL;UA;Ukraine;;24;0706;;;5808;;180;Europe/Kyiv;2023-05-03;Ukraine;51.08644, 24.52294
691435;Tomakivka;Tomakivka;Tamakiuka,Tomakivka,Tomakiwka,Tomakovka,tuo ma ji fu ka,Тамакіўка,Томаковка,Томаківка,Տոմակովկա,托馬基夫卡;P;PPL;UA;Ukraine;;04;1208;;;6828;33;31;Europe/Kyiv;2023-01-18;Ukraine;47.81081, 34.74324
691603;Terpinnia;Terpinnia;Terpen'ye,Terpeniye,Terpen’ye,Terpinna,Terpinnia,Terpinnja,Terpinnya,Терпіння;P;PPL;UA;Ukraine;;26;2308;;;4656;;16;Europe/Kyiv;2022-12-13;Ukraine;46.98205, 35.42264
691929;Tamaryne;Tamaryne;Tamarine,Tamarino,Tamaryne,Тамарине;P;PPL;UA;Ukraine;;16;4802;;;1066;59;59;Europe/Kyiv;2022-10-27;Ukraine;47.01875, 33.00243
691943;Talalaivka;Talalaivka;Talalaevka,Talalaivka,Talalayevka,Talalayivka,Талалаевка,Талалаївка;P;PPLA3;UA;Ukraine;;02;7408;;;0;;179;Europe/Kyiv;2023-03-07;Ukraine;50.83913, 33.14374
692108;Ivanove;Ivanove;Ivanove,Sverdlove,Sverdlovo,Іванове,Свердлове;P;PPL;UA;Ukraine;;17;5110;;;1560;37;30;Europe/Kyiv;2022-10-27;Ukraine;46.67688, 30.88484
692352;Studenok;Studenok;Studenok,Studеnоk,si tu jie nuo ke,Студенок,Ստուդենոկ,斯圖傑諾克;P;PPL;UA;Ukraine;;07;6304;;;1440;;77;Europe/Kyiv;2022-10-27;Ukraine;49.08888, 37.48999
692374;Striukove;Striukove;Striukove,Strjukove,Stryukove,Stryukovo,Стрюкове;P;PPL;UA;Ukraine;;17;5102;;;2066;21;25;Europe/Kyiv;2022-10-27;Ukraine;47.37546, 30.57588
692410;Strogonovka;Strogonovka;Mamak,Strogonivka,Strogonovka,Мама́к,Строгоновка,Строгонівка;P;PPL;UA;Ukraine;;11;0116;11152621;;3337;312;309;Europe/Simferopol;2022-10-27;Ukraine;44.9497, 34.17924
692561;Stepnoye;Stepnoye;Munij,Stepne,Stepnoe,Stepnoye,Муни́й,Степне,Степное;P;PPLA3;UA;Ukraine;;11;0112;11153019;;1461;47;44;Europe/Simferopol;2022-10-27;Ukraine;45.65212, 33.77441
692944;Stanislav;Stanislav;Stanislav,Stanislava,Stanislaw,Stanisław,Staņislava,Stаnіslаv,si tan ni si la fu,Станислав,Станіслав,სტანისლავი,斯坦尼斯拉夫;P;PPL;UA;Ukraine;;08;6510;;;4726;;40;Europe/Kyiv;2022-10-27;Ukraine;46.57309, 32.15001
693301;Sokal;Sokal;Sokal,Sokal',Sokal’,Сокаль;P;PPL;UA;Ukraine;;15;4612;;;20373;;198;Europe/Kyiv;2023-05-02;Ukraine;50.47438, 24.28288
694579;Simeikyne;Simeikyne;Semejkino,Semeykino,Semeykinskiy,Simeikine,Simeikyne,Simeikîne,Simejkine,Simejkyne,Simeykine,Simeykyne,Simeykıne,xi mei yi ji nei,Семейкино,Сімейкине,锡梅伊基内;P;PPL;UA;Ukraine;;14;4406;;;2493;;199;Europe/Kyiv;2022-12-13;Ukraine;48.32643, 39.53366
694590;Semenivka;Semenivka;Semenivka,Semenivka i Tsjernihiv oblast,Semeniwka,Semenovka,Seminovka,Semionovka,Semjonovka,Semyonovka,Semënovka,Ssemenowka,smnybqh,smnyfka,xie miao nuo fu ka,Семеновка,Семенівка,Семёновка,Սեմյոնովկա,סמניבקה,سمنیفکا,სემიონოვკა,謝苗諾夫卡;P;PPL;UA;Ukraine;;02;7406;;;7792;;160;Europe/Kyiv;2023-11-23;Ukraine;52.1786, 32.58181
694676;Selyshche;Selyshche;Selishche,Selishhe,Selishtya,Selistea,Seliștea,Selyshche,Селище;P;PPL;UA;Ukraine;;03;7304;;;1375;259;251;Europe/Kyiv;2022-10-27;Ukraine;48.49899, 27.08969
694812;Sarata;Sarata;Sarata,Sărata,sa la ta,sarata,Сарата,サラータ,薩拉塔;P;PPL;UA;Ukraine;;17;5104;;;4257;9;13;Europe/Kyiv;2023-03-07;Ukraine;46.02056, 29.66444
694889;Salkove;Salkove;Sal'kove,Sal'kovo,Salkove,Salkové,Салькове,Сальково;P;PPL;UA;Ukraine;;10;3502;;;1651;182;169;Europe/Kyiv;2022-10-27;Ukraine;48.25677, 29.98347
696426;Potelych;Potelych;Potelich,Potelych,Potylich,Potylicz,Потелич;P;PPL;UA;Ukraine;;15;4606;;;2500;258;265;Europe/Kyiv;2022-12-24;Ukraine;50.20804, 23.54674
696566;Popasna;Popasna;Imeni Kaganovicha,Imeni L.M. Kaganovicha,Kaganovich,Kaganowitsch,Popasna,Popasnaja,Popasnaya,Popasnyj,bo pa si na,pwpasna,Попасна,Попасная,Попасный,Պոպասնայա,پوپاسنا,პოპასნაია,波帕斯納;P;PPL;UA;Ukraine;;14;4412;;;19199;;243;Europe/Kyiv;2023-05-02;Ukraine;48.63328, 38.37804
696677;Polohy;Polohy;Pologi,Pologı,Polohi,Polohy,Polohî,Połohy,bo luo ji,pwlwhy,Пологи,Պոլոգի,פולוהי,پولوهی,პოლოგი,波洛吉;P;PPLA2;UA;Ukraine;;26;2310;;;18111;102;111;Europe/Kyiv;2023-01-23;Ukraine;47.47865, 36.25463
697450;Kurisove;Kurisove;Kurisove,Kurisovo,Petrivka,Petrovka,Petrovskoye,Курисово,Курісове,Петрівка;P;PPL;UA;Ukraine;;17;5102;;;3676;92;9;Europe/Kyiv;2023-03-31;Ukraine;46.96951, 30.95914
698347;Orzhiv;Orzhiv;Orjiv,Orschiw,Orzew,Orzhev,Orzhiv,Orzhyu,Orziv,Orživ,ao er ri fu,orutsuivu,Órzhiv,Оржев,Оржыў,Оржів,オルツィヴ,奥尔日夫,奧爾日夫;P;PPL;UA;Ukraine;;19;5606;;;3835;;175;Europe/Kyiv;2022-10-27;Ukraine;50.75227, 26.11907
698570;Olyshivka;Olyshivka;Alyshyuka,Olischewka,Olisevka,Olishevka,Olishivka,Olishëvka,Olisivka,Olychivka,Olyschiwka,Olyshivka,Olysivka,Olysziwka,Olyšivka,Olîșivka,Olışivka,Ołysziwka,ao li xi fu ka,orishifuka,Алышыўка,Олишевка,Олишивка,Олишівка,Օլիշևկա,オリーシフカ,奧利希夫卡;P;PPL;UA;Ukraine;;02;7410;;;1794;;118;Europe/Kyiv;2023-05-01;Ukraine;51.22266, 31.33314
698807;Obodivka;Obodivka;Obodivka,Obodovka,Obodovka Novaya,Ободовка,Ободівка;P;PPL;UA;Ukraine;;23;0504;;;3378;;177;Europe/Kyiv;2022-10-27;Ukraine;48.40063, 29.25588
698921;Novi Troyany;Novi Troyany;Novi Troiany,Novi Trojani,Novi Troïany,Novye Trojany,Nowi Trojany,Traian,Traianu-Nou,xin te luo ya ni,Нови Трояни,Новые Трояны,Нові Трояни,新特羅亞尼;P;PPL;UA;Ukraine;;17;5106;;;4234;138;114;Europe/Kyiv;2022-10-27;Ukraine;45.943, 28.85947
698927;Novi Sanzhary;Novi Sanzhary;Novi Sanjary,Novi Sanzhari,Novye Sanzhary,Новые Санжары,Нові Санжари;P;PPLA2;UA;Ukraine;;18;5308;;;8179;77;83;Europe/Kyiv;2022-10-27;Ukraine;49.33379, 34.31496
698976;Novozhilovka;Novozhilovka;Besharan-Otar,Novozhilivka,Novozhilovka,Бешара́н-Ота́р,Новожиловка,Новожилівка;P;PPLA3;UA;Ukraine;;11;0104;11152840;;1679;143;149;Europe/Simferopol;2022-10-27;Ukraine;45.1596, 34.2327
699121;Novosvitlivka;Novosvitlivka;Novosvetlovka,Novosvitlivka,Nowoswitliwka,xin si wei te li fu ka,Новосветловка,Новосвітлівка,新斯維特利夫卡;P;PPL;UA;Ukraine;;14;4406;;;3648;;53;Europe/Kyiv;2023-05-02;Ukraine;48.49285, 39.50699
699865;Nova Dofinivka;Nova Dofinivka;Dofinovka,Nova Dofinivka,Novaya Dofinivka,Novaya Dofinovka,Нова Дофінівка;P;PPL;UA;Ukraine;;17;5110;;;1344;21;19;Europe/Kyiv;2022-10-27;Ukraine;46.58, 30.90601
700371;Nedryhailiv;Nedryhailiv;Nedrigajliv,Nedrigajlov,Nedrigaylov,Nedryhailiv,Nedryhayliv,Недригайлов,Недригайлів;P;PPLA3;UA;Ukraine;;21;5906;;;5323;;127;Europe/Kyiv;2022-10-27;Ukraine;50.83398, 33.87626
700606;Murovani Kurylivtsi;Murovani Kurylivtsi;Mourovani Kourylivtsi,Murovani Kurilivci,Murovanye Kurilovcy,Мурованые Куриловцы,Муровані Курилівці;P;PPL;UA;Ukraine;;23;0508;;;5859;266;230;Europe/Kyiv;2023-11-23;Ukraine;48.71813, 27.53084
702090;Malyntsi;Malyntsi;Malinci,Malincy,Malinti,Malinți,Malyntsi,Малинцы,Малинці;P;PPL;UA;Ukraine;;03;7304;;;2240;207;293;Europe/Kyiv;2022-10-27;Ukraine;48.42686, 26.22601
702116;Malyn;Malyn;Malin,Malina,Malyn,Malynas,Malîn,Malın,ma lin,malini,malyn,Малин,Մալին,מאלין,مالین,მალინი,馬林;P;PPL;UA;Ukraine;;27;1806;;;25172;;161;Europe/Kyiv;2023-08-28;Ukraine;50.77233, 29.23833
702125;Maliyivka;Maliyivka;Malievka,Maliivka,Maliïvka,Малиевка,Маліївка;P;PPL;UA;Ukraine;;16;4802;;;1032;87;88;Europe/Kyiv;2022-10-27;Ukraine;47.48547, 32.73167
702658;Luhansk;Luhansk;Loehansk,Louchansk,Louhansk,Lugan'sk,Lugans'k,Lugansk,Luganskaj,Lugánsk,Luhans'k,Luhansk,Luhanska,Luhanskas,Luhansko,Luhanszk,Luhans’k,Lukhansk,Luqansk,VSG,Voroshilovgrad,Woroschilowgrad,lu gan si ke,luhansikeu,lwhansk,lwhnsq,ruhanshiku,Ługańsk,Łuhańsk,Λουχάνσκ,Ворошиловград,Луганск,Луганскай,Луганськ,Луганьск,Луханск,Луһанск,Լուգանսկ,לוהנסק,لوهانسك,لوهانسک,لوہانسک,ლუგანსკი,ルハーンシク,卢甘斯克,루한시크;P;PPLA;UA;Ukraine;;14;4406;;;397677;;69;Europe/Kyiv;2023-01-22;Ukraine;48.56952, 39.32857
702662;Lugovoye;Lugovoye;Agibel',Lugove,Lugovoe,Lugovoye,Агибель,Лугове,Луговое;P;PPLA3;UA;Ukraine;;11;0110;11128519;;906;;47;Europe/Simferopol;2022-10-27;Ukraine;45.23469, 35.72202
703061;Lymanske;Lymanske;Limans'ke,Limanskoe,Lymanske,Lymanské,Sel'ts,Sel’ts,Zel'ts,Zel'tsy,Zel’ts,Zel’tsy,Лиманское,Лиманське;P;PPL;UA;Ukraine;;17;5114;;;7119;11;12;Europe/Kyiv;2023-05-03;Ukraine;46.67952, 29.97231
703230;Leninskoye;Leninskoye;Lenins'ke,Leninskoe,Leninskoye,Petrovskoe,Ленинское,Ленінське,Петро́вское;P;PPLA3;UA;Ukraine;;11;0110;11128518;;1671;;37;Europe/Simferopol;2022-10-27;Ukraine;45.25373, 35.91969
703662;Kupka;Kupka;Cupca,Kupka,Купка;P;PPL;UA;Ukraine;;03;7306;;;2671;365;335;Europe/Kyiv;2022-10-27;Ukraine;48.04799, 25.78175
704049;Kryva Balka;Kryva Balka;Kriva Balka,Krivaja Balka,Kryva Balka,Крива Балка,Кривая Балка;P;PPL;UA;Ukraine;;16;4806;;;1489;39;45;Europe/Kyiv;2022-10-27;Ukraine;46.9582, 31.8103
704379;Krasnoyilsk;Krasnoyilsk;Crasna,Krasnoil's'k,Krasnoil'sk,Krasnoilsk,Krasnoïlsk,Красноильск,Красноїльськ;P;PPL;UA;Ukraine;;03;7306;;;10428;409;448;Europe/Kyiv;2022-10-27;Ukraine;48.01865, 25.56004
704508;Kramatorsk;Kramatorsk;Kramators'k,Kramatorsk,Kramatorska,Kramatorskaja,Kramatorskaya,Kramators’k,Краматорск,Краматорска,Краматорськ;P;PPLA2;UA;Ukraine;;05;1412;;;147145;;152;Europe/Kyiv;2023-01-23;Ukraine;48.73049, 37.58793
705425;Kolodeznoye;Kolodeznoye;Chongrav,Kolodeznoe,Kolodeznoye,Kolodjazne,Колодезное,Колодязне,Чонгра́в;P;PPLA3;UA;Ukraine;;11;0112;11152913;;997;105;110;Europe/Simferopol;2022-10-27;Ukraine;45.22682, 34.33698
705735;Kitsman;Kitsman;Cotman,Cozmeni,Kicman',Kitsman,Kotsman,Kotsmen,Kotzman,Кицмань,Кіцмань;P;PPLA2;UA;Ukraine;;03;7306;;;6229;232;257;Europe/Kyiv;2022-10-27;Ukraine;48.43867, 25.76111
705914;Khyriv;Khyriv;Chyriw,Chyrow,Chyrów,Hiriv,Hiriva,Hîriv,Hıriv,Khiriv,Khyriv,Khyrov,Khyruv,Kolo Chyrowa,Xirov,hei luo fu,hyrwb,khirovi,khyryf,Хирів,Хыров,Խիրով,חירוב,خیریف,ხიროვი,黑羅夫;P;PPL;UA;Ukraine;;15;4608;;;4104;;338;Europe/Kyiv;2023-05-02;Ukraine;49.53345, 22.85312
706016;Petrivka;Petrivka;Khutor-Petrovka,Petrivka,Petrovka,Петрівка;P;PPL;UA;Ukraine;;16;4806;;;1160;24;45;Europe/Kyiv;2022-10-27;Ukraine;46.99814, 31.76372
708181;Hrebinka;Hrebinka;Grebinka,Grebjonka,Hrebinka,Hrébinka,Tin',Гребёнка,Гребінка,Тінь;P;PPL;UA;Ukraine;;18;5304;;;10541;113;113;Europe/Kyiv;2023-05-05;Ukraine;50.12017, 32.42966
709354;Toretsk;Toretsk;Dserschynsk,Dzerzhins'k,Dzerzhinsk,Dzerzhyns'k,Dzerzhynsk,Dzerzinsk,Dzeržinsk,Imeni Dzerzhinskogo,Torec'k,Toreck,Toretsk,Torezk,Дзержинск,Дзержинськ,Торецк,Торецьк;P;PPL;UA;Ukraine;;05;1402;;;30914;;204;Europe/Kyiv;2023-06-12;Ukraine;48.39477, 37.8478
711130;Dolishniy Shepit;Dolishniy Shepit;Dolichnii Chepit,Dolichniï Chépit,Dolishnij Shepit,Dolishnij Shepot,Sipotele pe Siret,Șipotele pe Siret,Долишний Шепот,Долішній Шепіт;P;PPL;UA;Ukraine;;03;7302;;;1304;671;695;Europe/Kyiv;2022-10-27;Ukraine;48.00356, 25.28075
711337;Buda;Buda;Buda,Буда;P;PPL;UA;Ukraine;;03;7306;;;1452;185;179;Europe/Kyiv;2022-10-27;Ukraine;48.30839, 26.0269
712602;Bilky;Bilky;Belka,Belki,Bil'ki,Bilki,Bilky,Bil’ki,Белка,Білки;P;PPL;UA;Ukraine;;25;2112;;;8064;;172;Europe/Kyiv;2022-12-13;Ukraine;48.32629, 23.13811
712682;Bekhtery;Bekhtery;Bekhteri,Bekhtery,Бехтери;P;PPL;UA;Ukraine;;08;6508;;;2909;;4;Europe/Kyiv;2022-10-27;Ukraine;46.24924, 32.29527
712897;Balkivtsi;Balkivtsi;Balcauti,Balkivci,Balkivtsi,Balkovcy,Bălcăuți,Балковцы,Балківці;P;PPL;UA;Ukraine;;03;7304;;;1577;187;202;Europe/Kyiv;2022-10-27;Ukraine;48.35, 26.56667
713203;Armyansk;Armyansk;Armjans'k,Armjansk,Armyansk,Ermeni Bazar,Армянск,Армянськ;P;PPLA2;UA;Ukraine;;11;0114;;;24442;;16;Europe/Simferopol;2022-10-27;Ukraine;46.10919, 33.69206
713500;Ananyiv;Ananyiv;Anan'ev,Anan'iv,Ananiv,Ananjew,Ananïv,ʼnnyyb,Ананьев,Ананьїв,אננייב;P;PPL;UA;Ukraine;;17;5112;;;7789;83;79;Europe/Kyiv;2022-10-27;Ukraine;47.71975, 29.95711
713505;Amurskoye;Amurskoye;Alabash-Konrat,Amurs'ke,Amurskoe,Amurskoye,Алаба́ш-Конра́т,Амурское,Амурське;P;PPLA3;UA;Ukraine;;11;0112;11152908;;2687;91;92;Europe/Simferopol;2022-10-27;Ukraine;45.27822, 34.12823
713514;Alupka;Alupka;Aloupka,Alupk,Alupka,Alupko,Ałupka,a lu pu ka,alwbka,alwpka,Αλούπκα,Алупка,Алупко,Ալուպկա,آلوپکا,ألوبكا,ალუპკა,阿盧普卡;P;PPL;UA;Ukraine;;11;0120;;;8087;90;113;Europe/Simferopol;2023-04-30;Ukraine;44.41952, 34.04489
713686;Aleksandrovka;Aleksandrovka;Aleksandrovka,Bij-Akaj-Kemel'chi,Oleksandrivka,Александровка,Бий-Ака́й-Кемельчи́,Олександрівка;P;PPLA3;UA;Ukraine;;11;0112;11152907;;1301;32;32;Europe/Simferopol;2022-10-27;Ukraine;45.57654, 34.09947
713772;Aeroflotskiy;Aeroflotskiy;Aehroflotskij,Aeroflots'kij,Aeroflots'kyy,Aeroflotskiy,Aeroflots’kyy,Аерофлотський,Аэрофлотский;P;PPL;UA;Ukraine;;11;0116;;;1768;;204;Europe/Simferopol;2022-10-27;Ukraine;45.01816, 33.99961
6980613;Malen’koye;Malen'koye;Kichkine,Malen'ke,Malen'koe,Malen'koye,Malen’koye,Кичкине́,Маленьке,Маленькое;P;PPL;UA;Ukraine;;11;0116;11152586;;1546;164;164;Europe/Simferopol;2022-10-27;Ukraine;45.07585, 33.99942
7039996;Prudovoye;Prudovoye;Prudove,Prudovoe,Prudovoye,Прудове,Прудовое;P;PPL;UA;Ukraine;;11;0116;11152607;;1009;97;122;Europe/Simferopol;2022-10-27;Ukraine;44.90424, 33.78114
707898;Hulyaypole;Hulyaypole;Guljajpole,Houliaipole,Houliaïpolé,Huliaipole,Huljajpole,Гуляйполе;P;PPLA2;UA;Ukraine;;26;2310;;;13446;109;112;Europe/Kyiv;2022-12-19;Ukraine;47.66685, 36.25576
708320;Horodnia;Horodnia;Gorodnja,Gorodnya,Horodnia,Horodnya,Городня;P;PPL;UA;Ukraine;;02;7410;;;11506;;137;Europe/Kyiv;2023-05-02;Ukraine;51.89085, 31.59741
708366;Horodyshche;Horodyshche;Gorodishhe,Horodychtche,Horodychtché,Городище;P;PPLA2;UA;Ukraine;;01;7108;;;13609;124;125;Europe/Kyiv;2022-10-27;Ukraine;49.29114, 31.44035
710560;Kubey;Kubey;Chervonoarmiis'ke,Chervonoarmijs'ke,Cubei,Kubei,Kubej,Kubéï,qie er wo nuo a er mi xi ke,Кубей,Червоноармійське,切爾沃諾阿爾米西克;P;PPL;UA;Ukraine;;17;5106;;;6544;91;98;Europe/Kyiv;2022-10-27;Ukraine;45.79131, 28.74455
710755;Chernelytsia;Chernelytsia;Chernelicja,Czernelica,Tchernelytsia,Tchernélytsia,Чернелиця;P;PPL;UA;Ukraine;;06;2608;;;1533;282;324;Europe/Kyiv;2022-12-29;Ukraine;48.81302, 25.42682
687901;Zahnitkiv;Zahnitkiv;Zagnitkiv,Zagnitkov,Zahnitkiv,Загнитков,Загнітків;P;PPL;UA;Ukraine;;17;5112;;;3024;222;200;Europe/Kyiv;2022-10-27;Ukraine;48.04749, 28.88694
688689;Vysokopillya;Vysokopillya;Kronau,Visokopillja,Vysokopol'e,Vyssokopillia,Високопілля,Высокополье,Кронау;P;PPL;UA;Ukraine;;08;6502;;;4035;86;88;Europe/Kyiv;2023-01-20;Ukraine;47.4893, 33.53056
689106;Volovets;Volovets;Voloc,Volovec,Volovec',Volovets,Volóc,Wolowiec,Wołowiec,Воловец,Воловець;P;PPL;UA;Ukraine;;25;2104;;;5128;492;529;Europe/Kyiv;2023-01-19;Ukraine;48.7109, 23.1851
689194;Vilne;Vilne;Iserlia,Iserlija,Vil'ne,Vilne,Vilné,Vol'noe,Volnoe,Vyp'ne,Ісерлія,Волное,Вольное,Вільне,Վոլնոե;P;PPL;UA;Ukraine;;17;5106;;;1685;53;53;Europe/Kyiv;2022-10-27;Ukraine;45.98339, 29.04914
689487;Vyshneve;Vyshneve;Vishneve,Vishnevoe,Vishnevoye,Vishnjovoe,Vishnëvoye,Visneve,Visnyovoe,Višneve,Vychneve,Vyshneve,Vysjneve,Vysneve,Vyšneve,Vyšnevė,Vîșneve,Vışneve,Wyschnewe,Wysznewe,fyshnyfy,vishnevoe,wei shen nie wei,wyshnf,Вишневе,Вишневое,Вишнёвое,Վիշնյովոե,فيشنيفي,ویشنف,ვიშნევოე,維什涅韋;P;PPL;UA;Ukraine;;13;3208;;;42983;;176;Europe/Kyiv;2023-04-27;Ukraine;50.38913, 30.3705
689532;Vinogradovo;Vinogradovo;Boz-Oglu-Montanaj,Buzul-Montanaj,Vinogradove,Vinogradovo,Боз-Оглу́-Монтана́й,Бузул-Монтанай,Виноградове,Виноградово;P;PPLA3;UA;Ukraine;;11;0108;11153066;;881;82;84;Europe/Simferopol;2022-10-27;Ukraine;45.39264, 33.64668
689881;Verkhni Petrivtsi;Verkhni Petrivtsi;Patrautii de Sus,Pătrăuții de Sus,Verkhni Petrivci,Verkhni Petrivtsi,Verkhni Pétrivtsi,Verkhnie Petrovcy,Верхние Петровцы,Верхні Петрівці;P;PPL;UA;Ukraine;;03;7306;;;1610;371;393;Europe/Kyiv;2022-10-27;Ukraine;48.06657, 25.70473
689993;Verblyany;Verblyany;Verbljani,Verbljany,Verblyany,Verbyany,Vezhbyany,Wierzbiany,Вербляни,Вербляны;P;PPL;UA;Ukraine;;15;4614;;;2000;244;240;Europe/Kyiv;2022-10-27;Ukraine;50.04747, 23.42189
690080;Velykokomarivka;Velykokomarivka;Kassel',Kassel’,Kolkhoz Kassel',Kolkhoz Kassel’,Velikokomarivka,Velikokomarovka,Velykokomarivka,Великокомарівка;P;PPL;UA;Ukraine;;17;5114;;;1278;190;193;Europe/Kyiv;2022-10-27;Ukraine;47.08588, 29.6476
690648;Usatove;Usatove;Oussatove,Oussatové,Usataveh,Usatove,Usatovo,Usatowe,Ussatowe,Usаtоvе,wu sa tuo wei,Усатавэ,Усатове,Усатово,烏薩托韋;P;PPL;UA;Ukraine;;17;5110;;;8483;39;52;Europe/Kyiv;2022-10-27;Ukraine;46.52893, 30.64951
690822;Vuhlehirsk;Vuhlehirsk;Chazepetowka,Chazepetrovka,Khatsapetovka,Khatsepetovka,Uglegorsk,Vuglegirs'k,Vuhlehirs'k,Vuhlehirsk,Vuhlehirs’k,Вуглегірськ,Углегорск;P;PPL;UA;Ukraine;;05;1406;;;7294;;296;Europe/Kyiv;2023-05-03;Ukraine;48.31474, 38.27423
690967;Tur'i Remety;Tur'i Remety;Turyi Remety,Tur' i Remeti,Tur'i Remety,Tur'yanremety,Tur'yi Remety,Turi Remety,Tur’i Remety,Tur’yanremety,Tur”yi Remety,Тур’ ї Ремети;P;PPL;UA;Ukraine;;25;2110;;;3340;240;208;Europe/Kyiv;2022-12-13;Ukraine;48.7155, 22.59079
692881;Stara Nekrasivka;Stara Nekrasivka;Antigua Nekrasivka,Necrasovca-Veche,Stara Nekrasivka,Stara Nekrassivka,Stara Nekrassiwka,Stara Nékrassivka,Staraja Nekrasovka,Staraya Nekrasovka,jiu nie ke la xi fu ka,Стара Некрасивка,Стара Некрасівка,Старая Некрасовка,Ստարայա Նեկրասովկա,舊涅克拉西夫卡;P;PPL;UA;Ukraine;;17;5108;;;3050;14;13;Europe/Kyiv;2022-10-27;Ukraine;45.33721, 28.92322
693588;Slavnoye;Slavnoye;Bakal Tatarskij,Slavne,Slavnoe,Slavnoye,Бака́л Тата́рский,Славне,Славное;P;PPLA3;UA;Ukraine;;11;0114;11153039;;914;8;12;Europe/Simferopol;2022-10-27;Ukraine;45.72176, 33.23689
693760;Syniukhyn Brid;Syniukhyn Brid;Sinjukhin Brid,Sinjukhin Brod,Sinyukhin Brod,Sinyushin-Brod,Synioukhyn Brid,Syniukhyn Brid,Synyukhyn Brid,Синюхин Брод,Синюхин Брід;P;PPL;UA;Ukraine;;16;4808;;;1708;99;99;Europe/Kyiv;2022-10-27;Ukraine;48.14431, 30.82103
694320;Shchebetovka;Shchebetovka;Otus,Otuz,Otuzy,Scebetovka,Scebetovko,Shchebetovka,Shchehbehtouka,Shebetovka,Shhebetovka,xie bie tuo fu ka,Ŝĉebetovko,Șcebetovka,Шчэбэтоўка,Щебетовка,Շչեբետովկա,謝別托夫卡;P;PPL;UA;Ukraine;;11;0118;;;3442;79;77;Europe/Simferopol;2022-10-27;Ukraine;44.93845, 35.15834
694333;Shatsk;Shatsk;Shac'k,Shats'k,Shatsk,Shats’k,Szack,Шатск,Шатськ,Шацьк;P;PPL;UA;Ukraine;;24;0706;;;5266;;167;Europe/Kyiv;2022-10-27;Ukraine;51.50208, 23.93806
694427;Serpneve;Serpneve;Leipzig,Ljajpcig,Sehrpnehveh,Serpneve,Serpnevi,Serpnevoe,Serpnewe,Serpnévé,xie er pu nie wei,Ляйпціґ,Серпневе,Серпневи,Серпневое,Сэрпнэвэ,謝爾普涅韋;P;PPL;UA;Ukraine;;17;5106;;;1774;52;52;Europe/Kyiv;2022-10-27;Ukraine;46.30452, 29.01519
696108;Pryluky;Pryluky;Priluki,Pryluki,Pryluky,Pryłuki,Прилуки;P;PPLA2;UA;Ukraine;;02;7408;;;52553;;127;Europe/Kyiv;2023-01-23;Ukraine;50.59323, 32.38761
696283;Prymors’ke;Prymors'ke;Jibrieni,Primors'ke,Primorskoe,Prymorske,Prymorské,Zhebrijani,Zhebrijany,pu li mo er xi ke,Жебрияны,Жебріяни,Приморское,Приморське,普里莫爾西克;P;PPL;UA;Ukraine;;17;5108;;;1612;2;2;Europe/Kyiv;2022-10-27;Ukraine;45.51761, 29.60528
696292;Prymorsk;Prymorsk;Nogaisk,Nogajs'k,Nogaïsk,Obitochne,Obitotchne,Obitotchné,Primors'k,Primorsk,Prymorsk,Ногайськ,Обіточне,Приморск,Приморськ;P;PPL;UA;Ukraine;;26;2302;;;11157;5;12;Europe/Kyiv;2023-05-02;Ukraine;46.73415, 36.34599
696743;Pokotylivka;Pokotylivka;Pakatyliuka,Pokatilovka,Pokotilivka,Pokotilovka,Pokotylivka,Pokotyliwka,Pokotılivka,bo ke di li fu ka,Пакатыліўка,Покотиловка,Покотилівка,Պոկոտիլովկա,波科蒂利夫卡;P;PPL;UA;Ukraine;;07;6312;;;9962;;153;Europe/Kyiv;2022-10-27;Ukraine;49.91343, 36.17511
697018;Pobuzke;Pobuzke;Pobouzke,Pobouzké,Pobugskoe,Pobuz'ke,Побугское,Побузьке;P;PPL;UA;Ukraine;;10;3502;;;5897;149;124;Europe/Kyiv;2022-10-27;Ukraine;48.1595, 30.59247
697038;Pniv;Pniv;Pnev,Pniow,Pniv,Pniw,Pniów,Pnyuv,Pnіv,pu ni fu,Пнев,Пнів,普尼夫;P;PPL;UA;Ukraine;;06;2612;;;4443;;452;Europe/Kyiv;2022-10-27;Ukraine;48.61487, 24.52783
697273;Petrivske;Petrivske;Petrivs'ke,Petrivske,Petrivs’ke,Petrovskaya,Petrovskoe,Petrovskoye,Петровское,Петрівське;P;PPL;UA;Ukraine;;07;6304;;;3275;;72;Europe/Kyiv;2022-10-27;Ukraine;49.17421, 36.89548
697537;Pishchanka;Pishchanka;Peschanka,Pichtchanka,Pisceanka,Pishhanka,Pișceanka,Песчанка,Піщанка;P;PPL;UA;Ukraine;;23;0510;;;5311;232;263;Europe/Kyiv;2023-01-19;Ukraine;48.21249, 28.88056
697543;Pischchana;Pischchana;Pichtchanka,Pishhana,Піщана;P;PPL;UA;Ukraine;;17;5112;;;3234;115;114;Europe/Kyiv;2022-10-27;Ukraine;48.12918, 29.73086
697614;Pershotravneve;Pershotravneve;Gasan-Aspag,Hasanaspaga,Khasan-Aspaga,Pershotravneve,Pershotravnevoye,Pervomayskoye,Першотравневе;P;PPL;UA;Ukraine;;17;5108;;;2046;17;16;Europe/Kyiv;2022-10-27;Ukraine;45.48168, 29.04623
697741;Perehinske;Perehinske;Pehrehginskeh,Peregins'ke,Pereginske,Pereginskoe,Perehinske,Perehinsko,Perehińsko,Péréhinské,pei lei xin si kai,prhynsqh,prhynsqw,Перегинское,Перегінське,Пэрэгінскэ,פרהינסקה,פרהינסקו,佩雷欣斯凯;P;PPL;UA;Ukraine;;06;2606;;;12681;466;479;Europe/Kyiv;2023-05-01;Ukraine;48.81118, 24.19196
697817;Pavlysh;Pavlysh;Pavlish,Pavlych,Pavlysh,Павлиш,Павлыш;P;PPL;UA;Ukraine;;10;3508;;;4632;103;103;Europe/Kyiv;2022-10-27;Ukraine;48.92301, 33.36076
697953;Parutyne;Parutyne;Il'inskoye,Ol'vija,Olbia du Pont,Olvia Pontiki,Paroutyne,Paroutyné,Parutine,Parutino,Parutyne,Parutîne,Pаrutynе,pa lu ji nie,Ольвія,Парутине,Парутино,Պարուտինո,Ὀλβία Ποντική,帕魯季涅;P;PPL;UA;Ukraine;;16;4806;;;1996;24;28;Europe/Kyiv;2022-10-27;Ukraine;46.70538, 31.89709
698008;Pantayivka;Pantayivka;Pantaevka,Pantaivka,Pantaïvka,Пантаевка,Пантаївка;P;PPL;UA;Ukraine;;10;3508;;;2633;182;185;Europe/Kyiv;2022-10-27;Ukraine;48.67691, 32.89802
698110;Ozerna;Ozerna;Jezierna,Ozerna,Ozernaja,Ozernaya,Ozernyani,Ozernyany,Ozërnaya,Yezerna,Озерна,Озерная;P;PPL;UA;Ukraine;;22;6104;;;3451;;351;Europe/Kyiv;2022-12-23;Ukraine;49.62826, 25.33029
698204;Ostrivne;Ostrivne;Cotul Chitaiului,Kodkitay,Kodnitay,Kotu Kitaguluy,Kotul-Kitayuluy,Ostrivne,Ostrovnoye,Острівне;P;PPL;UA;Ukraine;;17;5108;;;1306;8;11;Europe/Kyiv;2022-10-27;Ukraine;45.76031, 29.15348
698523;Vilshanka;Vilshanka;Ol'shanka,Vil'shanka,Vilchanka,Вільшанка,Ольшанка;P;PPLA2;UA;Ukraine;;10;3502;;;4596;93;92;Europe/Kyiv;2022-10-27;Ukraine;48.23421, 30.87285
699341;Novopetrivske;Novopetrivske;Novopetrivs'ke,Novopetrivske,Novopetrovskoe,Novopétrivské,Новопетровское,Новопетрівське;P;PPL;UA;Ukraine;;16;4806;;;2369;29;35;Europe/Kyiv;2022-10-27;Ukraine;47.21275, 31.80568
699347;Novopetrivka;Novopetrivka;Novo-Petrovka Pervaya,Novopetrivka,Novopetrovka,Novopetrovskoye,Новопетрівка;P;PPL;UA;Ukraine;;17;5114;;;2091;29;24;Europe/Kyiv;2022-10-27;Ukraine;47.03498, 29.88667
699427;Novomykolaivka;Novomykolaivka;Novomikolaivka,Novomykolaivka,Novomykolayivka,Novonikolayevka,Новомиколаївка;P;PPL;UA;Ukraine;;16;4806;;;1161;51;50;Europe/Kyiv;2022-10-27;Ukraine;46.96608, 32.3587
699583;Novogrigoryevka;Novogrigoryevka;Novogrigor'evka,Novogrigorivka,Novogrigoryevka,Новогригорьевка,Новогригорівка;P;PPLA3;UA;Ukraine;;11;0104;11152975;;1002;26;29;Europe/Simferopol;2022-10-27;Ukraine;45.452, 34.60378
699901;Lashkivka;Lashkivka;Lachkivka,Laschiuca,Lashkivka,Lashkovka,Lașchiuca,Лашковка,Лашківка;P;PPL;UA;Ukraine;;03;7306;;;1643;244;194;Europe/Kyiv;2022-10-27;Ukraine;48.41667, 25.78333
699933;Nyzy;Nyzy;Nizi,Nizy,Nysy,Nyzy,Nîzî,Nızı,ni ji,Низи,Низы,Нызы,Նիզի,尼濟;P;PPL;UA;Ukraine;;21;5908;;;2819;;126;Europe/Kyiv;2022-10-27;Ukraine;50.78281, 34.78441
700160;Mykolayivka;Mykolayivka;Ganskoye,Mikolaivka,Mykolaivka,Mykolaïvka,Миколаївка;P;PPL;UA;Ukraine;;17;5102;;;1423;56;66;Europe/Kyiv;2022-10-27;Ukraine;47.53673, 30.24611
700175;Mykolaivka;Mykolaivka;Kalagleya,Mikolaivka,Mykolaivka,Mykolayivka,Nikolayevka,Миколаївка;P;PPL;UA;Ukraine;;17;5110;;;1448;32;40;Europe/Kyiv;2022-10-27;Ukraine;46.30549, 30.33226
700271;Nestoita;Nestoita;Nestoita,Nestoyita,Нестоїта;P;PPL;UA;Ukraine;;17;5112;;;1698;138;123;Europe/Kyiv;2022-10-27;Ukraine;47.76793, 29.3511
700509;Nadrichne;Nadrichne;Cioara Murza,Nadrechnoe,Nadrichne,Nadritchne,Nadritchné,na de li qi nie,Надречное,Надрічне,納德里奇涅;P;PPL;UA;Ukraine;;17;5106;;;1493;80;79;Europe/Kyiv;2022-10-27;Ukraine;46.3703, 29.10606
700918;Mohyliv-Podilskyy;Mohyliv-Podilskyy;Moghilau,Moghilău,Mogiliv-Podil's'kij,Mogiliv-Podilski,Mogiljov-Podol'skij,Mohiljiv-Podiljski,Mohyliv-Podilskyi,Mohyliv-Podilskyï,Mohyliw-Podilskyj,Mohylow Podolski,Mohylów Podolski,mwgylb,mwhylyb-pwdylsqy,mʼhylʻww,Могилёв-Подольский,Могилів-Подільський,Могиљив-Подиљски,מאהילעװ,מוגילב,מוהיליב-פודילסקי;P;PPLA2;UA;Ukraine;;23;0508;;;30589;79;66;Europe/Kyiv;2023-06-16;Ukraine;48.44278, 27.79975
701242;Mikhaylovka;Mikhaylovka;Karamin,Mikhajlivka,Mikhajlovka,Mikhaylovka,Карами́н,Михайловка,Михайлівка;P;PPLA3;UA;Ukraine;;11;0104;11152974;;2241;26;25;Europe/Simferopol;2022-10-27;Ukraine;45.52838, 34.64058
701845;Mar'yinka;Mar'yinka;Maryinka,Mar'inka,Mareyka,Mariinka,Marinka,Marjinka,Mar’inka,Mar”yinka,Màrinka,ma lin ka,marinkʼa,maryynka  awkrayn,Марьинка,Мар’інка,Мар’їнка,مارئینکا، اوکراین,მარინკა,馬林卡,马林卡;P;PPL;UA;Ukraine;;05;1416;;;9089;;139;Europe/Kyiv;2023-05-03;Ukraine;47.94527, 37.50544
702072;Malokaterynivka;Malokaterynivka;Krasnokutivka,Malokaterinivka,Malokaterinovka,Malokaterynivka,Malokatérynivka,Краснокутівка,Малокатериновка,Малокатеринівка;P;PPL;UA;Ukraine;;26;2306;;;3320;45;52;Europe/Kyiv;2022-12-13;Ukraine;47.6557, 35.25733
702149;Stantsiyne;Stantsiyne;Stancijne,Stancionnoe,Stantsiine,Stantsiïné,Станционное,Станційне;P;PPL;UA;Ukraine;;16;4802;;;1532;93;102;Europe/Kyiv;2022-10-27;Ukraine;47.68615, 32.57261
703120;Livyntsi;Livyntsi;Levincy,Levinti,Levinți,Livinci,Livyntsi,Левинцы,Лівинці;P;PPL;UA;Ukraine;;03;7304;;;1452;185;198;Europe/Kyiv;2022-10-27;Ukraine;48.4085, 26.61002
703229;Leninskoye;Leninskoye;Kir-Bajljar,Lenindorf,Lenins'ke,Leninskoe,Leninskoye,Кир-Байляр,Лениндо́рф,Ленинское,Ленінське;P;PPLA3;UA;Ukraine;;11;0112;11152919;;1725;89;87;Europe/Simferopol;2022-10-27;Ukraine;45.26844, 34.05023
703922;Krutenky;Krutenky;Dinautsi,Kruten'ki,Krutenky,Kruten’ki,Tulburen',Tulbureni,Tulburen’,Крутеньки;P;PPL;UA;Ukraine;;03;7304;;;1070;192;192;Europe/Kyiv;2022-10-27;Ukraine;48.37264, 26.5479
704422;Pokrovsk;Pokrovsk;Grishino,Krasnoarmejsk,Krasnoarmeysk,Krasnoarmeyskoye,Krasnoarmiisk,Krasnoarmijs'k,Krasnoarmiys'k,Krassnoarmeiskoje,Pokrovs'k,Pokrovsk,Pokrowsk,Красноармейск,Красноармійськ,Покровск,Покровськ;P;PPLA2;UA;Ukraine;;05;1416;;;60127;;204;Europe/Kyiv;2024-02-08;Ukraine;48.2824, 37.17772
704665;Horbova;Horbova;Gorbova,Horbova,Горбова;P;PPL;UA;Ukraine;;03;7306;;;2969;155;162;Europe/Kyiv;2022-10-27;Ukraine;48.2, 26.16667
705235;Komarivtsi;Komarivtsi;Komareshti,Komarivci,Komarivtsi,Komarovtsi,Komarovtsy,Комарівці;P;PPL;UA;Ukraine;;03;7306;;;1610;374;375;Europe/Kyiv;2022-10-27;Ukraine;48.19862, 25.57956
705301;Koloski;Koloski;Koloski,Oraz,Колоски,Ора́з;P;PPL;UA;Ukraine;;11;0108;11153104;;1116;36;38;Europe/Simferopol;2022-10-27;Ukraine;45.26936, 33.29386
706232;Khotiv;Khotiv;Khotiv,Khotov,Хотов,Хотів;P;PPL;UA;Ukraine;;13;3212;;;4569;;128;Europe/Kyiv;2022-10-27;Ukraine;50.33069, 30.46836
706244;Khotyn;Khotyn;Chocim,Chocimi csata,Chotyn,Hotin,Khotin,Khotyn,hotin,huo jing,hwtyn,khwtyn,Ĥotin,Хотин,חוטין,خوتين,خوتین,霍京,호틴;P;PPL;UA;Ukraine;;03;7304;;;8936;244;247;Europe/Kyiv;2023-05-03;Ukraine;48.50555, 26.48978
707744;Ichnia;Ichnia;Ichnia,Ichnja,Ichnya,Itschnja,Malaya Ichnya,Ічня,Ичня;P;PPL;UA;Ukraine;;02;7408;;;10390;;155;Europe/Kyiv;2023-05-01;Ukraine;50.86258, 32.39425
709270;Eskhar;Eskhar;Ehskhar,Eschar,Eshar,Esjar,Eskhar,Esxar,Exsar,ai si ha er,askhar,askhar  mhafzt kharkwf,Ésjar,Εσχάρ,Есхар,Эсхар,Էսխար,إسخار، محافظة خاركوف,اسخار,埃斯哈尔,埃斯哈爾;P;PPL;UA;Ukraine;;07;6314;;;5349;;105;Europe/Kyiv;2022-10-27;Ukraine;49.79736, 36.59025
709909;Dobromyl;Dobromyl;Dobromil',Dobromil’,Dobromyl,Dobromyl',Dobromyl’,Добромиль;P;PPL;UA;Ukraine;;15;4608;;;4537;;298;Europe/Kyiv;2022-10-27;Ukraine;49.57086, 22.78666
710041;Dykanka;Dykanka;Dikan'ka,Dykanka,Диканька;P;PPLA2;UA;Ukraine;;18;5308;;;7662;155;170;Europe/Kyiv;2022-10-27;Ukraine;49.82586, 34.522
710243;Davydivka;Davydivka;Davideni,Davidino,Davidivka,Davidovka,Davydivka,Davydovka,Давидівка,Давыдовка;P;PPL;UA;Ukraine;;03;7306;;;3344;432;425;Europe/Kyiv;2022-10-27;Ukraine;48.13802, 25.54683
710460;Chunkiv;Chunkiv;Chun'kiv,Chun'kov,Cincau,Cincău,Tchounkiv,Чуньков,Чуньків;P;PPL;UA;Ukraine;;03;7306;;;1414;235;221;Europe/Kyiv;2022-10-27;Ukraine;48.59251, 25.81858
710653;Chornianka;Chornianka;Chernen'ka,Chernen’ka,Chernjanka,Chernyanka,Chornianka,Chornjanka,Chornyanka,Чернянка,Чорнянка;P;PPL;UA;Ukraine;;08;6506;;;3363;;12;Europe/Kyiv;2022-10-27;Ukraine;46.65175, 33.35964
710719;Chernivtsi;Chernivtsi;CWC,Cernauti,Cernivci,Cernivciai,Cernivco,Cernivtsi,Cernovci,Cernovice,Cernăuţi,Cernăuți,Charnaucy,Chernivci,Chernivtsi,Chernovci,Chernovcy,Chernovits,Chernovitsy,Chernovsi,Chernovtsy,Csernyivci,Czerniowce,Czernovicum,Czernowitz,Tchernivtsi,Tjernivtsi,Tschernowitz,Tsernivtsi,Tsjernivtsi,Txernivtsi,Txernivtsí,Tšernivtsi,cheleuniuchi,chernovtsi,cheruniutsui,chrnywtsy,chyrnywtsy,qie er nuo fu ce,zrnwbyz,Çernivtsi,Çernivtsı,Ĉernivco,Černivci,Černivciai,Černovci,Černovice,Čerņivci,Чарнаўцы,Чернивци,Черновци,Черновцы,Чернівці,Чернівцї,Չեռնովցի,טשערנאוויץ,צרנוביץ,چرنیوتسی,چیرنیوتسی,ჩერნოვცი,チェルニウツィー,切爾諾夫策,체르니우치;P;PPLA;UA;Ukraine;;03;7306;;;265471;;260;Europe/Kyiv;2023-01-22;Ukraine;48.29045, 25.93241
711221;Vesnyane;Vesnyane;Vesniane,Vesniané,Vesnjane,Vesnjanoe,Весняне,Весняное;P;PPL;UA;Ukraine;;16;4806;;;1393;55;55;Europe/Kyiv;2022-10-27;Ukraine;46.97783, 31.88733
711637;Borodino;Borodino;Baradzino,Borodino,Borodinó,bo luo di nuo,Барадзіно,Бородино,Бородіно,博罗迪诺;P;PPL;UA;Ukraine;;17;5106;;;1545;56;56;Europe/Kyiv;2022-10-27;Ukraine;46.30239, 29.23965
712212;Shchaslyve;Shchaslyve;Chtchaslyve,Chtchaslyvé,Schastlivoe,Shhaslive,Счастливое,Щасливе;P;PPL;UA;Ukraine;;16;4806;;;1067;52;54;Europe/Kyiv;2022-10-27;Ukraine;46.90641, 31.47411
713658;Oleksandrivka;Oleksandrivka;Aleksandrovka,Oleksandrivka,Александровка,Олександрівка;P;PPL;UA;Ukraine;;16;4804;;;5200;29;24;Europe/Kyiv;2022-10-27;Ukraine;47.69009, 31.27756
7018913;Nekrasovo;Nekrasovo;Bol'shevik,Nekrasove,Nekrasovo,Большевик,Некрасове,Некрасово;P;PPL;UA;Ukraine;;11;0112;11152927;;1026;49;49;Europe/Simferopol;2022-10-27;Ukraine;45.42453, 34.28545
7021000;Suvorovo;Suvorovo;Suvorove,Suvorovo,Суворове,Суворово;P;PPL;UA;Ukraine;;11;0114;;;1357;10;9;Europe/Simferopol;2022-10-27;Ukraine;46.08865, 33.688
7037694;Chervonoye;Chervonoye;Chervone,Chervonnoe,Chervonoye,Червоне,Червонное;P;PPL;UA;Ukraine;;11;0108;11153101;;2007;26;22;Europe/Simferopol;2022-10-27;Ukraine;45.12294, 33.68662
7303923;Stepove;Stepove;Stepove,Stepovoe,Stépové,Степове,Степовое;P;PPL;UA;Ukraine;;17;5114;;;1549;53;53;Europe/Kyiv;2022-10-27;Ukraine;46.70385, 30.07919
8504665;Motovylivka;Motovylivka;Chernecha Motovilivka,Chervona Motovilivka,Kazenna Motovilivka,Malaja Motovilovka,Motovilivka,Motovilovka,Казенна Мотовилівка,Малая Мотовиловка,Мотовиловка,Мотовилівка,Червона Мотовилівка,Чернеча Мотовилівка;P;PPL;UA;Ukraine;;13;3214;;;3499;;184;Europe/Kyiv;2023-03-31;Ukraine;50.15821, 30.07421
9983651;Lativka;Lativka;Kotovka,Lativka,Котовка,Латівка;P;PPL;UA;Ukraine;;17;5110;;;2600;30;31;Europe/Kyiv;2022-10-27;Ukraine;46.56555, 30.71518
11497259;Smotrych;Smotrych;Smotrich,Tatariski,Смотрич,Татариски;P;PPL;UA;Ukraine;;09;6802;;;1254;;213;Europe/Kyiv;2022-10-27;Ukraine;48.66149, 26.56031
11817987;Tarasivtsi;Tarasivtsi;Tarasauti,Tarasivci,Tarasovcy,Tarassivtsi,Tărăsăuți,Тарасовцы,Тарасівці;P;PPL;UA;Ukraine;;03;7306;;;5330;127;129;Europe/Kyiv;2022-10-27;Ukraine;48.20557, 26.36444
710815;Chereshenka;Chereshenka;Chereshen'ka,Chereshenka,Chereshnov,Chireshel',Chireshel’,Черешенька;P;PPL;UA;Ukraine;;03;7302;;;1084;441;448;Europe/Kyiv;2022-10-27;Ukraine;48.21901, 25.27199
712131;Krynychne;Krynychne;Biriukove,Birjukove,Birjukovo,Birjukowo,Birukove,Biryukove,Biryukovka,Biryukovo,Krinichnaya,Krinichne,Krynychne,Бирюково,Бірюкове,Криничне;P;PPL;UA;Ukraine;;14;4404;;;3951;;204;Europe/Kyiv;2023-05-01;Ukraine;47.95631, 39.73843
712260;Beryslav;Beryslav;Berislav,Beryslav,Beryslavas,Beryslaw,Berysław,Berîslav,Berıslav,Béryslav,Kazikermen,Vitovtova mitnicja,bei li si la fu,berislavi,bryslaf,byryslaf,Берислав,Вітовтова митниця,Казикермен,Բերիսլավ,بریسلاف,بيريسلاف,ბერისლავი,貝里斯拉夫;P;PPLA2;UA;Ukraine;;08;6502;;;12417;45;34;Europe/Kyiv;2022-10-27;Ukraine;46.83851, 33.42664
712794;Barvinkove;Barvinkove;Barvenkova,Barvenkovo,Barvinkove,Barvinkovė,Barvynkove,Barwenkowa,Barwinkowe,ba wen ke fu,barfynkwfy,barwynkwfh,Барвенково,Барвинкове,Барвінкове,Բարվենկովո,بارفينكوفي,باروینکوفه,ბარვენკოვო,巴文科伏;P;PPL;UA;Ukraine;;07;6304;;;7840;;89;Europe/Kyiv;2023-05-01;Ukraine;48.90595, 37.02278
864933;Smyha;Smyha;Smiga,Smyga,Smyha,Смига,Смыга;P;PPL;UA;Ukraine;;19;5604;;;2800;;225;Europe/Kyiv;2022-10-27;Ukraine;50.2391, 25.76575
687065;Blahodatne;Blahodatne;Biliche,Bilicze,Blagodatne,Blahodatne,Vilichi,Zhovtneve,Zhovtnevoye,Благодатне,Жовтневе;P;PPL;UA;Ukraine;;24;0702;;;4652;;214;Europe/Kyiv;2022-10-27;Ukraine;50.66365, 24.24918
687284;Zernovoye;Zernovoye;Jakubovka,Zernove,Zernovoe,Zernovoye,Зернове,Зерновое,Яку́бовка;P;PPLA3;UA;Ukraine;;11;0112;11153115;;1023;76;76;Europe/Simferopol;2022-10-27;Ukraine;45.32364, 34.48099
687519;Zavet-Leninskiy;Zavet-Leninskiy;Kuchuk-Alkaly,Zavet-Leninskij,Zavet-Leninskiy,Zavit-Lenins'kij,Завет-Ленинский,Завіт-Ленінський,Кучу́к-Алкалы́;P;PPLA3;UA;Ukraine;;11;0106;11152847;;2222;6;5;Europe/Simferopol;2022-10-27;Ukraine;45.86258, 34.3916
687826;Zalishchyky;Zalishchyky;Zaleshhiki,Zaleszczyki,Zalichchyky,Zalisciiki,Zalishhiki,Zalișciîkî,Залещики,Заліщики;P;PPL;UA;Ukraine;;22;6106;;;8928;160;172;Europe/Kyiv;2023-05-01;Ukraine;48.64098, 25.7317
688449;Yarkoye;Yarkoye;Bij-Su-Kovche,Jarke,Jarkoe,Yarkoye,Бий-Су-Ковче́,Ярке,Яркое;P;PPLA3;UA;Ukraine;;11;0106;11152869;;1807;31;30;Europe/Simferopol;2022-10-27;Ukraine;45.6912, 34.26323
688903;Voykovo;Voykovo;Ajbar,Vojkove,Vojkovo,Voykovo,Айба́р,Войкове,Войково;P;PPLA3;UA;Ukraine;;11;0112;11152993;;1694;44;44;Europe/Simferopol;2022-10-27;Ukraine;45.51222, 33.87482
689497;Vishnyovka;Vishnyovka;Tarkhan,Vishnivka,Vishnjovka,Vishnyovka,Вишнёвка,Вишнівка,Тарха́н;P;PPLA3;UA;Ukraine;;11;0114;11152947;;995;5;4;Europe/Simferopol;2022-10-27;Ukraine;45.95966, 33.95289
689584;Vilnyansk;Vilnyansk;Chervonoarmijs'ke,Chervonoarmiyske,Krasnoarmijs'ke,Krasnoarmiyske,Sofiivka,Sofiyivka,Vil'njans'k,Viljnjansk,Villniansk,Vilniansk,Vol'njansk,Wilnjansk,Вольнянск,Вільнянськ,Красноармійське,Софіївка,Червоноармійське;P;PPLA2;UA;Ukraine;;26;2306;;;15044;149;148;Europe/Kyiv;2022-12-19;Ukraine;47.94768, 35.44034
690520;Valyava;Valyava;Valeva,Valiava,Valjava,Валява;P;PPL;UA;Ukraine;;03;7306;;;1521;249;235;Europe/Kyiv;2022-10-27;Ukraine;48.43491, 25.84069
690789;Ukrainka;Ukrainka;Kurtsy,Ukrainka,Ukrayinka,Українка;P;PPL;UA;Ukraine;;11;0116;11152617;;2539;344;361;Europe/Simferopol;2022-10-27;Ukraine;44.8865, 34.1407
690804;Uhryniv;Uhryniv;Dolishniy Uhryniv,Gorishnyy Ugrinov,Ugriniv,Ugrinov,Ugryniv,Ugrynov-Gurny,Uhryniv,Угринів;P;PPL;UA;Ukraine;;06;2604;;;3090;;265;Europe/Kyiv;2022-10-27;Ukraine;48.9552, 24.69292
690931;Turiatka;Turiatka;Tureatca,Turiatka,Turjatka,Turyatka,Турятка;P;PPL;UA;Ukraine;;03;7306;;;1908;368;363;Europe/Kyiv;2022-10-27;Ukraine;48.04474, 26.14471
691919;Tankovoye;Tankovoye;Bijuk-Sjuren',Tankove,Tankovoe,Tankovoye,Бию́к-Сюре́нь,Танкове,Танковое;P;PPL;UA;Ukraine;;11;0102;11152817;;1639;129;150;Europe/Simferopol;2022-10-27;Ukraine;44.65829, 33.80929
692016;Svyatogorsk;Svyatogorsk;Banno-Tat'yanovka,Banno-Tat’yanovka,Bannovskiy,Bannovskoye,Slavyanogorsk,Slovyanohirs'k,Slov”yanohirs’k,Sviatohirsk,Svjatogirs'k,Svjatogorsk,Svyatogorsk,Svyatohirsk,Святогорск,Святогірськ;P;PPL;UA;Ukraine;;05;1412;;;4309;;69;Europe/Kyiv;2022-10-27;Ukraine;49.04101, 37.57194
692416;Stryzhavka;Stryzhavka;Strizhavka,Stryjavka,Стрижавка;P;PPL;UA;Ukraine;;23;0502;;;9165;234;249;Europe/Kyiv;2022-10-27;Ukraine;49.30955, 28.47208
692742;Stari Kuty;Stari Kuty;Kuty Stare,Kuty Stary,Kuty Staryye,Stari Kuti,Stari Kuty,Staryye Kuty,Старі Кути;P;PPL;UA;Ukraine;;06;2610;;;5068;;381;Europe/Kyiv;2022-10-27;Ukraine;48.27943, 25.163
692866;Stara Syniava;Stara Syniava;Stara Sieniawa,Stara Sinjava,Stara Syniava,Staraja Sinjava,Стара Синява,Старая Синява;P;PPLA2;UA;Ukraine;;09;6804;;;5311;267;272;Europe/Kyiv;2022-12-26;Ukraine;49.59709, 27.615
693598;Slatyne;Slatyne;Kuliki,Poselok Slatino,Posëlok Slatino,Slatine,Slatino,Slatiné,Slatyne,Slatyneh,Slatıne,Słatyne,si la di nei,Σλάτινε,Слатине,Слатино,Слатынэ,Սլատինո,斯拉蒂内;P;PPL;UA;Ukraine;;07;6312;;;6544;;132;Europe/Kyiv;2022-10-27;Ukraine;50.21041, 36.15376
694526;Sentianivka;Sentianivka;Frounze,Frunse,Frunze,Sentianiwka,Sentjanivka,Sentjaniwka,Sentjanovka,Sentyanivka,Sentyanovka,Taisivka,fu lun ze,Сентяновка,Сентянівка,Таїсівка,Фрунзе,弗倫澤;P;PPL;UA;Ukraine;;14;4402;;;3140;;81;Europe/Kyiv;2023-05-01;Ukraine;48.66972, 38.75028
694910;Saki;Saki;Sakai,Saki,Sako,Saky,Sakî,Sakõ,Saq,Szaki,sa ji,Σάκι,Саки,Սակի,საკი,薩基;P;PPL;UA;Ukraine;;11;0108;;;28322;;17;Europe/Simferopol;2023-09-02;Ukraine;45.13424, 33.59996
695016;Rynhach;Rynhach;Rangaci,Rengach,Ringach,Ryngach,Rynhach,Rynhatch,Rângaci,Рингач;P;PPL;UA;Ukraine;;03;7306;;;1165;165;159;Europe/Kyiv;2022-10-27;Ukraine;48.30953, 26.24408
695320;Rozhniv;Rozhniv;Rojniv,Roschniw,Rozhnev,Rozhniu,Rozhniv,Rozhnov,Rozhnyuv,Rozjniv,Rozniv,Roznov,Roznow,Rożnów,Rоžnіv,luo ri ni fu,Рожнов,Рожнів,Рожніў,羅日尼夫;P;PPL;UA;Ukraine;;06;2610;;;5351;;279;Europe/Kyiv;2022-12-24;Ukraine;48.36465, 25.23109
695337;Rozivka;Rozivka;Bolakcheli,Bulancheli,Rosenfeld,Rozenfel'd,Rozenfel’d,Rozivka,Rozovka,Болакчелі,Розівка;P;PPL;UA;Ukraine;;17;5104;;;1010;31;31;Europe/Kyiv;2022-10-27;Ukraine;46.04445, 29.89882
696557;Popilnia;Popilnia;Popel'nja,Popel'nya,Popil'nja,Popilnia,Попельня,Попільня;P;PPL;UA;Ukraine;;27;1804;;;6109;;212;Europe/Kyiv;2022-10-27;Ukraine;49.9532, 29.45265
696643;Poltava;Poltava;PLV,Paltava,Poltav,Poltava,Poltavae,Poltave,Poltavo,Poltawa,Połtawa,Pultava,bo er ta wa,bwltafa,poltaba,porutavua,pwltawa,pwltbh,Палтава,Полтав,Полтавæ,Полтава,Полтаве,Պոլտավա,פאלטאווע,פולטבה,بولتافا,پولتاوا,პოლტავა,ポルタヴァ,波尔塔瓦,폴타바;P;PPLA;UA;Ukraine;;18;5308;;;283402;156;160;Europe/Kyiv;2023-01-22;Ukraine;49.58925, 34.55367
697077;Plodovoye;Plodovoye;Azek,Plodove,Plodovoe,Plodovoye,Азе́к,Плодове,Плодовое;P;PPLA3;UA;Ukraine;;11;0102;11152819;;1090;97;119;Europe/Simferopol;2022-10-27;Ukraine;44.87156, 33.85615
697608;Pershotravneve;Pershotravneve;Pehrshatraunehveh,Perchotravneve,Perschotrawnewe,Pershotravneve,Pershotravnevi,Pershotravnevoe,Pershotravnevoye,Persjotravneve,Persotravneve,Perszotrawnewe,Perxotravneve,Perşotravneve,Peršotravneve,Perșotravneve,pei er shao te la fu nei wei,Першотравневе,Першотравневи,Першотравневое,Пэршатраўнэвэ,佩尔绍特拉夫内韦;P;PPL;UA;Ukraine;;27;1806;;;2350;;186;Europe/Kyiv;2022-10-27;Ukraine;51.39287, 28.86837
698232;Ostroh;Ostroh;Astrog,Ostrog,Ostroh,Ostroha,Ostrohas,Ostrug,Ostróg,Osztroh,ao si te luo he,awstrwh,osutorofu,Астрог,Острог,Օստրոգ,אוסטרוה,اوستروه,ოსტროგი,オストロフ,奧斯特羅赫;P;PPL;UA;Ukraine;;19;5606;;;14894;;219;Europe/Kyiv;2023-04-30;Ukraine;50.32942, 26.51425
698606;Oleshnyk;Oleshnyk;Egres,Egresh,Oleshnik,Oleshnyk,Олешник;P;PPL;UA;Ukraine;;25;2102;;;4696;;126;Europe/Kyiv;2022-12-13;Ukraine;48.16532, 22.96249
699035;Novovolynsk;Novovolynsk;Novovolins'k,Novovolinsk,Novovolyns'k,Novovolynsk,Novovolynskiy,Novovolyns’k,Nowowolynsk,Нововолинськ,Нововолынск;P;PPL;UA;Ukraine;;24;0702;;;49772;;237;Europe/Kyiv;2023-04-30;Ukraine;50.72576, 24.16265
699130;Novostepnoye;Novostepnoye;Novo-Dzhankoj,Novostepnoe,Novostepnoye,Novostepove,Но́во-Джанко́й,Новостепное,Новостепове;P;PPL;UA;Ukraine;;11;0106;11152849;;1523;12;14;Europe/Simferopol;2022-10-27;Ukraine;45.66206, 34.387
699388;Novopavlovka;Novopavlovka;Novopavlivka,Novopavlovka,Новопавловка,Новопавлівка;P;PPLA3;UA;Ukraine;;11;0114;11152953;;874;7;7;Europe/Simferopol;2022-10-27;Ukraine;45.86634, 33.89018
699802;Nova Praha;Nova Praha;Murzinka,Nova Praga,Nova Praha,Novaja Praga,Petrikivka,Petrikivs'kij zimivnik,Мурзинка,Нова Прага,Новая Прага,Петриківка,Петриківський зимівник;P;PPL;UA;Ukraine;;10;3508;;;6593;115;114;Europe/Kyiv;2022-10-27;Ukraine;48.56868, 32.90431
699816;Nova Nekrasivka;Nova Nekrasivka;Necrasovca Nowa,Necrasovca-Noua,Necrasovca-Nouă,Nekrasovka Noue,Nekrasovka-Noua,Nova Nekrasivka,Novaya Nekrasovka,Нова Некрасивка,Нова Некрасівка;P;PPL;UA;Ukraine;;17;5108;;;2051;14;11;Europe/Kyiv;2022-10-27;Ukraine;45.35534, 28.69719
699843;Nova Ivanivka;Nova Ivanivka;Ivaneshti-Noui,Ivanestii Noui,Ivanestu,Ivanova,Ivanovka,Ivanovka-Bolgarskaya,Ivănestii Noui,Nova Ivanivka,Novaya Ivanovka,Novyye Iveneshti,Іванова,Нова Іванівка;P;PPL;UA;Ukraine;;17;5106;;;2018;45;35;Europe/Kyiv;2022-10-27;Ukraine;45.91551, 29.08101
700793;Monastyryska;Monastyryska;Monasterzyska,Monastiris'ka,Monastyriska,Monastyryska,Монастириська,Монастыриска;P;PPL;UA;Ukraine;;22;6106;;;5618;312;316;Europe/Kyiv;2023-01-19;Ukraine;49.09063, 25.17149
701119;Mykulyntsi;Mykulyntsi;Mikoulintsi,Mikulince,Mikulinci,Mikulincy,Mikulintsi,Mikulintsy,Mikulińce,Mykoulyntsi,Mykulynci,Mykulyntsi,Mykulynzi,Mykułynci,Mykúlyntsi,Mıkulıntsi,mi ku lin qi,myqwlynzh,Μικούλιντσι,Микулинцы,Микулинці,Мыкулынці,Միկուլինցի,מיקולינצה,米庫林齊;P;PPL;UA;Ukraine;;22;6104;;;3604;287;284;Europe/Kyiv;2022-10-27;Ukraine;49.39187, 25.60685
701294;Chudei;Chudei;Chiudey,Chudei,Chudej,Chudey,Chudeyu,Chudyn,Ciudeiu,Czudyn,Mezhirech'ye,Mezhirech’ye,Mezhyrichchya,Чудей;P;PPL;UA;Ukraine;;03;7306;;;5265;387;387;Europe/Kyiv;2022-12-31;Ukraine;48.05247, 25.62208
701605;Matroska;Matroska;Matroasca-Cuhurlui,Matros'ka,Matroska,Matrosskaja,ma te luo xi ka,Матроска,Матросская,Матроська,馬特羅西卡;P;PPL;UA;Ukraine;;17;5108;;;2259;9;7;Europe/Kyiv;2022-10-27;Ukraine;45.34205, 28.78106
701951;Malyy Kuchuriv;Malyy Kuchuriv;Cuciurul Mic,Kuchurmik,Malij Kuchuriv,Malyi Koutchouriv,Malyj Kuchurov,Malyï Koutchouriv,Малий Кучурів,Малый Кучуров;P;PPL;UA;Ukraine;;03;7306;;;1280;257;252;Europe/Kyiv;2022-10-27;Ukraine;48.46485, 25.90726
702782;Lozno-Oleksandrivka;Lozno-Oleksandrivka;Aleksandrovka,Aleksandrowka,Lozno-Aleksandrovka,Lozno-Aleksandrovskiy,Lozno-Oleksandrivka,Лозно-Александровка,Лозно-Олександрівка;P;PPL;UA;Ukraine;;14;4410;;;1149;;93;Europe/Kyiv;2022-12-13;Ukraine;49.8391, 38.74098
703325;Lazi;Lazi;Lazi,Lazy,Лази;P;PPL;UA;Ukraine;;25;2106;;;3660;;493;Europe/Kyiv;2022-12-13;Ukraine;48.06667, 24.23333
703789;Kuchurhan;Kuchurhan;Kuchukurgan,Kuchurgan,Kuchurhan,Kuchurjan,Kuchurján,Kuciurhan,Kucurgan,Kucurhana,Kuczurhan,Kutschurhan,Kutsjurhan,Kutsurhan,Kutšurhаn,Kuçurgan,Kučurhana,Strasburg,Strassburg,ku qiu er han,kuchurugan,Кучурган,クチュルガン,库丘尔汉,庫丘爾漢;P;PPL;UA;Ukraine;;17;5114;;;3700;5;6;Europe/Kyiv;2022-10-27;Ukraine;46.72193, 29.97757
703965;Kruhlyk;Kruhlyk;Cruglic,Krouhlyk,Kruglik,Kruhlyk,Круглик;P;PPL;UA;Ukraine;;03;7304;;;1879;208;198;Europe/Kyiv;2022-10-27;Ukraine;48.3707, 26.44878
704403;Sorokyne;Sorokyne;Krasnadon,Krasnodon,Krasnodona,Krassnodon,Sarokina,Sorokin,Sorokine,Sorokino,Sorokone,Sorokyne,Sorokîne,Sorokõne,ke la si nuo dun,krasnwdwm,qrsnwdwn,Краснадон,Краснодон,Сарокіна,Сорокине,Сорокино,Կրասնոդոն,קרסנודון,کراسنودوم,კრასნოდონი,克拉斯諾頓;P;PPLA2;UA;Ukraine;;14;4404;;;49352;;143;Europe/Kyiv;2022-12-13;Ukraine;48.29235, 39.73921
704881;Korotych;Korotych;Karotych,Korotic,Korotich,Korotyc,Korotych,Korotycz,Korotytsch,Korotyč,Korotıç,ke luo te qi,Каротыч,Коротич,Коротыч,Կորոտիչ,科罗特奇;P;PPL;UA;Ukraine;;07;6312;;;4889;;138;Europe/Kyiv;2022-10-27;Ukraine;49.94737, 36.03736
705135;Konotop;Konotop;Kanatop,Kanatyp,Konotop,Konotopa,Konotopas,ke nuo tuo pu,kho nx thxp,kwnwtwp,qwnwtwp,Канатоп,Канатып,Конотоп,Կոնոտոպ,קונוטופ,کونوتوپ,โคนอทอป,კონოტოპი,科諾托普;P;PPLA2;UA;Ukraine;;21;5902;;;84787;;142;Europe/Kyiv;2023-01-23;Ukraine;51.24032, 33.20263
705494;Kodra;Kodra;Kodra,Кодра;P;PPL;UA;Ukraine;;13;3208;;;1399;;146;Europe/Kyiv;2022-10-27;Ukraine;50.59488, 29.55873
705524;Kobyzhcha;Kobyzhcha;Kobizhcha,Kobyzhcha,Kobyzhchi,Кобижча,Кобыжча;P;PPL;UA;Ukraine;;02;7404;;;4332;;131;Europe/Kyiv;2022-10-27;Ukraine;50.82854, 31.50439
705796;Obukhivka;Obukhivka;Kirovs'ke,Kirovske,Oboukhivka,Obukhivka,Obukhovka,Кіровське,Обуховка,Обухівка;P;PPL;UA;Ukraine;;04;1202;;;9178;54;59;Europe/Kyiv;2023-03-03;Ukraine;48.54884, 34.85387
706165;Khust;Khust;Chust,Hust,Huszt,Khoust,Khust,Хуст;P;PPLA2;UA;Ukraine;;25;2112;;;28424;164;166;Europe/Kyiv;2022-12-19;Ukraine;48.17193, 23.29791
706536;Kelmentsi;Kelmentsi;Chelmenti,Chelmenți,Kel'menci,Kel'mency,Kel'mentsy,Kelmentsi,Kel’mentsy,Кельменцы,Кельменці;P;PPLA2;UA;Ukraine;;03;7304;;;7211;193;207;Europe/Kyiv;2022-10-27;Ukraine;48.4664, 26.83277
706803;Karapyshi;Karapyshi;Karapishi,Karapyshi,Карапиші,Карапыши;P;PPL;UA;Ukraine;;13;3212;;;2960;;142;Europe/Kyiv;2023-01-28;Ukraine;49.64415, 30.79614
706947;Kamyanske;Kamyanske;Kam'jans'ke,Kamenskoe,Kamians'ke,Kamianske,Kamjanske,Tashlik,Taslac,Tașlâc,ka mian xi ke,Каменское,Камянске,Кам’янське,Ташлик,卡緬西克;P;PPL;UA;Ukraine;;17;5106;;;2739;43;33;Europe/Kyiv;2022-10-27;Ukraine;45.81909, 29.25891
707252;Kaharlyk;Kaharlyk;Kagarlik,Kagarlyk,Kaharlyk,Кагарлик;P;PPL;UA;Ukraine;;17;5110;;;1637;116;113;Europe/Kyiv;2022-10-27;Ukraine;46.60044, 30.1963
707292;Izium;Izium;Isjum,Izium,Izjum,Izyum,Ізюм,Изюм,Изјум;P;PPLA2;UA;Ukraine;;07;6304;;;45884;;71;Europe/Kyiv;2023-01-23;Ukraine;49.20697, 37.27679
707453;Ivanivka;Ivanivka;Ivaniuka,Ivanivka,Ivanovka,Ivaņivka,Ivànivka,Iwaniwka,Iwanowka,yi wan ni fu ka,İvanivka,Іванівка,Іваніўка,Иванивка,Ивановка,ივანივკა,伊万尼夫卡;P;PPL;UA;Ukraine;;08;6504;;;4410;39;37;Europe/Kyiv;2023-01-20;Ukraine;46.71268, 34.54975
707460;Ivanovka;Ivanovka;Ivanivka,Ivanovka,Kamyshly,Іванівка,Ивановка,Камышлы́;P;PPLA3;UA;Ukraine;;11;0108;11153091;;2055;7;13;Europe/Simferopol;2022-10-27;Ukraine;45.072, 33.6613
707489;Ivankiv;Ivankiv;Ivan'kiv,Ivankau,Ivankiv,Ivankiva,Ivankov,Ivankovas,Ivànkiv,Iwankiv,Iwankow,Iwanków,ivuankifu,xi wan kiw,yi wan ji fu,İvankiv,İvankov,Ιβάνκιβ,Іванкаў,Іванків,Иванков,Իվանկով,איוונקיב,อีวันกิว,イヴァンキフ,伊萬基夫;P;PPL;UA;Ukraine;;13;3210;;;9993;;138;Europe/Kyiv;2023-05-03;Ukraine;50.93865, 29.89426
707881;Hupalivka;Hupalivka;Gupalivka,Gupalovka,Hupalivka,Гупаловка,Гупалівка;P;PPL;UA;Ukraine;;04;1210;;;1347;;71;Europe/Kyiv;2022-10-27;Ukraine;49.10532, 34.7373
708330;Horodnye;Horodnye;Chijshija,Ciisia,Ciișia,Gorodne,Horodnie,Horodnié,Horodnje,Ogorodnoe,ge luo de nei,Городнє,Огородное,Чийшия,Օգորոդնոե,戈羅德內;P;PPL;UA;Ukraine;;17;5106;;;5104;80;73;Europe/Kyiv;2022-10-27;Ukraine;45.89203, 28.84946
708546;Golubinka;Golubinka;Foti-Sala,Golubinka,Голубинка,Фоти́-Сала́;P;PPLA3;UA;Ukraine;;11;0102;11152806;;1433;201;198;Europe/Simferopol;2022-10-27;Ukraine;44.59382, 33.91521
709258;Faraonivka;Faraonivka;Faraoani,Faraonivka,Faraonovka,fa la ao ni fu ka,Фараоновка,Фараонівка,法拉奧尼夫卡;P;PPL;UA;Ukraine;;17;5104;;;1890;83;42;Europe/Kyiv;2022-10-27;Ukraine;46.32225, 29.62037
709465;Dudchany;Dudchany;Doedtsjany,Doudtchany,Dudcani,Dudcany,Dudceani,Dudceanî,Dudchani,Dudchany,Dudchino,Dudczany,Dudtsany,Dudtschany,Dudtsjany,Dudtšаny,Dudçany,Dudčani,du de qia ni,dudchani,Дудчани,Дудчаны,დუდჩანი,杜德恰尼;P;PPL;UA;Ukraine;;08;6502;;;2102;;18;Europe/Kyiv;2022-10-27;Ukraine;47.18557, 33.7639
709835;Dokuchaievsk;Dokuchaievsk;Dokucajevsk,Dokuchaevs'k,Dokuchaevsk,Dokuchaievsk,Dokuchayevs'k,Dokuchayevsk,Dokuchayevs’k,Dokutschajewsk,Dokučajevsk,Ntokoutsaievsk,Yelenovskiy Kar'yer,Yelenovskiy Kar’yer,Yelenovskiye Kar'yery,Yelenovskiye Kar’yery,Ντοκουτσάιεβσκ,Докучаевск,Докучаєвськ;P;PPL;UA;Ukraine;;05;1410;;;22835;;158;Europe/Kyiv;2023-09-04;Ukraine;47.75046, 37.67936
709960;Dniprorudne;Dniprorudne;Dneprorudnoe,Dniprograd,Dniprohrad,Dniproroudne,Dniproroudné,Dniprorudne,Днепрорудное,Дніпроград,Дніпрорудне;P;PPL;UA;Ukraine;;26;2304;;;17736;74;87;Europe/Kyiv;2023-05-02;Ukraine;47.38993, 35.00065
710123;Valya Kuzmyna;Valya Kuzmyna;Valea Cosminului,Valia Kouzmyna,Valja Kuz'mina,Валя Кузьмина;P;PPL;UA;Ukraine;;03;7306;;;1864;315;201;Europe/Kyiv;2022-10-27;Ukraine;48.18459, 26.01781
710334;Dachnoye;Dachnoye;Dachne,Dachnoe,Dachnoye,Malyj Taraktash,Taraktash,Taraq Tas,Taraq Taş,Дачне,Дачное,Малый Таракта́ш,Таракта́ш;P;PPL;UA;Ukraine;;11;0118;;;2628;69;82;Europe/Simferopol;2022-10-27;Ukraine;44.88448, 34.98333
711024;Bykivka;Bykivka;Bikivka,Bykivka,Bykovka,Биківка;P;PPL;UA;Ukraine;;27;1804;;;1911;;250;Europe/Kyiv;2022-10-27;Ukraine;50.29285, 27.98314
711318;Budey;Budey;Boudei,Boudéï,Budei,Будеи,Будеї;P;PPL;UA;Ukraine;;17;5112;;;1200;195;197;Europe/Kyiv;2022-10-27;Ukraine;48.05485, 29.2772
712010;Bobryk Pershyy;Bobryk Pershyy;Bobrik,Bobrik Pershij,Bobrik Pervyy,Bobryk Perchyi,Bobryk Perchyï,Bol'shoy Bobrik,Bol’shoy Bobrik,Бобрик Перший;P;PPL;UA;Ukraine;;17;5112;;;3034;82;95;Europe/Kyiv;2022-10-27;Ukraine;47.91655, 30.17852
712091;Blahodatne;Blahodatne;Amurosievka,Amvrosiyevka,Blagadatneh,Blagodatne,Blagodatni,Blagodatnoe,Blagodatnoye,Blahodatne,Blаhоdаtnе,Donetsko-Amvrosiyevka,blahwdatny  dwnyts ka,bu la huo da te nei,Благадатнэ,Благодатне,Благодатни,Благодатное,Բլագոդատնոե,بلاهوداتني، دونيتس كا,布拉霍達特内;P;PPL;UA;Ukraine;;05;1408;;;3512;;64;Europe/Kyiv;2022-10-27;Ukraine;47.87928, 38.48492
712092;Blahodatne;Blahodatne;Blagodatne,Blagodatni,Blagodatnoe,Blagodatnoye,Blahodatne,Błahodatne,bu la huo da te nei,Благодатне,Благодатни,Благодатное,布拉霍达特内;P;PPL;UA;Ukraine;;05;1404;;;1263;;212;Europe/Kyiv;2022-10-27;Ukraine;47.70013, 37.41898
712347;Berizky;Berizky;Berizki,Berizky,Berjozki,Bérizky,Берёзки,Берізки;P;PPL;UA;Ukraine;;16;4808;;;1230;80;81;Europe/Kyiv;2022-10-27;Ukraine;47.90288, 30.54952
712508;Bilozerka;Bilozerka;Belozjorka,Bilozerka,Ivanivka,Skadovka,Іванівка,Белозёрка,Білозерка,Скадовка;P;PPLA2;UA;Ukraine;;08;6510;;;9565;16;20;Europe/Kyiv;2022-10-27;Ukraine;46.62651, 32.44447
713126;Auly;Auly;Aouly,Auli,Auly,Aulî,Aulı,Auły,Romankovo,ao li,Аuly,Аули,Аулы,Աուլի,奧利;P;PPL;UA;Ukraine;;04;1204;;;4167;;81;Europe/Kyiv;2022-10-27;Ukraine;48.5547, 34.45826
713759;Agrarnoye;Agrarnoye;Agrarne,Agrarnoe,Agrarnoye,Ahrarne,Аграрне,Аграрное;P;PPL;UA;Ukraine;;11;0116;;;3754;258;237;Europe/Simferopol;2022-10-27;Ukraine;45.01596, 34.05725
7020107;Roshchino;Roshchino;Roshchino,Roshhine,Roshhino,Рощине,Рощино;P;PPLA3;UA;Ukraine;;11;0106;11152863;;928;31;33;Europe/Simferopol;2022-10-27;Ukraine;45.60916, 34.37992
9533118;Slobozhanske;Slobozhanske;Juvilejne,Slobojanske,Slobojanské,Slobozhans'ke,Slobozhanskoe,Yuvileyne,Слобожанское,Слобожанське,Ювілейне;P;PPL;UA;Ukraine;;04;1202;;;13556;66;69;Europe/Kyiv;2022-10-27;Ukraine;48.53201, 35.07147
9983688;Chornomorske;Chornomorske;Chornomors'ke,Tchornomorske,Tchornomorské,Чорноморське;P;PPL;UA;Ukraine;;17;5110;;;7020;36;44;Europe/Kyiv;2022-10-27;Ukraine;46.58405, 30.93068
461727;Olenevka;Olenevka;Karadzhi,Olenevka,Qaragy,Qarağy,Караджи́,Оленевка;P;PPLA3;UA;Ukraine;;11;0108;11153142;;1441;5;-3;Europe/Simferopol;2022-10-27;Ukraine;45.38333, 32.53333
688440;Yarmolyntsi;Yarmolyntsi;Jarmolince,Jarmolinci,Jarmolincy,Jarmolińce,Yarmolyntsi,Ярмолинцы,Ярмолинці;P;PPLA2;UA;Ukraine;;09;6804;;;7381;300;345;Europe/Kyiv;2023-02-11;Ukraine;49.19271, 26.83437
688445;Yarkoye Pole;Yarkoye Pole;Jarke Pole,Jarkoe Pole,Yarkoye Pole,Ярке Поле,Яркое Поле;P;PPLA3;UA;Ukraine;;11;0106;11152870;;948;28;27;Europe/Simferopol;2022-10-27;Ukraine;45.61293, 34.31834
688899;Kopani;Kopani;Kapany,Keramzavoda imeni Vojkova,Kopani,Kopany,Tsybulyanovka,Voikovskyi,Vojkovs'kij,Vojkovskij,Voykovs'kyy,Voykovskiy,Woikowski,Wojkowskyj,Войковский,Войковський,Капаны,Керамзавода имени Войкова,Копани,Копаны,Копані;P;PPL;UA;Ukraine;;05;1408;;;1102;;132;Europe/Kyiv;2023-05-03;Ukraine;47.75964, 38.33758
689808;Verkhivtseve;Verkhivtseve;Verchivceve,Verchivcevė,Verhivteve,Verhivtseve,Verhivțeve,Verjivtseve,Verjívtseve,Verkhivceve,Verkhivtseve,Verkhivtsévé,Verkhovcevo,Werchiwcewo,Werchiwzewe,fyrkhyftsyfy,verkhovtsevo,vueruhiutsuevue,wei er huo fu cai wo,wrkhyftsfh,Верховцево,Верхівцеве,Վերխովցևո,فيرخيفتسيفي,ورخیفتسفه,ვერხოვცევო,ヴェルヒーウツェヴェ,韋爾霍夫采沃;P;PPL;UA;Ukraine;;04;1204;;;10262;165;170;Europe/Kyiv;2022-10-27;Ukraine;48.48127, 34.24003
690279;Velyka Berezovytsya;Velyka Berezovytsya;Berezowica Wielka,Velika Berezovicja,Velikaja Berezovica,Velyka Berezovytsia,Vélyka Bérézovytsia,Велика Березовиця,Великая Березовица;P;PPL;UA;Ukraine;;22;6104;;;8391;305;321;Europe/Kyiv;2022-10-27;Ukraine;49.49869, 25.61231
691059;Tsvetochnoye;Tsvetochnoye;Cvetochnoe,Cvitochne,Novaja Burul'cha,Tsvetochnoye,Но́вая Бурульча́,Цветочное,Цвіточне;P;PPLA3;UA;Ukraine;;11;0104;11152842;;2681;241;249;Europe/Simferopol;2022-10-27;Ukraine;45.08655, 34.38521
691196;Trudove;Trudove;Draculea,Drakulja,Troudove,Troudové,Trudove,Trudovoe,te lu duo wei,Дракуля,Трудове,Трудовое,特魯多韋;P;PPL;UA;Ukraine;;17;5108;;;1505;13;14;Europe/Kyiv;2022-10-27;Ukraine;45.61865, 29.39804
691264;Trostyanets;Trostyanets;Trostianets,Trostjanec,Trostjanec',Тростянец,Тростянець;P;PPL;UA;Ukraine;;23;0504;;;7584;192;188;Europe/Kyiv;2023-01-19;Ukraine;48.50915, 29.22742
691374;Chystyakove;Chystyakove;Aljakseeuka,Aljakseeva-Ljavonava,Chastkove,Chistjakovo,Chistyakovo,Chys'cjakova,Chystiakove,Oleksieve-Leonove,Oleksiivka,Sloboda Alekseevka,Tarehz,Thorez,Topez,Tores,Torez,Toreza,Torezas,Tschistjakowa,Tschistjakowo,chistʼiakʼove,duo lie shi,twrz,tʼorezi,Аляксеева-Лявонава,Аляксееўка,Олексієве-Леонове,Олексіївка,Тарэз,Топез,Торез,Часткове,Чистяково,Чысьцякова,Տորեզ,تورز,ტორეზი,ჩისტიაკოვე,多列士;P;PPL;UA;Ukraine;;05;1406;;;53462;;240;Europe/Kyiv;2023-04-27;Ukraine;48.03876, 38.59685
691469;Tokmak;Tokmak;Tokmak,Tokmak i Ukraina,Tokmaka,Velikij Tokmak,tuo ke ma ke,twkmak  awkrayn,twqmq,Великий Токмак,Токмак,Տոկմակ,טוקמק,توکماک، اوکراین,ტოკმაკი,托克馬克;P;PPLA2;UA;Ukraine;;26;2310;;;29573;40;50;Europe/Kyiv;2023-06-16;Ukraine;47.25554, 35.70836
691696;Terebleche;Terebleche;Porubne,Tereblecea,Tereblecha,Terebleche,Terebleshti,Тереблече;P;PPL;UA;Ukraine;;03;7306;;;1446;360;345;Europe/Kyiv;2022-10-27;Ukraine;48.01592, 26.05859
691904;Tarashcha;Tarashcha;Tarashcha,Tarashha,Taraszcza,Тараща;P;PPLA2;UA;Ukraine;;13;3202;;;12952;;180;Europe/Kyiv;2022-10-27;Ukraine;49.55883, 30.49967
692091;Svitlodolynske;Svitlodolynske;Lichtental,Likhtental',Likhtental’,Svetlodolinskoe,Svetlodolinskoye,Svitlodolins'ke,Svitlodolyns'ke,Svitlodolynske,Svitlodolyns’ke,Tret'ya Step',Tretia Stepi,Tret’ya Step’,Светлодолинское,Світлодолинське;P;PPL;UA;Ukraine;;17;5104;;;1034;25;25;Europe/Kyiv;2023-03-31;Ukraine;46.09137, 29.58732
692138;Suvorove;Suvorove;Shikirli Kitaj,Shikirli-Kitaj,Sichirlichitai,Souvorove,Souvorové,Suvoraveh,Suvorove,Suvorovo,Suworowe,su wo luo wei,Șichirlichitai,Суворавэ,Суворове,Суворово,Шикирли Китай,Шикирлі-Китай,蘇沃羅韋;P;PPL;UA;Ukraine;;17;5108;;;4586;33;26;Europe/Kyiv;2022-10-27;Ukraine;45.58174, 28.98179
692210;Sukhyi Lyman;Sukhyi Lyman;Sukhij Liman,Sukhoy Liman,Sukhyi Lyman,Sukhyy Lyman,Сухий Лиман;P;PPL;UA;Ukraine;;17;5110;;;1277;18;28;Europe/Kyiv;2022-10-27;Ukraine;46.39213, 30.6458
692487;Storozhynets;Storozhynets;Storojinet,Storojineț,Storojynets,Storozhinec,Storozhinec',Storozynetz,Storozyniec,Storożyniec,strʼazsnyz‎,Сторожинец,Сторожинець,סטראָזשניץ‎;P;PPLA2;UA;Ukraine;;03;7306;;;14198;366;362;Europe/Kyiv;2022-12-23;Ukraine;48.15938, 25.72144
692531;Stetseva;Stetseva;Steceva,Stetseva,Stetsova,Стецева;P;PPL;UA;Ukraine;;06;2608;;;3076;;247;Europe/Kyiv;2022-10-27;Ukraine;48.52638, 25.57411
692953;Stanytsia Luhanska;Stanytsia Luhanska;Luganskaya,Stanica Luganskaja,Stanichnno-Luganskoye,Stanichno Luganskaya,Stanichno-Lugans'ke,Stanichno-Luganskoye,Stanicja Lugans'ka,Stanychno-Luhans'ke,Stanychno-Luhanske,Stanychno-Luhans’ke,Stanytsia Luhanska,Stanytsya Luhans'ka,Stanytsya Luhans’ka,Станица Луганская,Станиця Луганська,Станично-Луганське;P;PPL;UA;Ukraine;;14;4416;;;12258;;53;Europe/Kyiv;2023-05-02;Ukraine;48.66247, 39.48358
693469;Slov`yanoserbsk;Slov`yanoserbsk;Slov'janoserbs'k,Slov”yanoserbs'k,Слов'яносербськ;P;PPL;UA;Ukraine;;14;4402;;;8065;;68;Europe/Kyiv;2022-12-13;Ukraine;48.69779, 38.98133
693582;Slavske;Slavske;Slauskeh,Slavs'ke,Slavs'keh,Slavske,Slavski,Slavsko,Slavskoe,Slavskoye,Slavskė,Slavs’ke,Slawske,Slawsko,Szlavszke,Sławsko,si la fu si ke,slawskoye,Славски,Славско,Славское,Славське,Славськэ,Слаўскэ,斯拉夫斯科;P;PPL;UA;Ukraine;;15;4610;;;3537;590;606;Europe/Kyiv;2023-05-02;Ukraine;48.84123, 23.44973
693805;Simferopol;Simferopol;Akmescit,Akməsҗit,Aq Mecit,Aq Mečit,Aqmescit,SIP,Simferepol',Simferopal',Simferopol,Simferopol',Simferopole,Simferopoli,Simferopolis,Simferopolj,Simferopolo,Simferòpol,Simferópol,Sinferopol,Sinferopoli,Sinferòpol,Symferopol,Symferopoli,Sympheropolis,Szimferopol,cimhperoppol,shinferopori,simpelopol,simpheropola,smfrwpwl,symfrbwl,symfrwbwl,symfrwpwl,symprwpwl,xin fei luo bo er,Συμφερόπολη,Акмәсҗит,Симфереполь,Симферопол,Симферополь,Симферопољ,Сімферопаль,Сімферополь,Սիմֆերոպոլ,סימפרופול,سمفروپول,سيمفربول,سيمفروبول,سیمفروپول,सिंफेरोपोल,சிம்ஃபெரோப்போல்,სიმფეროპოლი,シンフェロポリ,辛菲罗波尔,심페로폴;P;PPLA2;UA;Ukraine;;11;0116;;;336460;;247;Europe/Simferopol;2022-10-27;Ukraine;44.95719, 34.11079
693920;Shpola;Shpola;Chpola,Shpola,Шпола;P;PPLA2;UA;Ukraine;;01;7102;;;16674;155;153;Europe/Kyiv;2022-10-27;Ukraine;49.01291, 31.3926
694030;Pshenichnoye;Pshenichnoye;Karangit,Oktjabr'dorf,Pshenichne,Pshenichnoe,Pshenichnoye,Каранги́т,Октябрьдо́рф,Пшеничне,Пшеничное;P;PPLA3;UA;Ukraine;;11;0104;11152977;;868;9;7;Europe/Simferopol;2022-10-27;Ukraine;45.64627, 34.83767
694467;Serhiyivka;Serhiyivka;Sehrgiiuka,Sergeevka,Sergheevca,Serghieste-Noui,Serghieşte-Noui,Sergiivka,Serhiivka,Serhijiwka,Serhiïvka,xie er ji yi fu ka,Сергеевка,Сергиивка,Сергіївка,Сэргііўка,謝爾吉伊夫卡;P;PPL;UA;Ukraine;;17;5104;;;5343;15;21;Europe/Kyiv;2022-10-27;Ukraine;46.0251, 30.36826
694715;Sedniv;Sedniv;Sednev,Sedniv,Sedniw,Sednëv,Sehdniu,sai de ni fu,sedoniu,Седнев,Седнів,Сэдніў,Սեդնև,セドニウ,塞德尼夫;P;PPL;UA;Ukraine;;02;7410;;;1063;;138;Europe/Kyiv;2022-10-27;Ukraine;51.64473, 31.56497
694864;Sambir;Sambir;Nowy Sambor,Sambar,Sambir,Sambira,Sambiras,Sambor,Sombor,Szambir,sambori,sambyr,sang bo er,smbyr,Самбар,Самбир,Самбор,Самбір,Սամբոր,סמביר,سامبیر,სამბორი,桑博爾;P;PPLA2;UA;Ukraine;;15;4608;;;34152;;300;Europe/Kyiv;2023-06-11;Ukraine;49.51631, 23.2006
694919;Sakhnovshchyna;Sakhnovshchyna;Sachnovscyna,Sachnovščyna,Sachnowschtschyna,Sachnowszczyna,Sahnovscina,Sahnovşçına,Sajnovshchina,Sajnóvshchina,Sakhnoushchyna,Sakhnovchtchyna,Sakhnovshchina,Sakhnovshchyna,Sakhnovshhina,Sakhnovsxina,sa he nuo fu xi na,Сахновщина,Сахноўшчына,Սախնովշչինա,薩赫諾夫希納;P;PPL;UA;Ukraine;;07;6306;;;7010;;178;Europe/Kyiv;2022-10-27;Ukraine;49.14894, 35.87374
694978;Yurkivtsi;Yurkivtsi;Iurcauti,Iurcăuți,Jurkivci,Jurkovcy,Yourkivtsi,Юрковцы,Юрківці;P;PPL;UA;Ukraine;;03;7306;;;1846;264;267;Europe/Kyiv;2022-10-27;Ukraine;48.50197, 25.93335
695307;Rozivka;Rozivka;Rozivka,Rozovka,Розівка;P;PPL;UA;Ukraine;;26;2308;;;4197;;60;Europe/Kyiv;2022-12-13;Ukraine;46.93802, 35.77566
695459;Ropcha;Ropcha;Ropcea,Ropcha,Ropche,Ропча;P;PPL;UA;Ukraine;;03;7306;;;3433;344;339;Europe/Kyiv;2022-10-27;Ukraine;48.11439, 25.76798
695643;Reshetylivka;Reshetylivka;Rechetylivka,Reshetilivka,Reshetilovka,Réchétylivka,Решетиловка,Решетилівка;P;PPLA2;UA;Ukraine;;18;5308;;;9240;88;90;Europe/Kyiv;2022-10-27;Ukraine;49.563, 34.07896
695685;Ridkivtsi;Ridkivtsi;Rarancea,Redkovcy,Ridkivci,Ridkivtsi,Редковцы,Рідківці;P;PPL;UA;Ukraine;;03;7306;;;4376;211;196;Europe/Kyiv;2022-10-27;Ukraine;48.33902, 26.07342
695965;Pyatykhatky;Pyatykhatky;Peatihatki,Peatîhatkî,Piatyjatky,Piatykhatky,Pjatikhatki,Pjatychatky,Pjatykhatky i Dnipropetrovsk oblast,Pyatihatki,Pyatixatki,Pyatıhatkı,pi ya ji ha te ji,puyatihatoki,pyatykhatky,Пятихатки,Пјатихатки,Պյատիխատկի,پیاتیخاتکی,პიატიხატკი,プヤティハートキ,皮亞季哈特基;P;PPL;UA;Ukraine;;04;1204;;;18140;169;167;Europe/Kyiv;2023-04-30;Ukraine;48.40821, 33.70919
696336;Pryvoroky;Pryvoroky;Prevoroche,Privoroki,Pryvoroky,Привороки;P;PPL;UA;Ukraine;;03;7306;;;1284;343;367;Europe/Kyiv;2022-10-27;Ukraine;48.10648, 26.03536
696478;Poroshkovo;Poroshkovo;Poroscovo,Poroshkov,Poroshkove,Poroshkovo,Poroshkovoye,Porosjkovo,Porosko,Poroskov,Poroskovo,Poroskő,Poroŝkovo,Poroşkovo,Poroškov,Poroškovo,Poroșcovo,Pоrоškоvо,bo luo shen ke wo,Порошкове,Порошково,Պորոշկովո,波羅什科沃;P;PPL;UA;Ukraine;;25;2110;;;3645;;241;Europe/Kyiv;2022-12-13;Ukraine;48.66832, 22.75328
696576;Poninka;Poninka;Paninka,Poninka,bo ning ka,pwnynqh,Панінка,Понинка,Понінка,Պոնինկա,פונינקה,波寧卡;P;PPL;UA;Ukraine;;09;6806;;;7120;;243;Europe/Kyiv;2022-10-27;Ukraine;50.18413, 27.52817
696959;Pidhirne;Pidhirne;Culmea,Kul'm,Madar,Pidgirne,Pidgirneh,Pidhirne,Pidhirné,Podgornoe,Кульм,Мадар,Подгорное,Підгірне,Підгірнэ;P;PPL;UA;Ukraine;;17;5106;;;1763;187;200;Europe/Kyiv;2022-10-27;Ukraine;46.24692, 29.04207
697115;Plavni;Plavni;Barta,Plavni,Plavņi,Plawni,Plаvnі,pu la fu ni,Барта,Плавни,Плавні,普拉夫尼;P;PPL;UA;Ukraine;;17;5108;;;3029;45;36;Europe/Kyiv;2022-10-27;Ukraine;45.39632, 28.58239
697593;Pervomaysk;Pervomaysk;Ol'viopol',Olwiopol,Ol’viopol’,Pervomaisk,Pervomajs'k,Pervomajsk,Pervomays'k,Pervomays’k,Pervomaïsk,Perwomajsk,Первомайск,Первомайськ,Первомајск;P;PPLA2;UA;Ukraine;;16;4808;;;62426;76;73;Europe/Kyiv;2023-01-23;Ukraine;48.04478, 30.84784
697650;Perevalsk;Perevalsk;Pereval's'k,Pereval'sk,Perevaljsk,Perevalsk,Pereval’sk,Pereval’s’k,Perewalsk,Перевальск,Перевальськ;P;PPL;UA;Ukraine;;14;4402;;;24817;;227;Europe/Kyiv;2023-08-28;Ukraine;48.43779, 38.84384
698316;Osypenko;Osypenko;Asypehnka,Novospasovka,Novospasovskaya,Novospasskoye,Osipenko,Ossipenko,Ossypenko,Osypenko,Oszipenko,Osîpenko,ao xi pian ke,oshipenko,Асыпэнка,Оsypеnkо,Осипенко,Օսիպենկո,オシペンコ,奧西片科;P;PPL;UA;Ukraine;;26;2302;;;4667;;19;Europe/Kyiv;2022-12-13;Ukraine;46.91842, 36.82414
698627;Oleksandrivka;Oleksandrivka;Aleksandrovka,Oleksandrivka,Александровка,Олександрівка;P;PPLA2;UA;Ukraine;;10;3504;;;8464;126;125;Europe/Kyiv;2022-12-17;Ukraine;48.968, 32.23968
699105;Kobzartsi;Kobzartsi;Kobzarci,Kobzarcy,Kobzartsi,Кобзарцы,Кобзарці;P;PPL;UA;Ukraine;;16;4802;;;1081;62;61;Europe/Kyiv;2022-10-27;Ukraine;47.14387, 32.76649
699607;Novofedorivka;Novofedorivka;Novaya Fedorovka,Novofedorivka,Novofedorovka,Новофедоровка,Новофедорівка;P;PPL;UA;Ukraine;;08;6508;;;5620;;7;Europe/Kyiv;2022-10-27;Ukraine;46.17477, 32.31765
700322;Nemyriv;Nemyriv;Nemiriv,Nemirov,Nemyriv,Niemirow,Niemirów,Némyriv,nmyrwb,Немиров,Немирів,נמירוב;P;PPLA2;UA;Ukraine;;23;0502;;;11662;272;271;Europe/Kyiv;2023-01-27;Ukraine;48.97002, 28.83781
700568;Mykolaiv;Mykolaiv;Mikolaiv,Mikolajow,Mikolayuv,Mikotajow,Mikotajów,Mikołajów,Mykolaiv,Mykolayiv,Nikolaev,Nikolayev,Миколаїв,Николаев;P;PPLA2;UA;Ukraine;;15;4610;;;14498;;287;Europe/Kyiv;2023-01-23;Ukraine;49.52659, 23.98138
700977;Miusynsk;Miusynsk;Miusins'k,Miusinsk,Miusyns'k,Miusynsk,Miusyns’k,Миусинск,Міусинськ;P;PPL;UA;Ukraine;;14;4408;;;4603;;97;Europe/Kyiv;2022-12-13;Ukraine;48.0775, 38.90364
701243;Mikhaylovka;Mikhaylovka;Mikhajlivka,Mikhajlovka,Mikhaylovka,Mykhailivka,Mykhaylivka,Михайловка,Михайлівка;P;PPL;UA;Ukraine;;11;0108;11153101;;3325;17;14;Europe/Simferopol;2022-10-27;Ukraine;45.11325, 33.61071
701466;Medenychi;Medenychi;Medenica,Medenice,Medenichi,Medenici,Medenicsi,Medenitsa,Medenitse,Medenitsy,Medenychi,Medenyci,Medenytschi,Medenyči,Medenîci,Medenıçi,Medénychi,Mehdehnichy,Mehdehnychi,mei de ni qi,Меденица,Меденичи,Меденичі,Мэдэнычи,Мэдэнічы,梅德尼奇;P;PPL;UA;Ukraine;;15;4602;;;3292;;269;Europe/Kyiv;2023-09-06;Ukraine;49.42676, 23.74963
702469;Liubeshiv;Liubeshiv;Liubeshiv,Ljubeshiv,Lubieszow,Lubieszów,Lyubashevo,Lyubeshev,Lyubeshiv,Lyubeshov,Lyubeshuv,Любешів;P;PPL;UA;Ukraine;;24;0704;;;5702;;149;Europe/Kyiv;2023-05-02;Ukraine;51.76535, 25.5142
703428;Ladyzhyn;Ladyzhyn;Ladizhin,Ladizin,Ladižin,Ladyjyn,Ladyschyn,Ladyzhin,Ladyzhyn,Ladyzyn,Ładyżyn,Ладижин,Ладыжин;P;PPL;UA;Ukraine;;23;0504;;;22459;174;205;Europe/Kyiv;2023-09-04;Ukraine;48.68437, 29.23636
703494;Bilmak;Bilmak;Bil'mak,Bilmak,Carekostjantinivka,Kamenka,Kouibycheve,Kouïbychévé,Kujbisheve,Kujbyshevo,Kuybysheve,Бильмак,Більмак,Каменка,Куйбишеве,Куйбышево,Царекостянтинівка;P;PPLA2;UA;Ukraine;;26;2310;;;6802;203;215;Europe/Kyiv;2023-03-31;Ukraine;47.35914, 36.65331
703725;Kulishivka;Kulishivka;Culiscauti,Culișcăuți,Koulichivka,Kulishivka,Kulishovka,Кулишовка,Кулішівка;P;PPL;UA;Ukraine;;03;7304;;;1080;255;253;Europe/Kyiv;2022-10-27;Ukraine;48.54972, 27.20394
704642;Kovalivka;Kovalivka;Kovalevka,Kovalivka,Kovalëvka,Ковалівка;P;PPL;UA;Ukraine;;16;4806;;;2031;51;43;Europe/Kyiv;2022-10-27;Ukraine;47.26759, 31.73563
704708;Koteleve;Koteleve;Coteleu,Koteleve,Kotelevo,Kotélévé,Котелеве,Котелево;P;PPL;UA;Ukraine;;03;7306;;;2991;219;215;Europe/Kyiv;2022-10-27;Ukraine;48.2835, 26.35822
705789;Kerstentsi;Kerstentsi;Cristinesti,Cristinești,Kerstenci,Kerstency,Kerstentsi,Керстенцы,Керстенці;P;PPL;UA;Ukraine;;03;7304;;;1268;203;233;Europe/Kyiv;2022-10-27;Ukraine;48.3746, 26.34696
706275;Horoshivtsi;Horoshivtsi;Goroshivci,Goroshovcy,Horochivtsi,Horosauti,Horoșăuți,Горошовцы,Горошівці;P;PPL;UA;Ukraine;;03;7306;;;1096;255;243;Europe/Kyiv;2022-10-27;Ukraine;48.47844, 25.98007
707155;Kalynivka;Kalynivka;Kalinivka,Kalinovka,Kalinowka,Kalinówka,Kalynivka,Kalyniwka,Kalînivka,Kalınivka,ka li ni fu ka,kalynywka,karuiniuka,Калинивка,Калиновка,Калинівка,Կալինովկա,קאליניבקה,کالینیوکا,კალინოვკა,カルィーニウカ,卡利尼夫卡;P;PPLA2;UA;Ukraine;;23;0512;;;18492;288;297;Europe/Kyiv;2023-01-23;Ukraine;49.46129, 28.51541
707471;Ivano-Frankivsk;Ivano-Frankivsk;IFO,Ivano-Frankivs'k,Ivano-Frankivsk,Ivano-Frankovsk,Iwano-Frankiwsk,Stanislau,Stanislav,Stanislavov,Stanislavyv,Stanislaw,Stanislawow,Stanisław,Stanisławów,stnyslb,stʼnyslʼww,ʼywwnw-prnqybsq,Івано-Франківськ,Ивано-Франковск,איוונו-פרנקיבסק,סטאניסלאוו,סטניסלב;P;PPLA;UA;Ukraine;;06;2604;;;238196;260;257;Europe/Kyiv;2023-01-22;Ukraine;48.92312, 24.71248
709295;Dzvinogrud;Dzvinogrud;Dzvinogrud,Zvenigorod,Zvenyhorod,Звенигород;P;PPL;UA;Ukraine;;15;4606;;;1200;;241;Europe/Kyiv;2022-10-27;Ukraine;49.73626, 24.24904
709782;Dolynska;Dolynska;Dolins'ka,Dolinskaja,Dolynska,Долинская,Долинська;P;PPL;UA;Ukraine;;10;3504;;;18225;193;185;Europe/Kyiv;2023-05-02;Ukraine;48.11725, 32.77691
710669;Chornukhy;Chornukhy;Charnukhi,Chernukhi,Chornukhi,Chornukhy,Ciornuhi,Ciornuhî,Cornuchy,Cornuhi,Czornuchy,Tchornoukhy,Tschornuchy,qiao er nu xi,Çornuhı,Čornuchy,Čornuhi,Чарнухі,Чернухи,Чорнухи,Чорнухы,Չերնուխի,喬爾努希;P;PPL;UA;Ukraine;;18;5304;;;2491;114;118;Europe/Kyiv;2023-01-21;Ukraine;50.26817, 32.93602
710915;Chasiv Yar;Chasiv Yar;Chasiv Jar,Chasiv Yar,Chasov Jar,Chasov Yar,Часов Яр,Часів Яр;P;PPL;UA;Ukraine;;05;1402;;;12250;;230;Europe/Kyiv;2023-08-15;Ukraine;48.59348, 37.85724
711350;Bucha;Bucha;Boetsja,Buca,Bucha,Butscha,Butsja,Buča,Bychansk,Dachi Bucha,Буча;P;PPLA2;UA;Ukraine;;13;3208;;;42279;;135;Europe/Kyiv;2022-12-25;Ukraine;50.54345, 30.21201
711400;Broshniv-Osada;Broshniv-Osada;Brochniv-Ossada,Broschniw-Ossada,Broshnev-Osada,Broshniu-Asada,Broshniv-Osada,Brosnev-Osada,Brosniv-Osada,Broszniow-Osada,Broszniów-Osada,Broşniv-Osada,Brošniv-Osada,Broșniv-Osada,br xch niw-xx sa da,brwshnyf awsada,brwshnyf-awsada,bu luo shen ni fu-ao sa da,Брошнев-Осада,Брошнів-Осада,Брошніў-Асада,Բրոշնև-Օսադա,بروشنيف اوسادا,بروشنيف-أوسادا,บรอชนิว-ออซาดา,布罗什尼夫-奥萨达;P;PPL;UA;Ukraine;;06;2606;;;5482;356;352;Europe/Kyiv;2022-10-27;Ukraine;48.99759, 24.19417
711850;Bolekhiv;Bolekhiv;Bolechivas,Bolechiw,Bolechow,Bolechów,Bolehiv,Bolehiva,Bolekhiv,Bolekhov,Bolexov,Bolékhiv,bo lie huo fu,bolekhovi,bwlhwb,bwlkhyf,bwlyhwb,bwlykhyf,bʼalʻkʼaww‎,Болехов,Болехів,Բոլեխով,באָלעכאָוו‎,בולחוב,בוליחוב,بولخیف,بوليخيف,ბოლეხოვი,博列霍夫;P;PPL;UA;Ukraine;;06;2606;;;10259;363;369;Europe/Kyiv;2023-04-30;Ukraine;49.06479, 23.85953
712300;Berezivka;Berezivka;Berezivka,Berezovka,Berëzovka,Березовка,Березівка;P;PPL;UA;Ukraine;;07;6306;;;1618;;121;Europe/Kyiv;2022-10-27;Ukraine;49.44159, 35.70052
712501;Belozyorskoye;Belozyorskoye;Belozjorskoe,Bilazehrskeh,Biloserske,Bilozers'ke,Bilozerske,Белозёрское,Білазэрскэ,Білозерське;P;PPL;UA;Ukraine;;05;1416;;;14634;;206;Europe/Kyiv;2023-11-23;Ukraine;48.53366, 37.06272
712775;Bashtanka;Bashtanka;Bachtanka,Baschtanka,Bashhanka,Bashtanka,Basjtanka,Bastanka,Basztanka,Baştanka,Baštanka,Baștanka,ba shen tan ka,bashtanka,Баштанка,Бащанка,Բաշտանկա,باشتانكا,باشتانکا,ბაშტანკა,巴什坦卡;P;PPLA2;UA;Ukraine;;16;4802;;;12180;77;75;Europe/Kyiv;2023-01-23;Ukraine;47.40528, 32.43444
712930;Balaklava;Balaklava;Balaclava,Balaklava,Balaklavo,Balaklawa,Baliklava,Baliqlava,Balyglava,Balıklava,Balıqlava,Bałakława,balaklafa,ballakeullaba,barakuravua,Балаклава,بالاكلافا,バラクラヴァ,발라클라바;P;PPLA3;UA;Ukraine;;20;712927;11153385;;18649;10;12;Europe/Simferopol;2017-03-28;Ukraine;44.51118, 33.59942
713245;Apostolove;Apostolove;Apostolove,Apostolovo,Apostolovė,Apostolowe,Apostolowo,Apostołowo,a bo si tuo luo wei,abwstwlwfy,aposutorovue,apwstwlwfh,Апостолове,Апостолово,Ապոստոլովո,آپوستولوفه,أبوستولوفي,აპოსტოლოვო,アポーストロヴェ,阿波斯托洛韋;P;PPL;UA;Ukraine;;04;1206;;;15828;;87;Europe/Kyiv;2023-01-20;Ukraine;47.65983, 33.71952
713588;Oleksandrivsk;Oleksandrivsk;Aleksandrovka,Aleksandrovsk,Oleksandrivs'k,Oleksandrivsk,Oleksandrivs’k,Александровск,Олександрівськ;P;PPL;UA;Ukraine;;14;4406;;;6401;;54;Europe/Kyiv;2023-11-23;Ukraine;48.58611, 39.18946
713745;Akimovka;Akimovka;Akimovka,Jakimivka,Акимовка,Якимівка;P;PPLA3;UA;Ukraine;;11;0104;11152961;;1312;11;12;Europe/Simferopol;2022-10-27;Ukraine;45.51981, 34.82438
7019905;Vol’noye;Vol'noye;Frajleben,Vil'ne,Vol'noe,Vol'noye,Vol’noye,Вольное,Вільне,Фрайле́бен;P;PPLA3;UA;Ukraine;;11;0106;11152845;;1982;;41;Europe/Simferopol;2022-10-27;Ukraine;45.5657, 34.3036
11550381;Nova Pryluka;Nova Pryluka;Nova Priluka,Novaja Priluka,Nowe Przyluki,Nowe Przyłuki,nwbh prylwqh,Нова Прилука,Новая Прилука,נובה פרילוקה;P;PPL;UA;Ukraine;;23;0502;;;1947;;264;Europe/Kyiv;2022-10-27;Ukraine;49.37488, 28.69955
713766;Lekarstvennoye;Lekarstvennoye;Agach-Ehli,Lekarstvennoe,Lekarstvennoye,Likarstvenne,Ага́ч-Эли́,Лекарственное,Лікарственне;P;PPL;UA;Ukraine;;11;0116;11152618;;1241;109;100;Europe/Simferopol;2022-10-27;Ukraine;44.94194, 33.82229
687578;Zastavna;Zastavna;Zastavka,Zastavna,Zastazna,Заставна;P;PPLA2;UA;Ukraine;;03;7306;;;7896;239;241;Europe/Kyiv;2022-10-27;Ukraine;48.52137, 25.8426
688105;Yevpatoriya;Yevpatoriya;Eupatoria,Eupatorio,Evpatorija,Evpatorya,Eŭpatorio,Jevpatorija,Jewpatorija,Kezlev,Yevpatoria,Yevpatoriya,ybptwryh,Євпаторія,Евпатория,יבפטוריה;P;PPLA2;UA;Ukraine;;11;0108;;;106202;;11;Europe/Simferopol;2023-06-02;Ukraine;45.20091, 33.36655
688365;Yasinya;Yasinya;Frasin,Jasina,Jasinja,Jasiňa,Koroesmezo,Kőrösmező,Yasinia,Ясиня,Ясіня;P;PPL;UA;Ukraine;;25;2106;;;8559;650;651;Europe/Kyiv;2022-12-13;Ukraine;48.2726, 24.36029
688512;Yamnytsia;Yamnytsia;Iamnitea,Iamnîțea,Jamnica,Jamnicja,Jamnycja,Jamnytsia,Jamnytsja,Jamnyzja,Yamnitsa,Yamnytsia,Yamnytsya,ya mu ni cha,Ямница,Ямниця,亚姆尼察;P;PPL;UA;Ukraine;;06;2604;;;3223;;232;Europe/Kyiv;2022-10-27;Ukraine;48.98605, 24.70957
688846;Vradiyivka;Vradiyivka;Bol'shaya Vradiyevka,Bol’shaya Vradiyevka,Bradiyevka,Velikaya Vradiyevka,Vradievka,Vradiivka,Vradijivka,Vradivka,Vradiyivka,Vradiïvka,Vradziiuka,Vrádivka,Wradijiwka,fradyyyfka,fu la di yi fu ka,Врадзііўка,Врадиевка,Врадиивка,Врадіївка,فراديييفكا,弗拉迪伊夫卡;P;PPL;UA;Ukraine;;16;4808;;;7956;158;157;Europe/Kyiv;2023-05-01;Ukraine;47.86425, 30.58881
688865;Voznesenka;Voznesenka;Voznesenka,Voznesensk,Вознесенка;P;PPL;UA;Ukraine;;26;2308;;;4917;;15;Europe/Kyiv;2022-12-13;Ukraine;46.86884, 35.463
689157;Volodarka;Volodarka;Volodarka,Володарка;P;PPLA2;UA;Ukraine;;13;3202;;;7355;;173;Europe/Kyiv;2022-10-27;Ukraine;49.52542, 29.91023
690009;Verbivka;Verbivka;Verbivka,Verbovka,Вербівка;P;PPL;UA;Ukraine;;07;6306;;;3377;;102;Europe/Kyiv;2022-10-27;Ukraine;49.41667, 35.53333
690600;Ustynivka;Ustynivka;Oustynivka,Ustinivka,Ustinovka,Устиновка,Устинівка;P;PPLA2;UA;Ukraine;;10;3504;;;3424;76;87;Europe/Kyiv;2022-10-27;Ukraine;47.95619, 32.53938
691313;Trykhaty;Trykhaty;Trikhati,Trikhaty,Trykhaty,Трихати,Трихаты;P;PPL;UA;Ukraine;;16;4806;;;1110;15;25;Europe/Kyiv;2022-10-27;Ukraine;47.13985, 31.82077
691318;Tryduby;Tryduby;Tridubi,Triduby,Tryduby,Тридуби,Тридубы;P;PPL;UA;Ukraine;;16;4808;;;2157;149;147;Europe/Kyiv;2022-10-27;Ukraine;48.07558, 30.41274
692703;Staryi Saltiv;Staryi Saltiv;Star.Saltov,Starij Saltiv,Stary Saltov,Staryi Saltiv,Staryj Saltov,Staryy Saltiv,Staryy Saltov,Стар.Салтов,Старий Салтів,Старый Салтов;P;PPLA3;UA;Ukraine;;07;6314;;;3776;;107;Europe/Kyiv;2023-12-11;Ukraine;50.07619, 36.78852
692829;Starobesheve;Starobesheve;Starobecheve,Starobeixeve,Starobeschewe,Starobeseve,Starobesheve,Starobeshevo,Starobeszewe,Starobexeve,Starobeşeve,Starobeševe,Starobyeshevo,Starobéixeve,Starobésheve,Staroye Beshevo,jiu bei she wei,sutarobeshevue,Старобешеве,Старобешево,スタロベシェヴェ,旧贝舍韦;P;PPL;UA;Ukraine;;05;1410;;;6044;;126;Europe/Kyiv;2023-11-23;Ukraine;47.75038, 38.03051
693272;Sokolinoye;Sokolinoye;Koekkoez,Kokkozy,Kökköz,Sokoline,Sokolinoe,Sokolinoye,Кокко́зы,Соколине,Соколиное;P;PPL;UA;Ukraine;;11;0102;11152806;;1251;281;270;Europe/Simferopol;2022-10-27;Ukraine;44.55041, 33.95897
693379;Snihurivka;Snihurivka;Smigirevk,Snegirevka,Snegirëvka,Snigirevka,Snigirjovka,Snigirëvka,Snigurivka,Snihourivka,Снигирёвка,Снігурівка;P;PPLA2;UA;Ukraine;;16;4802;;;12045;51;39;Europe/Kyiv;2023-01-23;Ukraine;47.07651, 32.8197
693426;Smoline;Smoline;Smoline,Smolino,Smoliné,Смолино,Смоліне;P;PPL;UA;Ukraine;;10;3506;;;9547;185;186;Europe/Kyiv;2022-10-27;Ukraine;48.60127, 31.31292
694512;Serbka;Serbka;Serbka,Сербка;P;PPL;UA;Ukraine;;17;5102;;;1943;37;29;Europe/Kyiv;2022-10-27;Ukraine;47.00502, 30.76252
694558;Semypolky;Semypolky;Semipolki,Semypolky,Семиполки;P;PPL;UA;Ukraine;;13;3206;;;2939;;116;Europe/Kyiv;2022-10-27;Ukraine;50.72627, 30.93441
694995;Rzhavyntsi;Rzhavyntsi;Rjavinti,Rjavinți,Rjavyntsi,Rzhavinci,Rzhavincy,Ржавинцы,Ржавинці;P;PPL;UA;Ukraine;;03;7306;;;3079;261;228;Europe/Kyiv;2022-10-27;Ukraine;48.50659, 26.07725
695304;Rozivka;Rozivka;Rosenberg,Rozenberg,Rozivka,Rozovka,Розенберг,Розовка,Розівка;P;PPLA2;UA;Ukraine;;26;2310;;;3140;220;208;Europe/Kyiv;2022-12-13;Ukraine;47.3954, 37.07078
695444;Roskoshnoye;Roskoshnoye;Roskoshnoe,Roskoshnoye,Rozkishne,Seit-Bulat Novyj,Розкішне,Роскошное,Сеи́т-Була́т Но́вый;P;PPLA3;UA;Ukraine;;11;0106;11152862;;559;31;30;Europe/Simferopol;2022-10-27;Ukraine;45.65187, 34.11552
695594;Rivne;Rivne;Eractum,RWN,Rivne,Rivno,Rivnė,Riwne,Rouna,Rovno,Rowne,Ruvne,Równe,liune,luo fu nuo,riune,rovno,rwbnw,rwfnw,rywn,rywnh,rʼwwnʼ,Ровно,Роўна,Рівне,Ռովնո,ראוונא,ראוונע,רובנו,روفنو,ریون,ریونه,როვნო,リウネ,羅夫諾,리우네;P;PPLA;UA;Ukraine;;19;5606;;;245289;;207;Europe/Kyiv;2023-01-22;Ukraine;50.62308, 26.22743
696152;Prostornoye;Prostornoye;Prostorne,Prostornoe,Prostornoye,Shirin Novyj,Просторне,Просторное,Шири́н Но́вый;P;PPLA3;UA;Ukraine;;11;0106;11152861;;635;7;9;Europe/Simferopol;2022-10-27;Ukraine;45.65597, 34.69837
696231;Pryvilne;Pryvilne;Privil'ne,Privol'noe,Pryvilne,Pryvilné,Привольное,Привільне;P;PPL;UA;Ukraine;;16;4802;;;2659;66;23;Europe/Kyiv;2022-10-27;Ukraine;47.49339, 32.29702
696299;Prylymanske;Prylymanske;Prilimans'ke,Prilimanskoye,Prylymans'ke,Prylymanske,Prylymans’ke,Tatarka,Прилиманське;P;PPL;UA;Ukraine;;17;5110;;;3852;27;23;Europe/Kyiv;2022-10-27;Ukraine;46.42369, 30.61446
696302;Prykolotne;Prykolotne;Prikolotne,Prikolotnoe,Prikolotnoye,Prikólotne,Prykalotneh,Prykolotne,Prıkolotne,pu li ke luo te nei,Приколотне,Приколотное,Прыкалотнэ,Պրիկոլոտնոե,普里科洛特内;P;PPL;UA;Ukraine;;07;6308;;;2499;;213;Europe/Kyiv;2022-10-27;Ukraine;50.16273, 37.34524
696348;Preobrazhenka;Preobrazhenka;Preobrazhenka,Преображенка;P;PPL;UA;Ukraine;;26;2310;;;3550;;58;Europe/Kyiv;2022-12-13;Ukraine;47.57194, 35.81667
696736;Pokrovka;Pokrovka;Pokrovka,Pokrovskoye,Покровка;P;PPL;UA;Ukraine;;16;4804;;;1027;29;28;Europe/Kyiv;2022-10-27;Ukraine;47.35326, 31.52365
696823;Pidvolochysk;Pidvolochysk;Pidvolochis'k,Pidvolotchysk,Podvolochisk,Podwoloczyska,Podwołoczyska,Подволочиск,Підволочиськ;P;PPLA2;UA;Ukraine;;22;6104;;;7843;281;290;Europe/Kyiv;2022-10-27;Ukraine;49.53131, 26.14401
696948;Pidhorodna;Pidhorodna;Pidgarodna,Pidgorodna,Pidhorodna,Pidjorodna,Podgorodnaja,Podgorodnaya,pi de huo luo de na,Пидгородна,Подгородная,Підгародна,Підгородна,Պոդգորոդնայա,皮德霍罗德纳;P;PPL;UA;Ukraine;;16;4808;;;2150;170;170;Europe/Kyiv;2023-05-01;Ukraine;48.10846, 30.88939
697473;Petranka;Petranka;Petranka,Петранка;P;PPL;UA;Ukraine;;06;2606;;;2929;;374;Europe/Kyiv;2022-10-27;Ukraine;48.90526, 24.30618
698332;Oshykhliby;Oshykhliby;Ochykhliby,Osehlib,Oshikhleby,Oshikhlibi,Oșehlib,Ошихлебы,Ошихліби;P;PPL;UA;Ukraine;;03;7306;;;2092;219;217;Europe/Kyiv;2022-10-27;Ukraine;48.42337, 25.70484
698422;Orikhivka;Orikhivka;Orekhovka,Orijivka,Orikhivka,Pandaclia,Pandakliya,Pandukli,ao li xi fu ka,Оріхівка,Пандъкли,奧里希夫卡;P;PPL;UA;Ukraine;;17;5106;;;2426;62;51;Europe/Kyiv;2022-10-27;Ukraine;45.80679, 28.90336
698770;Ochakiv;Ochakiv;Achakau,OEzi,Ocakiv,Ocakiva,Ocakivas,Ocakiw,Ocakov,Oceac,Ochakiv,Ochakov,Oczakow,Oczaków,Otchakiv,Otschakiw,Otschakow,Otsjakiv,Otxakiv,Otxàkiv,Oçakiv,Oĉakiv,Očakiv,Očakiva,Očakivas,Očakiw,Očakov,ao qia ji fu,awchakyf,Özi,Ачакаў,Очаков,Очаків,Օչակով,אוצקיב,اوچاکیف,ოჩაკოვი,奧恰基夫;P;PPLA2;UA;Ukraine;;16;4806;;;13663;37;36;Europe/Kyiv;2023-01-23;Ukraine;46.61472, 31.54505
698869;Novyi Starodub;Novyi Starodub;Nov.Starodub,Novij Starodub,Novo-Starodub,Novy Starodub,Novyi Starodub,Novyj Starodub,Novyy Starodub,Нов.Стародуб,Новий Стародуб,Новый Стародуб;P;PPL;UA;Ukraine;;10;3508;;;4777;;85;Europe/Kyiv;2022-10-27;Ukraine;48.5149, 33.17133
699122;Novosvitlivka;Novosvitlivka;Koloniya Rorbakh,Novosvetlovka,Novosvitlivka,Rorbakh,Новосвітлівка;P;PPL;UA;Ukraine;;16;4804;;;1410;77;75;Europe/Kyiv;2022-10-27;Ukraine;47.19985, 31.18437
699203;Novoselivka;Novoselivka;Novoselivka,Novoselovka,Novosëlovka,Новоселівка;P;PPL;UA;Ukraine;;17;5112;;;1640;230;206;Europe/Kyiv;2022-10-27;Ukraine;47.64773, 29.61372
699259;Mamayvtsi;Mamayvtsi;Mamaesti,Mamaivci,Mamaivcy,Mamaivtsi,Mamaïvtsi,Mămăești,Мамаивцы,Мамаївці;P;PPL;UA;Ukraine;;03;7306;;;5818;174;172;Europe/Kyiv;2022-10-27;Ukraine;48.34722, 25.8275
699445;Novomoskovsk;Novomoskovsk;Novomoskovs'k,Novomoskovsk,Novoselicja,Nowomoskowsk,Samarchik,Samartchyk,Новомосковск,Новомосковськ,Новоселиця,Самарчик;P;PPLA2;UA;Ukraine;;04;1210;;;70550;62;61;Europe/Kyiv;2022-12-23;Ukraine;48.62893, 35.2589
699655;Novoborysivka;Novoborysivka;Novaya Borisovka,Novoborisivka,Novoborisovka,Novoborysivka,Новоборисівка;P;PPL;UA;Ukraine;;17;5114;;;2277;168;169;Europe/Kyiv;2022-10-27;Ukraine;47.10299, 29.99224
699985;Nyzhni Stanivtsi;Nyzhni Stanivtsi;Nizhni Stanivci,Nizhnie Stanovcy,Nyjni Stanivtsi,Stanestii de Jos,Stăneștii de Jos,Нижние Становцы,Нижні Станівці;P;PPL;UA;Ukraine;;03;7302;;;1990;265;237;Europe/Kyiv;2022-10-27;Ukraine;48.32055, 25.56948
700152;Mykolaivka;Mykolaivka;Mikolaivka,Mykolaivka,Mykolayivka,Nikolaevka,Nikolayevka,Миколаївка,Николаевка;P;PPL;UA;Ukraine;;16;4802;;;1264;71;72;Europe/Kyiv;2022-10-27;Ukraine;47.75293, 32.84704
700730;Moshny;Moshny;Dudnitskoye,Moshni,Moshny,Мошни,Мошны;P;PPL;UA;Ukraine;;01;7108;;;4629;;86;Europe/Kyiv;2023-07-20;Ukraine;49.52754, 31.73708
700831;Molodiia;Molodiia;Cosmin,Kosmin,Maladzija,Molodia,Molodiia,Molodija,Molodiya,Mоlоdіja,Plaiul Cosmin,Plaiul Cosminului,mo luo ji ya,Маладзія,Молодия,Молодія,Մոլոդիյա,莫洛季亞;P;PPL;UA;Ukraine;;03;7306;;;3851;235;239;Europe/Kyiv;2022-10-27;Ukraine;48.22287, 26.02345
701104;Milove;Milove;Melovoe,Melovoy,Melovoye,Milove,Меловое,Мілове;P;PPLA3;UA;Ukraine;;14;4414;;;5418;;205;Europe/Kyiv;2022-12-13;Ukraine;49.37361, 40.14641
701355;Zhuravlyovka;Zhuravlyovka;Minlerchik,Zhuravlivka,Zhuravljovka,Zhuravlyovka,Журавлёвка,Журавлівка,Минлерчи́к;P;PPLA3;UA;Ukraine;;11;0116;11152606;;1368;115;116;Europe/Simferopol;2022-10-27;Ukraine;45.1768, 33.9968
701832;Marynivka;Marynivka;Marinivka,Marinovka,Marynivka,Мариновка,Маринівка;P;PPL;UA;Ukraine;;16;4804;;;2450;57;60;Europe/Kyiv;2022-10-27;Ukraine;47.77597, 30.88745
701877;Maniava;Maniava;Maneava,Maniava,Maniawa,Manjava,Manjawa,Manyava,Mаnjavа,ma ni ya wa,Манява,馬尼亞瓦;P;PPL;UA;Ukraine;;06;2604;;;3333;;516;Europe/Kyiv;2022-10-27;Ukraine;48.65485, 24.37096
702061;Malorechenskoye;Malorechenskoye;Kuchuk-Uzen',Kuchuk-Uzen’,Malorechenskoe,Malorechenskoye,Malorichens'ke,Malorichens’ke,Малореченское,Малоріченське;P;PPL;UA;Ukraine;;11;0120;;;1313;17;17;Europe/Simferopol;2022-10-27;Ukraine;44.75888, 34.55789
702550;Lviv;Lviv;Ilbav,L'viv,L'vou,L'vov,L'vov osh,LWO,Lavov,Lembaersch,Lemberg,Lemburg,Lembärsch,Leopoli,Leopolis,Leopołi,Leopul,Leópolis,Liopuli,Liov,Liòpuli,Ljviv,Lviv,Lvivo,Lvov,Lvova,Lvovas,Lwif,Lwiw,Lwow,Lwuw,Lwów,Lwůw,l wif,l'vov,lbwb,lfyf,li wo fu,libibeu,libiu,livhiva,liviv,lvov,lvovi,lvyv,lwwf,lwyw,lywyw,lʻmbryq,rivuiu,İlbav,Ļvova,Ľvov,Λβιβ,Лавов,Лвов,Львив,Львов,Львов ош,Львоў,Львів,Լվով,לבוב,לעמבערג,לעמבריק,لفيف,لووف,لویو,لڤیڤ,لیویو,लिव्हिव,லிவீவ்,ลวีฟ,ლვოვი,リヴィウ,利沃夫,리비브,리비우;P;PPLA;UA;Ukraine;;15;4606;;;717273;;284;Europe/Kyiv;2023-01-22;Ukraine;49.83826, 24.02324
702705;Luchistoye;Luchistoye;Demerdzhi,Luchiste,Luchistoe,Luchistoye,Демерджи́,Лучисте,Лучистое;P;PPL;UA;Ukraine;;11;0120;;;1180;490;498;Europe/Simferopol;2022-10-27;Ukraine;44.73646, 34.40063
703156;Lisne;Lisne;Lesnoe,Lisne,Lisné,Manzar,Manzir,Manzâr,li si nie,Лесное,Лісне,Манзир,利斯涅;P;PPL;UA;Ukraine;;17;5106;;;1318;179;188;Europe/Kyiv;2022-10-27;Ukraine;46.46771, 29.34994
703270;Mariia;Mariia;Imeni Lenina,Lenina,Mariia,Marija,Poselok Imeni Lenina,Posëlok Imeni Lenina,Леніна,Марія;P;PPL;UA;Ukraine;;14;4406;;;1228;;182;Europe/Kyiv;2022-12-13;Ukraine;48.42944, 39.14556
703448;Kyiv;Kyiv;Chijv,Civ,Cív,IEV,Kaenugardur,Keju,Kiebo,Kief,Kieu,Kiev,Kiev osh,Kievi,Kievom,Kievu,Kiew,Kiiev,Kiiv,Kijev,Kijeva,Kijevas,Kijew,Kijiv,Kijivo,Kijow,Kijuw,Kijv,Kijów,Kijůw,Kiova,Kiovia,Kiyev,Kiyiw,Kiëf,Kjiv,Kueyiv,Kyev,Kyiiv,Kyiv,Kyiw,Kyjev,Kyjiv,Kyjiw,Kyèv,Kænugarður,Kíev,Kîev,Küyiv,ji fu,kheiyf,kiu,kiv,kiva,kiyebha,kiyepeu,kyf,kyiva,kyyf,qyyb,Κίεβο,Кейӳ,Киев,Киев ош,Киевом,Киеву,Київ,Кијев,Кыив,Кыйив,Кіеў,Кꙑѥвъ,Կիև,קייב,קיעוו,كىيېۋ,كييف,کیف,کیێڤ,کی‌یف,कीव,क्यीव,কিয়েভ,கீவ்,കീവ്,เคียฟ,ཀིབ།,ကီးယက်မြို့,კიევი,ኪየቭ,キーウ,基輔,키예프;P;PPLC;UA;Ukraine;;12;;;;2797553;;187;Europe/Kyiv;2023-03-01;Ukraine;50.45466, 30.5238
703537;Kuteinykove;Kuteinykove;Kuteinikowo,Kuteinykove,Kutejnikove,Kuteynikovo,Kuteynykove,Кутейникове;P;PPL;UA;Ukraine;;05;1408;;;2076;;193;Europe/Kyiv;2022-10-27;Ukraine;47.81227, 38.28822
703706;Kulynychi;Kulynychi;Koulynytchi,Kulinichi,Kulinici,Kulinitxi,Kulynychi,Kulynychy,Kulynyci,Kulynytschi,Kulynyči,Kulínitxi,Kulınıçi,ku li ni qi,Кулиничи,Кулиничі,Кулынычы,Կուլինիչի,庫利尼奇;P;PPL;UA;Ukraine;;07;6312;;;2981;;144;Europe/Kyiv;2022-10-27;Ukraine;49.98178, 36.38283
704204;Lyman;Lyman;Krasnii Liman,Krasnij Liman,Krasniy Liman,Krasnoi Loman,Krasny Liman,Krasnyj Liman,Krasnyy Liman,Krasnyy Lyman,Krasnîi Lîman,Krasnõi Lõman,Liman,Loman,Lyman,Lîman,Lõman,hong li man,kʼrasni-limani,limani,Łyman,Красний Лиман,Красный Лиман,Лиман,Лыман,კრასნი-ლიმანი,ლიმანი,红利曼;P;PPL;UA;Ukraine;;05;1412;;;20066;;103;Europe/Kyiv;2023-04-30;Ukraine;48.98616, 37.80307
704443;Krymskaya Roza;Krymskaya Roza;Krasnaja Roza,Krims'ka Roza,Krymskaja Roza,Krymskaya Roza,Кра́сная Ро́за,Кримська Роза,Крымская Роза;P;PPLA3;UA;Ukraine;;11;0104;11152835;;1755;294;293;Europe/Simferopol;2022-10-27;Ukraine;45.05776, 34.35631
704518;Kozyrka;Kozyrka;Bol'shaya Kozyrka,Bol’shaya Kozyrka,Kozyrka,Козырка;P;PPL;UA;Ukraine;;16;4806;;;1099;8;11;Europe/Kyiv;2022-10-27;Ukraine;46.81038, 31.88014
704570;Kozelshchyna;Kozelshchyna;Kazehl'shchyna,Koselschtschyna,Kozehl'shhyna,Kozel'shhina,Kozelchtchyna,Kozelsciina,Kozelscina,Kozelscyna,Kozelshchyna,Kozelstsyna,Kozelszczyna,Kozelşçına,Kozelštšyna,Kozelščyna,Kozelșciîna,ke ze li xi na,Казэльшчына,Козельщина,Козэльщына,Կոզելշչինա,科泽利希纳,科澤利希納;P;PPL;UA;Ukraine;;18;5302;;;3628;82;85;Europe/Kyiv;2023-01-21;Ukraine;49.21731, 33.84888
704724;Kostyantynivka;Kostyantynivka;Konstantinovka,Kostiantynivka,Kostjantinivka,Константиновка,Костянтинівка;P;PPL;UA;Ukraine;;16;4804;;;2142;190;73;Europe/Kyiv;2022-10-27;Ukraine;47.83063, 31.15155
705115;Kostiantynivka;Kostiantynivka;Konstantinovka,Konstantinovka Yedionkhta,Kostiantynivka,Kostjantinivka,Kostyantynivka,Yedinokhta,Константиновка,Костянтинівка;P;PPL;UA;Ukraine;;26;2308;;;11540;;8;Europe/Kyiv;2022-12-20;Ukraine;46.81778, 35.42424
705186;Kal'mius'ke;Kal'mius'ke;Kal'miusskoe / Komsomol'skoe,Kalmiouske,Kalmiuske,Kalmiusske,Kalmiuśke,Karakoubstroi,Karakoubstroï,Karakubbud,Karakubstroy,Karakubstroyevo,Komsomol's'ke,Komsomol'skoe,Komsomol'skoye,Komsomolske,Komsomolśke,Komsomol’skoye,Komsomol’s’ke,Ploshchadka,Кальмиусское / Комсомольское,Каракуббуд,Комсомольское,Комсомольське;P;PPL;UA;Ukraine;;05;1410;;;11422;;93;Europe/Kyiv;2023-04-30;Ukraine;47.6639, 38.07753
705283;Kol’tsovo;Kol'tsovo;Kol'cove,Kol'covo,Kol'tsovo,Kol’tsovo,Tegesh,Кольцове,Кольцово,Теге́ш;P;PPLA3;UA;Ukraine;;11;0108;11153092;;697;65;67;Europe/Simferopol;2022-10-27;Ukraine;45.32807, 33.44992
705788;Kyryakivka;Kyryakivka;Kir'jakivka,Kir'jakovka,Kyriakivka,Кир'яківка,Кирьяковка;P;PPL;UA;Ukraine;;16;4806;;;1223;40;32;Europe/Kyiv;2022-10-27;Ukraine;47.05664, 31.85076
707928;Hubynykha;Hubynykha;Gubiniha,Gubinikha,Gubinixa,Gubynykha,Gubınıha,Houbynykha,Hubiniha,Hubynycha,Hubynykha,Hubînîha,hu bi ni ha,hwbynyka,Губиниха,Губыныха,Գուբինիխա,هوبينيكا,胡比尼哈;P;PPL;UA;Ukraine;;04;1210;;;5471;127;128;Europe/Kyiv;2022-10-27;Ukraine;48.808, 35.25829
708003;Grushevka;Grushevka;Grushevka,Grushivka,Saly,Грушевка,Грушівка,Салы́;P;PPL;UA;Ukraine;;11;0118;;;2269;224;243;Europe/Simferopol;2022-10-27;Ukraine;45.02281, 34.97301
708953;Gaspra;Gaspra;Gaspra,Gasprae,Gaspro,Haspra,gaspra,gasupura,ghasbra,ha si pu la,qaspra  rwsyh,Гаспрæ,Гаспра,Գասպրա,غاسبرا,قاسپرا، روسیه,گاسپرا,ガスプラ,哈斯普拉;P;PPL;UA;Ukraine;;11;0120;;;10310;68;108;Europe/Simferopol;2022-10-27;Ukraine;44.43364, 34.10297
709559;Kalynivka;Kalynivka;Kalinivka,Kalinovka,Kalynivka,Калиновка,Калинівка;P;PPL;UA;Ukraine;;16;4806;;;1033;53;41;Europe/Kyiv;2022-10-27;Ukraine;46.92208, 31.53046
709614;Drobysheve;Drobysheve;Drobyschewe,Drobysheve,Drobyshevo,Дробышево;P;PPLA3;UA;Ukraine;;05;1412;;;0;;100;Europe/Kyiv;2022-10-27;Ukraine;49.0416, 37.72962
709665;Dovbysh;Dovbysh;Dolbysz,Doubysh,Dovbis,Dovbish,Dovbych,Dovbys,Dovbysh,Dovbyš,Dovbîș,Dovbış,Dowbysch,Dołbysz,Markhlevsk,duo fu bei shen,dwfbysh,Довбиш,Довбыш,Доўбыш,دوفبيش,多夫贝什;P;PPL;UA;Ukraine;;27;1808;;;4147;;241;Europe/Kyiv;2022-10-27;Ukraine;50.37332, 27.98742
709776;Dolynske;Dolynske;Dolins'ke,Dolinskoye,Dolyns'ke,Dolynske,Dolyns’ke,Valegotsulovo,Долинське;P;PPL;UA;Ukraine;;17;5112;;;4036;85;87;Europe/Kyiv;2022-10-27;Ukraine;47.52952, 29.92642
710031;Dynivtsy;Dynivtsy;Dinauti,Dinauts',Dinautsy,Dinauts’,Dinivci,Dinovcy,Dinăuți,Dunayevtsy,Dynivtsi,Диновцы,Динівці;P;PPL;UA;Ukraine;;03;7306;;;3193;231;238;Europe/Kyiv;2022-10-27;Ukraine;48.31773, 26.29448
710892;Chechelnyk;Chechelnyk;Cecel'nyk,Cecelnik,Cecelnyk,Cecelnîk,Chechel'nik,Chechel'nyk,Chechelnik,Chechelnyk,Chehchehl'nyk,Csecselnik,Czeczelnik,Tchetchelnyk,Tchétchelnyk,Tjetjelnyk,Tschetschelnyk,Tsetselnyk,Tsjetsjelnyk,Txetxelnik,Txetxelnyk,Tšetšelnyk,chechelnikeu,qie qie li ni ke,z'z'lnyq,Çeçelnyk,Çeçelnık,Čečel'nyk,Čečelnyk,Čečeľnyk,Τσετσελνύκ,Чечельник,Чэчэльнык,טשעטשעלניק,צ'צ'לניק,ჩეჩელნიკი,切切利尼克,체첼니크;P;PPL;UA;Ukraine;;23;0504;;;4978;168;178;Europe/Kyiv;2023-01-19;Ukraine;48.21558, 29.36469
711894;Bohodukhiv;Bohodukhiv;Bagadukhiu,Bododukhov,Bogoduchow,Bogoduhiv,Bogodukhiv,Bogodukhov,Bogoduxov,Bohodochiv,Bohodoukhiv,Bohoduchiv,Bohoduchivas,Bohoduchiw,Bohoduhiv,Bohodukhiv,bo huo du xi fu,bogodukhovi,bohodukhiva,bwhwdwkhyf,Багадухіў,Богодухов,Богодухів,Բոգոդուխով,بوهودوخيف,بوهودوخیف,बोहोदूख़िव,ბოგოდუხოვი,博霍杜希夫;P;PPLA2;UA;Ukraine;;07;6302;;;17818;;150;Europe/Kyiv;2023-05-11;Ukraine;50.16464, 35.52725
712071;Velykyi Buialyk;Velykyi Buialyk;Blagoeve,Blagoyevo,Blahoieve,Blahoyeve,Bol'shoy Buyalyk,Bolshe Buyalik,Bol’shoy Buyalyk,Velikij Bujalik,Velykyi Buialyk,Velykyy Buyalyk,Благоєве,Великий Буялик;P;PPL;UA;Ukraine;;17;5102;;;1694;20;18;Europe/Kyiv;2022-10-27;Ukraine;46.93891, 30.65189
712488;Bilyayivka;Bilyayivka;Beljaevka,Belyaevka,Bielajewka,Bilayivka,Bileaiivka,Biliaivka,Biliajivka,Biliaïvka,Biljaiuka,Biljaivka,Biljajivka,Biljajiwka,Biljaïvka,Bilâyivka,beliaevkʼa,bie li ya ye fu ka,bylyayfka,Беляевка,Біляіўка,Біляївка,Բելյաևկա,بيليايفكا,ბელიაევკა,別利亞耶夫卡;P;PPLA2;UA;Ukraine;;17;5110;;;12477;4;8;Europe/Kyiv;2023-01-23;Ukraine;46.48427, 30.2089
712656;Bila Krynytsia;Bila Krynytsia;Belaya Krinitsa,Bila Krinica,Bila Krinicja,Bila Krynytsia,Bila Krynytsya,Біла Криниця;P;PPL;UA;Ukraine;;27;1804;;;1029;;137;Europe/Kyiv;2022-10-27;Ukraine;50.63982, 29.47041
712853;Baraboi;Baraboi;Baraboi,Baraboj,Baraboy,Baraboy Pervy,Baraboy Pervyy,Pervyy Baraboy,Барабой;P;PPL;UA;Ukraine;;17;5110;;;1533;15;12;Europe/Kyiv;2022-10-27;Ukraine;46.28769, 30.51368
860062;Borshchi;Borshchi;Borshchi,Borshhi,Selyshche Borshchi,Борщі;P;PPL;UA;Ukraine;;17;5112;;;1724;254;253;Europe/Kyiv;2022-10-27;Ukraine;47.8682, 29.48661
711961;Bahate;Bahate;Bagate,Bahate,Bahaté,Bogatoe,Doluchioi,Doluk'oj,OElue Koey,ba jia jie,bahaty,bogatʼoe,Ölü Köy,Багате,Богатое,Долукьой,Բոգատոե,باهاتي,ბოგატოე,巴加捷;P;PPL;UA;Ukraine;;17;5108;;;3977;14;12;Europe/Kyiv;2022-10-27;Ukraine;45.40718, 28.94254
7021036;Kholmovka;Kholmovka;Kholmivka,Kholmovka,Zalankoj,Заланко́й,Холмовка,Холмівка;P;PPL;UA;Ukraine;;11;0102;11152814;;2234;91;87;Europe/Simferopol;2022-10-27;Ukraine;44.6583, 33.75456
8468688;Hlyns'k;Hlyns'k;Glins'k,Glins'ko,Glinsk,Glinsko,Glińsko,Глинск,Глинськ,Глинсько;P;PPL;UA;Ukraine;;15;4606;;;1698;;259;Europe/Kyiv;2022-10-27;Ukraine;50.06033, 23.89956
8468760;Novoyavorivs'k;Novoyavorivs'k;Novoiavorivsk,Novojavorivs'k,Novojavorivsk,Novojavorovsk,Nowojaworiwsk,Новояворовск,Новояворівськ;P;PPL;UA;Ukraine;;15;4614;;;31366;;297;Europe/Kyiv;2023-06-12;Ukraine;49.93023, 23.57357
9533117;Partyzanske;Partyzanske;Mikolaivka-2,Partizans'ke,Partizanske,Partizanskoye,Partyzans'ke,Partyzanske,Partyzans’ke,Partîzanske,Zhal'bivka,Жальбівка,Миколаївка-2,Партизанське;P;PPL;UA;Ukraine;;04;1202;;;2591;60;59;Europe/Kyiv;2022-10-27;Ukraine;48.58792, 34.81465
9997869;Kalahliia;Kalahliia;Kalaglija,Kalahliia,Kalahliya,Калаглія;P;PPL;UA;Ukraine;;17;5110;;;1650;33;46;Europe/Kyiv;2022-10-27;Ukraine;46.2855, 30.36793
12156175;Dovhopillya;Dovhopillya;Campulung pe Ceremus,Câmpulung pe Ceremuș,Dolgopol'e,Dovgopillja,Dovhopillia,Довгопілля,Долгополье;P;PPL;UA;Ukraine;;03;7302;;;1227;531;533;Europe/Kyiv;2022-10-27;Ukraine;48.07154, 24.98021
12156404;Shyshkivtsi;Shyshkivtsi;Chichkivtsi,Shishkivci,Shishkovcy,Siscautii Noi,Șișcăuții Noi,Шишковцы,Шишківці;P;PPL;UA;Ukraine;;03;7304;;;1446;248;248;Europe/Kyiv;2022-10-27;Ukraine;48.44162, 27.15012
616743;Druzhkivka;Druzhkivka;Druschkiwka,Druzhkivka,Druzhkovka,Druzkivka,Družkivka,Дружковка,Дружківка;P;PPL;UA;Ukraine;;05;1412;;;53977;;71;Europe/Kyiv;2023-05-02;Ukraine;48.61897, 37.52704
686729;Vasylivka;Vasylivka;Vasil'evka,Vasilievka,Vasilivka,Vasiljevka,Vasiļivka,Vassolivka,Vassylivka,Vassõlivka,Vasyliuka,Vasylivka,Vasîlivka,Vasılivka,Wassyliwka,Wasyliwka,fasylyfka,wa xi li fu ka,wasylyfka,Василивка,Васильевка,Василівка,Васыливка,Васыліўка,Վասիլիևկա,فاسيليفكا,واسیلیفکا,ვასილიევკა,瓦西利夫卡;P;PPLA2;UA;Ukraine;;26;2304;;;12567;82;53;Europe/Kyiv;2023-01-23;Ukraine;47.44218, 35.28213
686868;Zolote;Zolote;Rudnik Zolotoy,Zolote,Zolotoe,Zolotoye,Золоте,Золотое;P;PPL;UA;Ukraine;;14;4412;;;13007;;167;Europe/Kyiv;2023-11-23;Ukraine;48.69516, 38.51512
686915;Znamyanka Druha;Znamyanka Druha;Znam'janka Druga,Znamenka Vtoraja,Znamianka Drouha,Знаменка Вторая,Знам’янка Друга;P;PPL;UA;Ukraine;;10;3504;;;5038;216;216;Europe/Kyiv;2022-10-27;Ukraine;48.71157, 32.59655
686919;Znamyanka;Znamyanka;Snamjanka,Znam'janka,Znamenka,Znamianka,Знаменка,Знам’янка;P;PPLA2;UA;Ukraine;;10;3504;;;22444;197;207;Europe/Kyiv;2022-10-27;Ukraine;48.72066, 32.65822
686992;Zhuravno;Zhuravno;Jouravno,Juravne,Juravno,Schurawno,Zhurauna,Zhuravne,Zhuravno,Zhuravnoye,Zouravno,Zsuravno,Zuravno,Zurawno,jwrafnw,ru la fu nuo,z'wrʼbnw,Żurawno,Ζουράβνο,Журавно,Жураўна,Ժուրավնո,ז'וראבנו,جورافنو,茹拉夫諾;P;PPL;UA;Ukraine;;15;4610;;;3302;;245;Europe/Kyiv;2023-05-01;Ukraine;49.25928, 24.28403
687301;Zemlyanichnoye;Zemlyanichnoye;Ortalan,Zemljanichne,Zemljanichnoe,Zemlyanichnoye,Земляничне,Земляничное,Ортала́н;P;PPLA3;UA;Ukraine;;11;0104;11152831;;660;330;330;Europe/Simferopol;2022-10-27;Ukraine;44.97444, 34.83553
688052;Yurkivka;Yurkivka;Jurkovka,Urkivka,Yurkivka,Yurkovka,Юрковка,Юрківка;P;PPL;UA;Ukraine;;01;7102;;;2887;;137;Europe/Kyiv;2022-10-27;Ukraine;49.01082, 31.08797
688961;Vorozhba;Vorozhba;Vorozhba,Ворожба;P;PPL;UA;Ukraine;;21;5908;;;6809;;152;Europe/Kyiv;2022-10-27;Ukraine;51.17334, 34.21917
689144;Voloka;Voloka;Voloka,Voloki,Волока;P;PPL;UA;Ukraine;;03;7306;;;3035;193;224;Europe/Kyiv;2022-10-27;Ukraine;48.19803, 25.93554
689307;Voinka;Voinka;Voinka,Воинка,Воїнка;P;PPLA3;UA;Ukraine;;11;0114;11152948;;4089;15;13;Europe/Simferopol;2022-10-27;Ukraine;45.8699, 33.99138
690266;Velyka Dymerka;Velyka Dymerka;Belaya Dymerka,Bol'shaya Dymerka,Bolschaja Bymerka,Bol’shaya Dymerka,Dimirka,Dymerka,Vehlyka Dymehrka,Velika Dimerka,Velika Ntimerka,Velikaja Dimerka,Velikaja Dymerka,Velikaya Dimerka,Velikaya Dymerka,Velikaya Dymërka,Velyka Dymerka,Velîka Dîmerka,Velıka Dımerka,Welyka Dymerka,Wełyka Dymerka,da de mei er ka,fylyka dymyrka,fylyka dymyrka  kyyyfska,wlyka dymrka,Βελίκα Ντίμερκα,Велика Димерка,Великая Димерка,Великая Дымерка,Вэлыка Дымэрка,Վելիկայա Դիմերկա,فيليكا ديميركا,فيليكا ديميركا، كيييفسكا,ولیکا دیمرکا,大德梅尔卡;P;PPL;UA;Ukraine;;13;3206;;;9606;;122;Europe/Kyiv;2022-10-27;Ukraine;50.59333, 30.90313
690688;Uman;Uman;Human,Humań,Ouman,Uman,Uman',Umanj,ʼwmn,ʼwmʼn,Умань,Умањ,אומאן,אומן;P;PPLA2;UA;Ukraine;;01;7106;;;100135;197;219;Europe/Kyiv;2023-01-23;Ukraine;48.7501, 30.21944
690855;Tyvriv;Tyvriv;Tivriv,Tyvriv,Tyvrov,Тиврів,Тывров;P;PPLA2;UA;Ukraine;;23;0502;;;3953;268;290;Europe/Kyiv;2022-10-27;Ukraine;49.01206, 28.50044
690918;Tuzly;Tuzly;Touzly,Tusly,Tuzla,Tuzli,Tuzly,tu zi li,Тузли,Тузлы,圖茲利;P;PPL;UA;Ukraine;;17;5104;;;1914;14;13;Europe/Kyiv;2022-10-27;Ukraine;45.86504, 30.09773
691286;Troyitske;Troyitske;Troic'ke,Troickoe,Troitske,Troïtské,Троицкое,Троїцьке;P;PPL;UA;Ukraine;;16;4806;;;1518;57;11;Europe/Kyiv;2022-10-27;Ukraine;47.3349, 31.73802
691291;Troyitske;Troyitske;Troic'ke,Troickoe,Troiitke,Troiițke,Troitske,Trojicke,Trojizke,Trojićke,Troïtské,te luo yi qi ke,Троицкое,Троїцьке,特羅伊齊克;P;PPL;UA;Ukraine;;17;5110;;;5178;13;14;Europe/Kyiv;2022-10-27;Ukraine;46.54168, 30.02346
691526;Tymoshivka;Tymoshivka;Timoshevka,Timoshivka,Timoshovka,Timoshëvka,Timosivka,Tymoshivka,Тимошівка;P;PPL;UA;Ukraine;;26;2304;;;2975;;71;Europe/Kyiv;2022-12-13;Ukraine;47.1828, 35.1085
691784;Tovtry;Tovtry;Tauteni,Tovtri,Tovtry,Tăuteni,Товтри,Товтры;P;PPL;UA;Ukraine;;03;7306;;;1758;191;225;Europe/Kyiv;2022-10-27;Ukraine;48.56667, 25.86667
691820;Tarutyne;Tarutyne;Anchokrak,Taroutyne,Taroutyné,Tarutin,Tarutine,Tarutino,Tarutyne,Tarutyneh,Tarutynė,Tarutıne,Tarútine,Tarútyne,ta lu ji nie,tarwtyant,Анчокрак,Тарутине,Тарутино,Тарутынэ,Տարուտինո,טארוטין,تاروتيانة,塔魯季涅;P;PPL;UA;Ukraine;;17;5106;;;5692;95;84;Europe/Kyiv;2023-05-04;Ukraine;46.18757, 29.14635
692315;Sudak;Sudak;Sudak,Sudako,Sudaq,Судак,სუდაკი;P;PPLA2;UA;Ukraine;;11;0118;;;16597;;33;Europe/Simferopol;2022-10-27;Ukraine;44.84924, 34.97471
693100;Sosnytsia;Sosnytsia;Sosnica,Sosnicja,Sosnitea,Sosnitsa,Sosnitsia,Sosnycja,Sosnytsia,Sosnytsja,Sosnytsya,Sosnyzja,Sosnîțea,Sosnıtsâ,Sośnica,Sòsnitsia,sosunicha,suo si ni cha,swsnyzyh,Σόσνιτσια,Сосница,Сосниця,Сосныця,Սոսնիցա,סוסניציה,ソスニチャ,索斯尼察;P;PPL;UA;Ukraine;;02;7402;;;7825;;117;Europe/Kyiv;2023-03-07;Ukraine;51.52387, 32.49985
693354;Sobolivka;Sobolivka;Sabaliuka,Sobolevka,Sobolivka,Sobolowka,Sobolówka,Сабаліўка,Соболівка;P;PPL;UA;Ukraine;;23;0504;;;3752;205;181;Europe/Kyiv;2022-10-27;Ukraine;48.61654, 29.48911
693571;Slavyanskoye;Slavyanskoye;Sadyr,Slavjanskoe,Slavyanskoye,Slov'jans'ke,Сады́р,Славянское,Слов’янське;P;PPLA3;UA;Ukraine;;11;0114;11153040;;1194;29;29;Europe/Simferopol;2022-10-27;Ukraine;45.72768, 33.32165
694152;Shevchenkove;Shevchenkove;Caramahmet,Chevtchenkove,Karamagmed,Karamakhmed,Schewtschenkowe,Sevcenkove,Sevcenkovo,Sevcsenkove,Sevtsen'kove,Sevtsenkove,Shehuchehnkaveh,Shevchenkove,Shevchenkovo,Sjevtjenkove,Sjevtsjenkove,Szewczenkowe,Xevtxenkove,Xevtxènkove,shyftshynkwf,Ŝevĉenkove,Şevçenkove,Ševtšenkove,Ševčenkove,Ševčenkovo,Ševčenkovė,Șevcenkove,Σεβτσένκοβε,Шевченкове,Шевченково,Шэўчэнкавэ,شيفتشينكوف;P;PPL;UA;Ukraine;;17;5108;;;5625;32;16;Europe/Kyiv;2022-10-27;Ukraine;45.55487, 29.33354
710703;Chornohuzy;Chornohuzy;Chernoguzy,Chornoguzi,Chornoguzy,Chornohuzy,Tsornokhuzi,Чорногузи;P;PPL;UA;Ukraine;;03;7302;;;2804;318;316;Europe/Kyiv;2022-10-27;Ukraine;48.27125, 25.22889
711054;Buzovytsya;Buzovytsya;Bouzovytsia,Buzovica,Buzovicja,Buzovita,Buzovița,Бузовица,Бузовиця;P;PPL;UA;Ukraine;;03;7304;;;1642;241;250;Europe/Kyiv;2022-10-27;Ukraine;48.49859, 26.93221
711225;Bukachivtsi;Bukachivtsi;Boukatchivtsi,Bukachevcy,Bukachivci,Bukachivtsi,Bukachjovcy,Bukachyucy,Bukacivci,Bukacivti,Bukacivtsi,Bukacivți,Bukaczowce,Bukatschiwzi,Bukaçivtsi,Bukačivci,bu ka qi fu qi,Букачевцы,Букачыўцы,Букачёвцы,Букачівці,בוקאצ'יבצי,布卡奇夫齊,布卡奇夫齐;P;PPL;UA;Ukraine;;06;2604;;;1179;245;238;Europe/Kyiv;2022-10-27;Ukraine;49.25425, 24.49559
711460;Bratske;Bratske;Brats'ke,Bratske,Bratskoe,Bratské,Братское,Братське;P;PPL;UA;Ukraine;;16;4804;;;5164;86;88;Europe/Kyiv;2023-01-22;Ukraine;47.86664, 31.57525
711887;Bohorodchany;Bohorodchany;Bogorodchani,Bogorodchany,Bohorodczany,Bohorodtchany,Brodshin,Богородчани,Богородчаны,בוהורודצ'אני;P;PPLA2;UA;Ukraine;;06;2604;;;8222;333;332;Europe/Kyiv;2022-10-27;Ukraine;48.80812, 24.53728
712423;Berehove;Berehove;Behrehgaveh,Bereg,Beregove,Beregovo,Beregszasz,Beregszász,Berehove,Berehovė,Berehowe,Berehowo,Bergsass,Bergsaß,Béréhové,Lampertshaza,Lampertsháza,Peregium,belehobe,beregovo,bie lie ge wo,brhwbh,brhwfh,byryhwfy,Берегове,Берегово,Бэрэгавэ,Բերեգովո,בערעגסאז,ברהובה,برهوفه,بيريهوفي,ბერეგოვო,别列戈沃,베레호베;P;PPLA2;UA;Ukraine;;25;2102;;;23325;115;117;Europe/Kyiv;2023-09-02;Ukraine;48.20514, 22.64453
712643;Bilenke;Bilenke;Achembet,Akembet,Belen'koe,Bilen'ke,Bilenke,Bilenké,bi lian ke,Беленькое,Біленьке,比連克;P;PPL;UA;Ukraine;;17;5104;;;1268;5;5;Europe/Kyiv;2022-10-27;Ukraine;46.0528, 30.37784
712839;Baranivka;Baranivka;Baranauka,Baraniuka,Baranivka,Baranivke,Baraniwka,Baranovka,Baranowka,Baranówka,ba la ni fu ka,bʼrʼnywwqʻ,Баранаўка,Барановка,Баранівка,Бараніўка,באראניווקע,巴拉尼夫卡;P;PPL;UA;Ukraine;;27;1808;;;11161;;223;Europe/Kyiv;2023-04-30;Ukraine;50.29691, 27.6622
712895;Balky;Balky;Balki,Balky,Балки;P;PPL;UA;Ukraine;;26;2304;;;5717;;71;Europe/Kyiv;2022-12-13;Ukraine;47.38596, 34.93132
713784;Adzhamka;Adzhamka;Adjamka,Adschamka,Adzamka,Adzhamka,Adzjamka,Adżamka,Ajamka,a gu mu ka,adjamka,Аdžаmkа,Аджамка,Աջամկա,أدجامكا,აჯამკა,阿贾姆卡;P;PPL;UA;Ukraine;;10;3504;;;3859;;113;Europe/Kyiv;2022-10-27;Ukraine;48.53973, 32.53595
829788;Narkevychi;Narkevychi;Jasne,Narkehvychy,Narkevichi,Narkevici,Narkevychi,Narkevyci,Narkevytchi,Narkevyči,Narkevîci,Narkevıçi,Narkewyczi,Narkewytschi,Narkévytchi,na er kai wei qi,Наркевичи,Наркевичі,Наркэвычы,Ясне,纳尔凯维奇;P;PPL;UA;Ukraine;;09;6804;;;1477;289;312;Europe/Kyiv;2022-10-27;Ukraine;49.51694, 26.63787
859908;Perekhrestove;Perekhrestove;Perekhrestove,Perekrestovo,Perekrestovo Vtoroye,Перехрестове;P;PPL;UA;Ukraine;;17;5114;;;1035;207;207;Europe/Kyiv;2022-10-27;Ukraine;47.43529, 29.79827
9982450;Pershotravneve;Pershotravneve;Pershotravneve,Pershotravnevoye,Першотравневе;P;PPL;UA;Ukraine;;17;5110;;;3689;14;19;Europe/Kyiv;2022-10-27;Ukraine;46.74341, 30.91669
11802110;Novi Chobruchi;Novi Chobruchi;Novi Chobruchi,Нові Чобручі;P;PPL;UA;Ukraine;;17;5114;;;1052;145;149;Europe/Kyiv;2022-10-27;Ukraine;46.86698, 30.0658
11876529;Horodok;Horodok;Gorodok,Городок;P;PPL;UA;Ukraine;;27;1804;;;2801;;171;Europe/Kyiv;2022-10-27;Ukraine;50.59483, 29.4607
694297;Shcherbani;Shcherbani;Shcherbani,Shcherbany,Shherbani,Щербани,Щербані;P;PPL;UA;Ukraine;;16;4804;;;1944;43;28;Europe/Kyiv;2022-10-27;Ukraine;47.51979, 31.74856
694554;Semisotka;Semisotka;Semisotka,Семисотка;P;PPLA3;UA;Ukraine;;11;0110;11132464;;1583;;26;Europe/Simferopol;2022-10-27;Ukraine;45.24676, 35.565
694691;Silets;Silets;Selets,Selets Bel'ski,Selets Bel’ski,Sielec,Sielec Belski,Sielec Bełski,Silec',Silets,Silets',Silets’,Сілець;P;PPL;UA;Ukraine;;15;4612;;;3641;;194;Europe/Kyiv;2022-10-27;Ukraine;50.29712, 24.20462
694724;Sebyne;Sebyne;Kutsiy Yelanets,Sebine,Sebino,Sebyne,Sébyné,Себине;P;PPL;UA;Ukraine;;16;4806;;;1495;12;14;Europe/Kyiv;2022-10-27;Ukraine;47.19905, 31.85919
695315;Rozhniativ;Rozhniativ;Razhnjaciu,Rojnativ,Rojneativ,Rojniativ,Rojnâtiv,Roschnjatiw,Rozhniativ,Rozhnjativ,Rozhnjatov,Rozhnyativ,Roznativ,Rozniatow,Rożniatów,Rožňativ,luo ri ni ya di fu,Ражняціў,Рожнятов,Рожнятів,רוז'ניאטיב,罗日尼亚蒂夫;P;PPL;UA;Ukraine;;06;2606;;;3874;347;363;Europe/Kyiv;2023-03-04;Ukraine;48.93975, 24.15627
695399;Roztoky;Roztoky;Rastoace,Rostoki,Roztoki,Roztoky,Răstoace,Розтоки;P;PPL;UA;Ukraine;;03;7302;;;1496;389;421;Europe/Kyiv;2022-10-27;Ukraine;48.17414, 25.13305
696280;Sartana;Sartana;Primorskoe,Primorskoye,Sartana,Приморское,Сартана;P;PPL;UA;Ukraine;;05;1414;;;10070;;16;Europe/Kyiv;2023-05-01;Ukraine;47.17704, 37.69273
696581;Pomichna;Pomichna;Pomicna,Pomitchna,Pomoshnaja,Помошная,Помічна;P;PPL;UA;Ukraine;;10;3506;;;8750;178;209;Europe/Kyiv;2022-10-27;Ukraine;48.23975, 31.40865
696602;Polianka;Polianka;Paljanka,Polanka,Poleanka,Polianka,Poljanka,Polyanka,Polyanki,Polânka,bo liang ka,Палянка,Полянка,Պոլյանկա,波良卡;P;PPL;UA;Ukraine;;27;1808;;;1693;;217;Europe/Kyiv;2022-10-27;Ukraine;50.25836, 27.68809
697183;Pyriatyn;Pyriatyn;Pirjatin,Pyriatyn,Пирятин;P;PPL;UA;Ukraine;;18;5304;;;14988;117;103;Europe/Kyiv;2023-05-03;Ukraine;50.24388, 32.5203
697392;Petrivka;Petrivka;Petrivka,Petrovka,Pietroasa,Piyetroasa,Петрівка;P;PPL;UA;Ukraine;;17;5104;;;1031;91;89;Europe/Kyiv;2022-10-27;Ukraine;46.31283, 29.95259
697439;Petropavlivka;Petropavlivka;Pauleni,Petropavlivka,Petropavlovka,Pétropavlivka,Păuleni,pei te luo pa fu li fu ka,Петропавловка,Петропавлівка,佩特羅帕夫利夫卡;P;PPL;UA;Ukraine;;17;5104;;;1120;35;55;Europe/Kyiv;2022-10-27;Ukraine;46.34171, 29.56007
697841;Pavlivka;Pavlivka;Pauliuka,Pavlivka,Pavlovka,Pawliwka,Pawlowka,Pаvlіvkа,ba fu li fu ka,Павловка,Павлівка,Паўліўка,Պավլովկա,巴甫利夫卡;P;PPL;UA;Ukraine;;23;0512;;;3635;;261;Europe/Kyiv;2022-10-27;Ukraine;49.44143, 28.45956
698003;Panyutyne;Panyutyne;Paniutyne,Panjutine,Panjutino,Panyutina,Panyutino,Panyutyne,Панютине,Панютино;P;PPL;UA;Ukraine;;07;6310;;;7038;;158;Europe/Kyiv;2024-03-04;Ukraine;48.93883, 36.27828
698502;Olyka;Olyka;Alyka,Olica,Olik,Olika,Olyka,Olîka,Olıka,Ołyka,ao li ka,Ολίκα,Алыка,Олика,Олыка,אוליקה,奧利卡;P;PPL;UA;Ukraine;;24;0708;;;3060;;198;Europe/Kyiv;2022-10-27;Ukraine;50.71855, 25.81251
699272;Novoselytsia;Novoselytsia;Bol'shaya Novoselitsa,Bol'shiye Novoselitsy,Bol’shaya Novoselitsa,Bol’shiye Novoselitsy,Novoselica,Novoselicja,Novoselitsa,Novoselytsia,Novoselytsya,Velikaya Novoselitsa,Новоселица,Новоселиця;P;PPL;UA;Ukraine;;09;6806;;;3185;;239;Europe/Kyiv;2022-10-27;Ukraine;50.0703, 27.51955
699861;Nova Haleshchyna;Nova Haleshchyna;Nova Galeshhina,Nova Halechtchyna,Nova Haléchtchyna,Novaja Galeshhina,Нова Галещина,Новая Галещина;P;PPL;UA;Ukraine;;18;5302;;;2195;82;76;Europe/Kyiv;2022-10-27;Ukraine;49.17053, 33.75609
700180;Nikolayevka;Nikolayevka;Mikolaivka,Nikolaevka,Nikolayevka,Миколаївка,Николаевка;P;PPLA3;UA;Ukraine;;11;0116;11152611;;2817;13;12;Europe/Simferopol;2022-10-27;Ukraine;44.96213, 33.61061
700796;Monastyryshche;Monastyryshche;Monastirishhe,Monastyrishhe,Monastyrychtche,Monastyrychtché,Монастирище,Монастырище;P;PPL;UA;Ukraine;;01;7106;;;8647;242;253;Europe/Kyiv;2023-01-18;Ukraine;48.99494, 29.80992
701233;Mykhaylivka;Mykhaylivka;Mikhajlivka,Mikhajlovka,Mykhailivka,Mykhaïlivka,Михайловка,Михайлівка;P;PPL;UA;Ukraine;;26;2304;;;11949;87;89;Europe/Kyiv;2023-01-19;Ukraine;47.26863, 35.22207
701327;Mishkovo-Pohorilove;Mishkovo-Pohorilove;Bol'shaya Pogorelova,Bol’shaya Pogorelova,Meshkovo,Meshkovo-Pogorelovka,Meshkovo-Pogorelovo,Mishkovo-Pogorilove,Mishkovo-Pohorilove,Мішково-Погорілове;P;PPL;UA;Ukraine;;16;4806;;;5484;31;31;Europe/Kyiv;2022-10-27;Ukraine;46.99447, 32.10997
701347;Merefa;Merefa;Meref,Merefa,mei lie fa,merepa,mrfa,Мерефа,Մերեֆա,مرفا,მერეფა,梅列法;P;PPL;UA;Ukraine;;07;6312;;;21202;;128;Europe/Kyiv;2023-05-02;Ukraine;49.81861, 36.05653
701491;Mayskoye;Mayskoye;Khaklaj,Majfel'd,Majs'ke,Majskoe,Mayskoye,Ма́йфельд,Майское,Майське,Хакла́й;P;PPLA3;UA;Ukraine;;11;0106;11152854;;2016;18;22;Europe/Simferopol;2022-10-27;Ukraine;45.59555, 34.55213
702433;Liubomyrka;Liubomyrka;Liubomyrka,Ljubomirka,Lyubomirka,Lyubomyrka,Любомирка;P;PPL;UA;Ukraine;;17;5112;;;1181;111;114;Europe/Kyiv;2022-10-27;Ukraine;47.76337, 29.48492
702760;Lozova;Lozova;Losowa,Losowaja,Lozova,Lozovaja,Lozovaya,Lozowa,lozovaia,luo zuo wa,lwzwbh,Łozowa,Лозова,Лозовая,Լոզովայա,לוזובה,ლოზოვაია,洛佐瓦;P;PPLA2;UA;Ukraine;;07;6310;;;54026;;185;Europe/Kyiv;2023-01-23;Ukraine;48.88937, 36.31755
702878;Lokachi;Lokachi;Lokache,Lokachi,Lokachy,Lokaci,Lokaciai,Lokacze,Lokatchi,Lokatji,Lokatschi,Lokaçi,Lokači,Lokačiai,Lókachi,luo ka qi,Łokacze,Локачи,Локачы,Локачі,לוקאצ'י,洛卡奇;P;PPL;UA;Ukraine;;24;0702;;;3746;;214;Europe/Kyiv;2022-12-26;Ukraine;50.737, 24.64944
702907;Livadia;Livadia;Livadia,Livadija,Livadiya,Ливадия,Лівадія;P;PPL;UA;Ukraine;;11;0120;;;1074;141;160;Europe/Simferopol;2022-10-27;Ukraine;44.47021, 34.14272
703144;Lisovi Sorochyntsi;Lisovi Sorochyntsi;Lesovy,Lesovy Sorochintsy,Lesovye Sorochincy,Lesovyye Sorochintsy,Lisovi Sorochinci,Lisovi Sorochyntsi,Pesovy,Sorochincy,Velikie Sorochincy,Великие Сорочинцы,Лесовые Сорочинцы,Лісові Сорочинці,Сорочинцы;P;PPL;UA;Ukraine;;02;7408;;;4050;;147;Europe/Kyiv;2022-10-27;Ukraine;50.6892, 32.32919
704398;Krasnoflotskoye;Krasnoflotskoye;Kajnash,Krasnoflots'ke,Krasnoflotskoe,Krasnoflotskoye,Кайна́ш,Краснофлотское,Краснофлотське;P;PPLA3;UA;Ukraine;;11;0118;11153125;;1143;16;15;Europe/Simferopol;2022-10-27;Ukraine;45.31572, 34.94756
704705;Kotelva;Kotelva;Kotel'va,Kotelva,Котельва;P;PPLA2;UA;Ukraine;;18;5308;;;12122;102;100;Europe/Kyiv;2022-10-27;Ukraine;50.06849, 34.74697
705183;Slobozhans’ke;Slobozhans'ke;Komsomol's'ke,Komsomol'skoye,Komsomolskoe,Komsomol’skoye,Komsomol’s’ke,Slobojanske,Sloboschanske,Slobozanske,Slobozhans'ke,Slobozhanskoe,Slobožanske,Słobożanśke,ke mu suo mo li xi ke,Комсомольське,Слобожанское,Слобожанське,Կոմսոմոլսկոե,科姆索莫利西克;P;PPL;UA;Ukraine;;07;6314;;;15825;;99;Europe/Kyiv;2022-10-27;Ukraine;49.59701, 36.52618
705461;Kol’chugino;Kol'chugino;Bulganak,Kol'chugine,Kol'chugino,Kol’chugino,Kronental',Булгана́к,Кольчугине,Кольчугино,Кронента́ль;P;PPLA3;UA;Ukraine;;11;0116;11152607;;3992;101;80;Europe/Simferopol;2022-10-27;Ukraine;44.94367, 33.78865
706195;Khrystoforivka;Khrystoforivka;Khristoforivka,Khristoforovka,Khrystoforivka,Христофоровка,Христофорівка;P;PPL;UA;Ukraine;;04;1206;;;1415;76;75;Europe/Kyiv;2022-10-27;Ukraine;47.98295, 33.0943
706333;Kholodna Balka;Kholodna Balka;Cholodna Balka,Chołodna Bałka,Holodna Balka,Jolodna Balka,Kholodna Balka,Kholodnaja Balka,huo luo de na ba er ka,Холодна Балка,Холодная Балка,霍洛德納巴爾卡;P;PPL;UA;Ukraine;;17;5110;;;2582;36;53;Europe/Kyiv;2022-10-27;Ukraine;46.60626, 30.58363
706352;Khodoriv;Khodoriv;Chodoriv,Chodoriw,Chodorov,Chodorow,Chodorów,Hodoriv,Hodoriva,Jodoriv,Jódoriv,Khodoriv,Khodorov,Xodorov,huo duo luo fu,hwdwrwb,khodorovi,khwdwryf,Ходоров,Ходорів,Խոդորով,חודורוב,خودوریف,ხოდოროვი,霍多羅夫;P;PPL;UA;Ukraine;;15;4610;;;8954;;258;Europe/Kyiv;2023-05-02;Ukraine;49.40681, 24.3113
706567;Kozatske;Kozatske;Gura Rosha,Gura-Rosie,Gura-Roșie,Kazackoe,Kazacʻkoe,Kizil Punar,Kozac'ke,Kozatske,Kozatské,ke zha qi ke,Гура Роша,Казацкое,Кизил Пунар,Козацьке,Կազացկոե,科扎齊克;P;PPL;UA;Ukraine;;17;5104;;;1550;45;45;Europe/Kyiv;2022-10-27;Ukraine;46.34881, 30.0452
706580;Kazanka;Kazanka;Kanzanka,Kazanka,Kazanko,Kazavka,Kazenka,Казанка;P;PPLA2;UA;Ukraine;;16;4802;;;6972;89;90;Europe/Kyiv;2022-10-27;Ukraine;47.82691, 32.83057
707001;Kamyane;Kamyane;Kam'jane,Kamennoye,Kamenovata,Kamiane,Kamiané,Кам'яне;P;PPL;UA;Ukraine;;17;5112;;;1425;121;118;Europe/Kyiv;2022-10-27;Ukraine;48.18621, 29.93142
707291;Izyumovka;Izyumovka;Izjumivka,Izjumovka,Izyumovka,Tamgadzhi,Ізюмівка,Изюмовка,Тамгаджи́;P;PPL;UA;Ukraine;;11;0118;11152899;;1128;234;220;Europe/Simferopol;2022-10-27;Ukraine;45.04437, 35.13717
707582;Yosypivka;Yosypivka;Iosipovka,Josipivka,Osipovka,Yosypivka,Yuzefstal',Yuzefstal’,Йосипівка;P;PPL;UA;Ukraine;;17;5110;;;1429;22;24;Europe/Kyiv;2022-10-27;Ukraine;46.407, 30.43552
707840;Husiatyn;Husiatyn;Gusatin,Gusjatin,Gusjatyn,Gusyatin,Gusâtın,Houssiatyn,Huseatin,Huseatîn,Husiatinum,Husiatyn,Husjatin,Husjatyn,Hussjatyn,Husyatyn,fushatin,hu xia ting,hwsyatyn,Гусятин,Гусятын,Գուսյատին,הוסיאטין,هوسياتين,フシャティン,胡夏廷;P;PPL;UA;Ukraine;;22;6106;;;7083;300;246;Europe/Kyiv;2023-01-19;Ukraine;49.07123, 26.20464
709075;Partenit;Partenit;Partehnit,Partenit,Partenito,pa er tai ni te,partnyt,partnyt  rwsyh,partynyt,Παρτενίτ,Партенит,Партеніт,Партэніт,Պարտենիտ,پارتنیت,پارتنیت، روسیه,پارتینیت,帕尔泰尼特;P;PPL;UA;Ukraine;;11;0120;;;6193;90;70;Europe/Simferopol;2022-10-27;Ukraine;44.578, 34.34464
709429;Dunayivtsi;Dunayivtsi;Dounaivtsi,Dounaïvtsi,Dunaevcy,Dunaiivti,Dunaiivți,Dunaivci,Dunajivciai,Dunajivtsi,Dunajiwzi,Dunajowce,du na yi fu qi,dunaevtsi,dunaivtsi,dwnayftsy,dwnayyftsy,dwnyybzy,Дунаевцы,Дунаївці,Դունաևցի,דונייבצי,دونائیفتسی,دونايفتسي,दुनैव्त्सि,დუნაევცი,杜納伊夫齊;P;PPL;UA;Ukraine;;09;6802;;;15707;300;324;Europe/Kyiv;2023-04-30;Ukraine;48.88697, 26.84816
709509;Duboviazivka;Duboviazivka;Dubovyazivka,Dubov'jazivka,Duboviazivka,Dubovjazovka,Dubovyazovka,Dubov”yazivka,Дубовязовка,Дубов’язівка;P;PPLA3;UA;Ukraine;;21;5902;;;0;;159;Europe/Kyiv;2022-10-27;Ukraine;51.13815, 33.36793
709717;Donetsk;Donetsk;DOK,Daneck,Donec'k,Doneck,Doneck osh,Donecka,Doneckas,Donecko,Doneckoj,Donesk,Donetk,Donetsk,Donetsk i Ukraina,Donezk,Donețk,Donieck,Donietsk,Donjeck,Doněck,Dońeck,Doņecka,Hughesovka,Jusowka,Juzivka,Juzovka,Ntonetsk,Stalin,Staline,Stalino,Yuzovka,Yuzovo,deanerrsk,do net skh,donecheukeu,donetska,donetsuiku,dun nie ci ke,dwntsk,dwnytsk,dwnzq,tonetsk,Ντονέτσκ,Данецк,Донецк,Донецк ош,Донецкой,Донецьк,Доњецк,Сталино,Сталіне,Сталіно,Юзовка,Юзівка,Դոնեցկ,דונצק,دونتسک,دونيتسك,دونیتسک,دۆنێتسک,दोनेत्स्क,தோனெத்ஸ்க்,ഡൊണെറ്റ്സ്ക്,โดเนตสค์,დონეცკი,ドネツィク,頓涅茨克,도네츠크;P;PPLA;UA;Ukraine;;05;1408;;;901645;;223;Europe/Kyiv;2023-01-22;Ukraine;48.023, 37.80224
709937;Dnistrivka;Dnistrivka;Dnestrovka,Dnistrivka,Otace Rasteu,Otace Răsteu,Resteu Atakhi,Resteu-Atachi,Restievo,Дністрівка;P;PPL;UA;Ukraine;;03;7304;;;1208;246;242;Europe/Kyiv;2022-10-27;Ukraine;48.53673, 26.9268
709993;Delzhyler;Delzhyler;Del'zhiler,Deljiler,Deljyler,Delschyler,Delzhiler,Delzyler,Delżyłer,Dmitrivka,de mi te li fu ka,Делжилер,Дельжилер,Дмитрівка,德米特里夫卡;P;PPL;UA;Ukraine;;17;5104;;;4071;42;47;Europe/Kyiv;2022-10-27;Ukraine;45.83973, 29.48718
710074;Desantne;Desantne;Desantne,Desantnoye,Galilesht',Galileshti,Galileshty,Galilesht’,Galilesti,Galileşti,Десантне;P;PPL;UA;Ukraine;;17;5108;;;1816;8;6;Europe/Kyiv;2022-10-27;Ukraine;45.57422, 29.53961
710368;Chulakivka;Chulakivka;Chulakivka,Chulakovka,Chulokovka,Ciulakivka,Culakivka,Tchoulakivka,Tjulakivka,Tschulakiwka,Tsjoelakivka,Tsjulakivka,Tsulakivka,Tšulаkіvkа,qiu la ji fu ka,Çulakivka,Čulakivka,Чулаковка,Чулаківка,丘拉基夫卡;P;PPL;UA;Ukraine;;08;6508;;;2938;;14;Europe/Kyiv;2022-10-27;Ukraine;46.35845, 32.35115
710449;Chistopolye;Chistopolye;Chistopillja,Chistopol'e,Chistopolye,Dere-Salyn,Дере́-Салы́н,Чистополье,Чистопілля;P;PPLA3;UA;Ukraine;;11;0110;11133367;;1706;;96;Europe/Simferopol;2022-10-27;Ukraine;45.36541, 36.18312
710534;Esman;Esman;Chervone,Chervonoye,Esman,Esman',Esman’,Luzhki,Yesman',Yesman’,Есмань,Червоне;P;PPL;UA;Ukraine;;21;5910;;;1800;;184;Europe/Kyiv;2022-10-27;Ukraine;51.77006, 34.06729
687432;Zdolbuniv;Zdolbuniv;Sdolbuniw,Zdalbuniu,Zdolbuniv,Zdolbunov,Zdolbunovo,Zdolbunow,Zdolbunuv,Zdołbunów,Здалбуніў,Здолбунов,Здолбунів;P;PPL;UA;Ukraine;;19;5606;;;24501;;195;Europe/Kyiv;2023-09-01;Ukraine;50.5206, 26.24251
687824;Zalesnoye;Zalesnoye;;P;PPLX;UA;Ukraine;;14;;;;2539;;275;Europe/Kyiv;2022-09-01;Ukraine;48.03104, 38.80934
688156;Yemelyanovka;Yemelyanovka;Dzhajtamgaly,Emel'janovka,Gaj Tamɣaly,Omeljanivka,Yemelyanovka,Ğaj Tamɣaly,Джайтамгалы́,Емельяновка,Омелянівка;P;PPLA3;UA;Ukraine;;11;0104;11152963;;1374;9;8;Europe/Simferopol;2022-10-27;Ukraine;45.53287, 34.89624
688732;Dneprovka;Dneprovka;Chokrakly-Shejkh-Ehli,Dneprovka,Dniprovka,Shejkh-Ehli,Vyselki,Вы́селки,Днепровка,Дніпровка,Чокраклы́-Шейх-Эли́,Шейх-Эли́;P;PPL;UA;Ukraine;;11;0106;11152857;;2068;15;9;Europe/Simferopol;2022-10-27;Ukraine;45.71373, 34.36256
688744;Vypasne;Vypasne;Podul de Piatr,Turlaki,Vipasne,Vypaskoye,Vypasne,Wypasne,fybasny,wei pa si nie,Випасне,فيباسني,維帕斯涅;P;PPL;UA;Ukraine;;17;5104;;;7675;10;14;Europe/Kyiv;2022-10-27;Ukraine;46.19092, 30.25615
689293;Vovchynets;Vovchynets;Volchents,Volchinets,Volcinet,Volcineti,Volcineţi,Vovchinec',Vovchynets,Вовчинець;P;PPL;UA;Ukraine;;03;7304;;;1325;232;244;Europe/Kyiv;2022-10-27;Ukraine;48.45557, 26.91654
689501;Vyshnivchyk;Vyshnivchyk;Vis'niovchik,Vishnevchik,Vishnivchik,Visnivciik,Vis’niovchik,Vosnivtsok,Vyshnivchyk,Vysjnivtsjyk,Vysnivcyk,Vysnivtsyk,Vyşnivçyk,Vyšnіvtšyk,Vîșnivciîk,Võšnivtšõk,Wisniowczyk,Wiśniowczyk,vuishinifuchiku,wei shen ni fu qi ke,Вишневчик,Вишнівчик,ヴィシニフチク,維什尼夫奇克;P;PPL;UA;Ukraine;;22;6104;;;1134;;315;Europe/Kyiv;2022-12-31;Ukraine;49.23143, 25.37165
689531;Vynohradove;Vynohradove;Chalbasy,Vinogradnoye,Vinogradove,Vinogradovo,Vinohradove,Vynohradove,Vynоhrаdоvе,Vînohradove,Wynohradowe,fynwhradwfy,wei nuo he la duo wei,Виноградове,Виноградово,فينوهرادوفي,维诺赫拉多韦;P;PPL;UA;Ukraine;;08;6510;;;4422;;37;Europe/Kyiv;2022-10-27;Ukraine;46.36867, 32.93836
689548;Vynohradne;Vynohradne;Koloniya,Vinogradne,Vinogradnoye,Vorms,Vynohradne,Vynohradné,Виноградне;P;PPL;UA;Ukraine;;17;5102;;;1187;80;80;Europe/Kyiv;2022-10-27;Ukraine;47.22635, 31.09723
689892;Verkhnie Synevydne;Verkhnie Synevydne;Sinovudzko,Synovudzko,Synovudzko Vyzhne,Synowodzko Wyzne,Synowódzko Wyżne,Verkhne Sin'ovidne,Verkhnee Sinevidnoe,Verkhneye Sinevidnoye,Verkhneye Sinevodnoye,Verkhnye Syn'ovydne,Verkhnye Syn'ovyone,Verkhnye Syn’ovydne,Verkhnye Syn’ovyone,Верхнее Синевидное,Верхнє Синьовидне;P;PPL;UA;Ukraine;;15;4610;;;3555;;379;Europe/Kyiv;2022-10-27;Ukraine;49.10307, 23.59099
690132;Velykyi Kliuchiv;Velykyi Kliuchiv;Klyuchev,Klyuchev Vel'kiy,Klyuchev Vel’kiy,Klyuchov,Klyuchuv Vel'ki,Klyuchuv Vel’ki,Klyuchëv,Velikij Kljuchiv,Velikij Kluciv,Velikiy Klyuchev,Velykyi Kliuchiv,Velykyy Klyuchiv,Великий Ключів;P;PPL;UA;Ukraine;;06;2608;;;3290;;349;Europe/Kyiv;2022-10-27;Ukraine;48.46436, 24.94196
690288;Velyka Oleksandrivka;Velyka Oleksandrivka;Novooleksandrivka,Vehlyka Alehksandryuka,Velika Oleksandrivka,Velika Oleksàndrivka,Velika Olexantrivka,Velikaja Aleksandrovka,Veloka Oleksandrivka,Velyka Oleksandrivka,Velõka Oleksandrivka,Velıka Oleksandrivka,Vélyka Oleksandrivka,Welyka Oleksandriwka,Welyka Olexandriwka,Wełyka Ołeksandriwka,da ya li shan de li fu ka,fylyka awlyksandryfka,fylyka awlyksandryfka  kyrswnska,Βελίκα Ολεξάντριβκα,Велика Олександривка,Велика Олександрівка,Великая Александровка,Вэлыка Алэксандрыўка,Новоолександрівка,فيليكا أوليكساندريفكا، كيرسونسكا,فيليكا اوليكساندريفكا,ველიკა-ოლექსანდრივკა,大亞歷山德里夫卡;P;PPL;UA;Ukraine;;08;6502;;;6654;;39;Europe/Kyiv;2023-01-20;Ukraine;47.31888, 33.29059
690524;Vakhrusheve;Vakhrusheve;Vakhrusheve,Vakhrushevo,Вахрушеве,Вахрушево;P;PPL;UA;Ukraine;;14;4408;;;11421;;225;Europe/Kyiv;2023-11-23;Ukraine;48.15124, 38.78043
690610;Ust-Chorna;Ust-Chorna;Kiralymezo,Királymező,Koenigsfoeued,Königsföüd,Oust-Tchorna,Usc'-Chorna,Ust'-Chorna,Ust-Chorna,Ust-Ciorna,Ust-Corna,Ust-Czorna,Ust-Tschorna,Ust-Çorna,Ustj-Corna,Ustj-Ĉorna,Usť-Čorna,wu si ji-qiao er na,Усть-Чорна,Усць-Чорна,烏斯季-喬爾納;P;PPL;UA;Ukraine;;25;2108;;;1547;530;528;Europe/Kyiv;2023-05-05;Ukraine;48.32472, 23.93439
691292;Troyitsko-Safonove;Troyitsko-Safonove;Troic'ko-Safonove,Troicko-Safonovo,Troitsko-Safonove,Trojizko-Safonowe,Troïtsko-Safonové,Троицко-Сафоново,Троїцько-Сафонове;P;PPL;UA;Ukraine;;16;4802;;;1335;85;87;Europe/Kyiv;2022-10-27;Ukraine;47.67612, 32.86596
691639;Ternuvate;Ternuvate;Gajchur,Haichur,Tehrnuvateh,Ternovatoe,Ternuvate,Ternuvaté,Ternuwate,tai er nu wa tai,Гайчур,Терноватое,Тернувате,Тэрнуватэ,Տերնովատոե,泰尔努瓦泰;P;PPL;UA;Ukraine;;26;2306;;;1306;154;152;Europe/Kyiv;2022-12-13;Ukraine;47.82995, 36.12973
692093;Svetlodarsk;Svetlodarsk;Svetlodarsk,Светлодарск;P;PPL;UA;Ukraine;;05;1402;;;11127;;181;Europe/Kyiv;2023-05-04;Ukraine;48.43374, 38.22331
692233;Sukhovolya;Sukhovolya;Sukhovolja,Sukhovolya,Суховоля;P;PPL;UA;Ukraine;;15;4606;;;3612;;301;Europe/Kyiv;2022-10-27;Ukraine;49.82426, 23.8377
692485;Storozhnytsia;Storozhnytsia;Iovro-Darma,Ordarma,Starazhnycja,Storojnicja,Storojnitea,Storojnytsia,Storojnîțea,Storozhnica,Storozhnicja,Storozhnitsa,Storozhnytsia,Storozhnytsya,Storozjnytsia,Storoznica,Storoznycja,Storoznytsja,Storoĵnicja,Storożnica,Storožnica,Storožnycja,Stоrоžnytsja,si tuo luo ri ni qi ya,stwrwz'nyzyh,Őrdarma,Старажныця,Сторожница,Сторожниця,Ստորոժնիցա,סטורוז'ניציה,斯托羅日尼齊亞;P;PPL;UA;Ukraine;;25;2110;;;2623;;110;Europe/Kyiv;2022-12-13;Ukraine;48.60403, 22.23269
693020;Yampil;Yampil;Iampol,Jampil',Jampol',Yampil,Ямполь,Ямпіль;P;PPL;UA;Ukraine;;23;0508;;;10957;81;56;Europe/Kyiv;2023-01-19;Ukraine;48.24056, 28.28141
693557;Sloboda;Sloboda;Sloboda,Slobozia Rarancei,Слобода;P;PPL;UA;Ukraine;;03;7306;;;1423;192;190;Europe/Kyiv;2022-10-27;Ukraine;48.27781, 26.19726
694016;Shyryayeve;Shyryayeve;Chyriaieve,Chyriaïévé,Sharayevo,Shirjaehve,Shirjaevo,Shiryayevo,Shyryayeve,Ширяево,Ширяэве;P;PPL;UA;Ukraine;;17;5102;;;6537;51;55;Europe/Kyiv;2022-10-27;Ukraine;47.38483, 30.19065
694725;Shchastia;Shchastia;Schast'e,Schast'ye,Schast’ye,Shchastia,Shchastya,Shhastja,Счастье,Щастя;P;PPL;UA;Ukraine;;14;4416;;;11411;;55;Europe/Kyiv;2023-05-02;Ukraine;48.73784, 39.23047
695026;Rykhtychi;Rykhtychi;Rihtici,Rikhtichi,Rikhtsitse,Rychcice,Rykhtichi,Rykhtsitse,Rykhtychi,Рихтичи,Рихтичі;P;PPL;UA;Ukraine;;15;4602;;;3244;;271;Europe/Kyiv;2022-10-27;Ukraine;49.38748, 23.56344
695561;Rohan;Rohan;Khutor Rogan',Khutor Rogan’,Rogan',Rogan’,Rohan,Rohan',Rohan’,Рогань;P;PPL;UA;Ukraine;;07;6312;;;3262;;109;Europe/Kyiv;2023-05-03;Ukraine;49.9029, 36.48122
695895;Radisnyy Sad;Radisnyy Sad;Radisnij Sad,Radisnyi Sad,Radisnyï Sad,Radostnyj Sad,Radsad,Радостный Сад,Радсад,Радісний Сад;P;PPL;UA;Ukraine;;16;4806;;;1978;28;21;Europe/Kyiv;2022-10-27;Ukraine;46.90089, 31.98839
696150;Prosyana;Prosyana;Prosjana,Prosjanaja,Prossiana,Просяна,Просяная;P;PPL;UA;Ukraine;;04;1214;;;4840;200;198;Europe/Kyiv;2022-10-27;Ukraine;48.11368, 36.37175
696282;Prymorske;Prymorske;Primors'ke,Primorskoe,Prymors'ke,Prymorske,Prymorské,Sagani,Shagani,pu li mo er xi ke,Şagani,Приморское,Приморське,Шагани,普里莫爾西克;P;PPL;UA;Ukraine;;17;5104;;;1841;6;8;Europe/Kyiv;2022-10-27;Ukraine;45.69012, 29.7974
697024;Pobednoye;Pobednoye;Pobedne,Pobednoe,Pobednoye,Tarkhanlar,Победное,Побєдне,Тарханла́р;P;PPLA3;UA;Ukraine;;11;0106;11152860;;3108;7;7;Europe/Simferopol;2022-10-27;Ukraine;45.70109, 34.44805
697126;Plakhtiyivka;Plakhtiyivka;Kurudere,Plachtijiwka,Plahteevca,Plajtiyivka,Plakht'ezhenka,Plakhtievka,Plakhtiivka,Plakhtiïvka,Plataresti,Plătăreşti,pei la he ji yi fu ka,Плахтиевка,Плахтьеженка,Плахтіївка,佩拉赫季伊夫卡;P;PPL;UA;Ukraine;;17;5104;;;5237;47;45;Europe/Kyiv;2022-10-27;Ukraine;46.095, 29.7189
697135;Pivdenne;Pivdenne;Pivdenne,Pivdennoe,Pivdennoye,Pivdennyy,Yuzhniy,Yuzhnyy,Пивденное,Південне;P;PPL;UA;Ukraine;;07;6312;;;7319;;180;Europe/Kyiv;2023-05-01;Ukraine;49.8832, 36.06846
697999;Parafiivka;Parafiivka;Parafeyevka,Parafievka,Parafiivka,Parafiyevka,Parafiyivka,Парафиевка,Парафіївка;P;PPLA3;UA;Ukraine;;02;7408;;;2212;;160;Europe/Kyiv;2022-10-27;Ukraine;50.87728, 32.64598
698479;Onufriyivka;Onufriyivka;Onoufriivka,Onoufriïvka,Onufrievka,Onufriivka,Онуфриевка,Онуфріївка;P;PPLA2;UA;Ukraine;;10;3508;;;3855;102;99;Europe/Kyiv;2022-10-27;Ukraine;48.89917, 33.44954
699437;Novonikolayevka;Novonikolayevka;Kachan,Kachan-Besh-Kuju,Novomikolaivka,Novonikolaevka,Novonikolayevka,Кача́н,Кача́н-Беш-Кую́,Новомиколаївка,Новониколаевка;P;PPLA3;UA;Ukraine;;11;0110;11131129;;1171;;107;Europe/Simferopol;2022-10-27;Ukraine;45.30855, 36.05749
699698;Novoandreyevka;Novoandreyevka;Kashik-Degirmen,Novoandreevka,Novoandreyevka,Novoandriivka,Каши́к-Дегирме́н,Новоандреевка,Новоандріївка;P;PPLA3;UA;Ukraine;;11;0116;11152612;;2778;105;108;Europe/Simferopol;2022-10-27;Ukraine;45.19904, 34.09384
699899;Nova Ushytsya;Nova Ushytsya;Nova Ouchytsia,Nova Ushicja,Novaja Ushica,Нова Ушиця,Новая Ушица;P;PPL;UA;Ukraine;;09;6802;;;4075;273;267;Europe/Kyiv;2023-01-21;Ukraine;48.83699, 27.27112
700178;Mykolayivka;Mykolayivka;Balabanca-Mica,Balabanca-Mică,Balabanivka,Balabanka,Mihaileni,Mihăileni,Mikolaivka,Mykolaivka,Mykolaïvka,Nicolaeni,Nicolaenii-Noui,Nicolăeni,Nikolaevka,mi ke la yi fu ka,Балаба́нівка,Миколаївка,Николаевка,米科拉伊夫卡;P;PPL;UA;Ukraine;;17;5104;;;1516;14;15;Europe/Kyiv;2022-10-27;Ukraine;45.90706, 30.22221
700289;Nerushay;Nerushay;Nerouchai,Nerusai,Nerushai,Nerushaj,Neruşai,Nérouchaï,nie lu sha yi,Нерушай,涅魯沙伊;P;PPL;UA;Ukraine;;17;5104;;;1993;12;14;Europe/Kyiv;2022-10-27;Ukraine;45.6644, 29.515
700581;Muzhiievo;Muzhiievo;Muzhievo,Muzhiievo,Muzhiyeve,Muzhiyevo,Muzhiyovo,Nagy-Muzsaly,Nagymuzsaly,Velikoye Muzhiyovo,Мужиево,Мужієво;P;PPL;UA;Ukraine;;25;2102;;;2086;;115;Europe/Kyiv;2022-12-13;Ukraine;48.17856, 22.70229
702486;Liubar;Liubar;Liubar,Ljubar,Lubar,Lyubar,lywbr,Любар,ליובר;P;PPLA2;UA;Ukraine;;27;1804;;;2351;;239;Europe/Kyiv;2022-10-27;Ukraine;49.92243, 27.76323
702834;Lopukhiv;Lopukhiv;Brustura,Lopuhiv,Lopukhiv,Lopukhov,Лопухів;P;PPL;UA;Ukraine;;25;2108;;;3199;;598;Europe/Kyiv;2022-12-13;Ukraine;48.36988, 23.97141
702981;Lysets;Lysets;Lisec,Lisec',Lysiec,Lyssets,Łysiec,Лисец,Лисець;P;PPL;UA;Ukraine;;06;2604;;;2926;292;293;Europe/Kyiv;2022-10-27;Ukraine;48.86912, 24.60898
703514;Kuty;Kuty;Cuturi,Kouti,Kouty,Kutai,Kuti,Kuty,Kutı,ku te,kwty,qwty,Κούτι,Кути,Куты,Կուտի,קוטי,کوتی,库特;P;PPL;UA;Ukraine;;06;2610;;;4025;318;343;Europe/Kyiv;2022-10-27;Ukraine;48.26249, 25.17943
703572;Kuriachi Lozy;Kuriachi Lozy;Kolontay,Kuriachi Lozy,Kurich'i Lozy,Kurich’i Lozy,Kurjach'i Lozy,Kurjachi Lozi,Kuryachi Lozy,Курячьи Лозы,Курячі Лози;P;PPL;UA;Ukraine;;16;4808;;;1698;168;173;Europe/Kyiv;2022-10-27;Ukraine;48.08375, 30.34807
703769;Tokarivka;Tokarivka;Kudryavtsevo,Kudryaztsevka,Tokarevka,Tokarivka,Токаревка,Токарівка;P;PPL;UA;Ukraine;;16;4804;;;2029;112;98;Europe/Kyiv;2022-10-27;Ukraine;47.30593, 31.01522
704010;Kryve Ozero;Kryve Ozero;Krive Ozero,Krivoe Ozero,Kryve Ozero,Kryvé Ozéro,Криве Озеро,Кривое Озеро;P;PPL;UA;Ukraine;;16;4808;;;7583;96;92;Europe/Kyiv;2023-01-21;Ukraine;47.94763, 30.34701
704377;Krasnokamenka;Krasnokamenka;Kiziltash,Krasnokam'janka,Krasnokamenka,Kyzyltash,Кизилта́ш,Краснокаменка,Краснокам’янка;P;PPL;UA;Ukraine;;11;0120;;;1051;211;255;Europe/Simferopol;2022-10-27;Ukraine;44.56383, 34.28877
704877;Koroviia;Koroviia;Corovia,Koroviia,Korovija,Koroviya,Korovya,Коровія;P;PPL;UA;Ukraine;;03;7306;;;2992;232;233;Europe/Kyiv;2022-10-27;Ukraine;48.22405, 25.97186
705784;Kyseliv;Kyseliv;Chisalau,Chisălău,Khiseleu,Kisalau,Kiselev,Kiseliv,Kiselëv,Kyseliv,Киселів;P;PPL;UA;Ukraine;;03;7306;;;2873;244;244;Europe/Kyiv;2022-10-27;Ukraine;48.58022, 25.657
705798;Kirovskoye;Kirovskoye;Kirovs'ke,Kirovskoe,Kirovskoye,Кировское,Кіровське;P;PPLA3;UA;Ukraine;;11;0108;11153134;;2096;58;58;Europe/Simferopol;2022-10-27;Ukraine;45.54503, 33.07769
706634;Katerynopil;Katerynopil;Kal'niboloto,Kalniboloto,Katerinopil',Katerinopol',Katerynopil,Katérynopil,Калниболото,Кальниболото,Катеринополь,Катеринопіль;P;PPLA2;UA;Ukraine;;01;7102;;;5513;130;124;Europe/Kyiv;2022-10-27;Ukraine;48.94563, 30.97187
707073;Kamianytsia;Kamianytsia;Kamyanytsya,Kam'janicja,Kamenica,Kamenica Nad Uh,Kamenitsa,Kamennitsa,Kamianytsia,Kam”yanytsya,Okementse,Каменица,Кам’яниця;P;PPL;UA;Ukraine;;25;2110;;;1886;;166;Europe/Kyiv;2022-12-13;Ukraine;48.69343, 22.3957
707220;Kalcheva;Kalcheva;Calceva,Kalcheva,Kalchevo,Kalcʻeva,Kaltcheva,Kaltchéva,Kaltschewa,ka er qie wa,Калчева,Калчево,Կալչևա,卡爾切瓦;P;PPL;UA;Ukraine;;17;5106;;;3536;64;65;Europe/Kyiv;2022-10-27;Ukraine;45.73609, 28.80772
707232;Kalanchak;Kalanchak;Kalancak,Kalancaka,Kalanceak,Kalanchak,Kalanczak,Kalantchak,Kalantjak,Kalantsak,Kalantschak,Kalantxak,Kalantšak,Kalančak,Kalančaka,Kałanczak,Qalancaq,Qalançaq,ka lan qia ke,Каланчак,卡蘭恰克;P;PPL;UA;Ukraine;;08;6508;;;9251;4;8;Europe/Kyiv;2023-01-21;Ukraine;46.25495, 33.29061
707347;Ivanivtsi;Ivanivtsi;Ianauti,Ianăuţi,Ivanivci,Ivanivtsi,Ivanovcy,Yanauts',Yanauts’,Іванівці,Ивановцы;P;PPL;UA;Ukraine;;03;7304;;;3253;254;253;Europe/Kyiv;2022-10-27;Ukraine;48.48851, 27.03363
707688;Chornomors’k;Chornomors'k;CH,Chernomorsk,Chornomors'k,Chornomorsk,Cornomorsk,Il'ichevka,Il'ichevsk,Illichivs'k,Illichivsk,Illichivs’k,Illitschiwsk,Ilyitschovsk,Il’ichevka,Il’ichevsk,Il’ichëvsk,Tschornomorsk,Čornomorsk,Іллічівськ,Ч,Черноморск,Чорноморск,Чорноморськ;P;PPL;UA;Ukraine;;17;5110;;;57983;29;21;Europe/Kyiv;2023-09-10;Ukraine;46.29914, 30.65529
708052;Hrytsiv;Hrytsiv;Gricev,Griciv,Hrycow,Hryców,Hrytsiv,Грицев,Гриців;P;PPL;UA;Ukraine;;09;6806;;;3454;256;257;Europe/Kyiv;2023-03-07;Ukraine;49.97186, 27.21687
708082;Hrymailiv;Hrymailiv;Grimajliv,Grimajlov,Grimayliv,Grymajliu,Grzymalow,Grzymałów,Grımayliv,Hrimailiv,Hrimajliv,Hrymailiv,Hrymajliv,Hrymajliw,Hrymayliv,Hrymaïliv,Hrymáiliv,Hrîmailiv,he li mai li fu,rymʼlʼww‎,Гримайлов,Гримайлів,Грымайліў,הרימאיליב,רימאלאוו‎,赫里迈利夫;P;PPL;UA;Ukraine;;22;6106;;;1778;;306;Europe/Kyiv;2023-03-04;Ukraine;49.32962, 26.0139
708140;Gresovskiy;Gresovskiy;Gresivs'kij,Gresovskiy,Hresivs'kyy,Hresivs’kyy,Гресівський;P;PPL;UA;Ukraine;;11;0116;;;9835;224;199;Europe/Simferopol;2022-10-27;Ukraine;45.00804, 34.02657
709513;Dubivtsi;Dubivtsi;Doubivtsi,Dubauti,Dubivci,Dubovcy,Dubăuți,Дубовцы,Дубівці;P;PPL;UA;Ukraine;;03;7306;;;1232;182;183;Europe/Kyiv;2022-10-27;Ukraine;48.35422, 25.71385
709516;Dubove;Dubove;Dombo,Dombó,Doubove,Doubové,Dubaveh,Dubove,Dubovi,Dubovoe,Dubowe,du bo wei,dwbwfy,dwbwfy  blyfyn,Дубавэ,Дубове,Дубови,Дубовое,Դուբովոե,دوبوفى,دوبوفي، بليفين,杜博韋;P;PPL;UA;Ukraine;;25;2108;;;9938;411;385;Europe/Kyiv;2022-12-13;Ukraine;48.17473, 23.88693
709584;Druzhba;Druzhba;Druzhba,Khutor Mikhailovsky,Khutor Mikhaylovskiy,Mikhailovskaya Khutor,Mikhaylovskiy Khutor,Дружба;P;PPL;UA;Ukraine;;21;5910;;;5220;;183;Europe/Kyiv;2022-10-27;Ukraine;52.04769, 33.94534
710140;Raukhivka;Raukhivka;Raoukhivka,Raukhivka,Раухівка;P;PPL;UA;Ukraine;;17;5102;;;2711;93;113;Europe/Kyiv;2022-10-27;Ukraine;47.16667, 30.81771
710374;Chuhuiv;Chuhuiv;Chuguev,Chuguiu,Chuguiv,Chuguyev,Chuhuiv,Chuhuyiv,Cuhujiv,Tchouhouiv,Tchouhouïv,Tschugujew,Tschuhujiw,Čuhujiv,Чугуев,Чугуіў,Чугуїв;P;PPLA2;UA;Ukraine;;07;6314;;;36519;;137;Europe/Kyiv;2023-06-12;Ukraine;49.83538, 36.6865
710454;Chisten’koye;Chisten'koye;Adzhi-Kal,Chisten'ke,Chisten'koe,Chisten'koye,Chisten’koye,Аджи́-Кал,Чистеньке,Чистенькое;P;PPLA3;UA;Ukraine;;11;0116;11152624;;5126;301;306;Europe/Simferopol;2022-10-27;Ukraine;44.88152, 34.04716
711587;Borshchiv;Borshchiv;Borchtchiv,Borsciv,Borshhiv,Borshhjov,Borszczow,Borszczów,Borșciv,Борщёв,Борщів;P;PPL;UA;Ukraine;;22;6106;;;10632;290;266;Europe/Kyiv;2023-05-02;Ukraine;48.80319, 26.03171
712850;Sinitsyno;Sinitsyno;Barak,Sinicine,Sinicyno,Sinitsyno,Бара́к,Синицине,Синицыно;P;PPLA3;UA;Ukraine;;11;0118;11152901;;1142;12;13;Europe/Simferopol;2022-10-27;Ukraine;45.23862, 35.24659
7040021;Aromatnoye;Aromatnoye;Aromatne,Aromatnoe,Ароматне,Ароматное;P;PPLA3;UA;Ukraine;;11;0102;11152800;;872;292;299;Europe/Simferopol;2022-10-27;Ukraine;44.80373, 33.87005
8504651;Sofiyivska Borschagivka;Sofiyivska Borschagivka;Sofievskaja Borshhagovka,Софиевская Борщаговка;P;PPL;UA;Ukraine;;13;3208;;;6571;;163;Europe/Kyiv;2022-10-27;Ukraine;50.41005, 30.36724
11153636;Sakharnaya Golovka;Sakharnaya Golovka;Sakharna Golovka,Sakharnaja Golovka,Sakharnaya Golovka,Сахарна Головка,Сахарная Головка;P;PPL;UA;Ukraine;;20;712927;11153385;;4146;;44;Europe/Simferopol;2016-05-23;Ukraine;44.58362, 33.64383
11557927;Zelenyi Hai;Zelenyi Hai;Zelenij Gaj,Zelenyi Hai,Zelenyy Hay,Zeljonyj Gaj,Зелений Гай,Зелёный Гай;P;PPL;UA;Ukraine;;16;4806;;;1128;42;51;Europe/Kyiv;2022-10-27;Ukraine;46.94244, 32.24178
12148846;Dubynove;Dubynove;Doubynove,Doubynové,Dubinove,Дубинове;P;PPL;UA;Ukraine;;17;5112;;;1216;100;98;Europe/Kyiv;2022-10-27;Ukraine;48.1339, 30.28673
710552;Chervonohryhorivka;Chervonohryhorivka;Chernishovka,Chervonogrigorivka,Chervonogrigorovka,Krasnogrigorivka,Tchervonohryhorivka,Красногригорівка,Червоногригоровка,Червоногригорівка,Чернишовка;P;PPL;UA;Ukraine;;04;1208;;;6270;39;42;Europe/Kyiv;2022-10-27;Ukraine;47.61906, 34.53778
711213;Buky;Buky;Bouky,Buki,Буки;P;PPL;UA;Ukraine;;01;7106;;;1778;224;209;Europe/Kyiv;2022-10-27;Ukraine;49.08929, 30.40901
712003;Bibrka;Bibrka;Bibrka,Boberka,Bobrka,Boiberik,Boiberke,Boyberik,Boyberke,Bóbrka,Prachnik,Бобрка,Бібрка;P;PPL;UA;Ukraine;;15;4606;;;3761;;297;Europe/Kyiv;2023-05-01;Ukraine;49.63814, 24.29199
712022;Bobivtsi;Bobivtsi;Bobeshti,Bobivci,Bobivtsi,Bobovtsy,Бобівці;P;PPL;UA;Ukraine;;03;7306;;;1852;241;228;Europe/Kyiv;2022-10-27;Ukraine;48.26395, 25.6899
712254;Berlohy;Berlohy;Berloby,Berlogi,Berlogy,Berlohy,Berxohy,Берлоги;P;PPL;UA;Ukraine;;06;2606;;;1238;;360;Europe/Kyiv;2022-10-27;Ukraine;48.96485, 24.24842
712343;Berezna;Berezna;Behrehzna,Beresna,Berezna,bei lei ci na,byryzna  tshyrnyhyfska,Березна,Бэрэзна,Բերեզնա,بيريزنا، تشيرنيهيفسكا,贝雷兹纳;P;PPL;UA;Ukraine;;02;7410;;;5172;;129;Europe/Kyiv;2022-10-27;Ukraine;51.5716, 31.78456
712618;Belinskoye;Belinskoye;Belins'ke,Belinskoe,Belinskoye,Белинское,Бєлінське;P;PPLA3;UA;Ukraine;;11;0110;11128216;;368;;31;Europe/Simferopol;2022-10-27;Ukraine;45.37465, 36.08212
713094;Abrikosovo;Abrikosovo;Abrikosove,Abrikosovo,Ajgashen,Ordzhak-Dzhabu,Абрикосове,Абрикосово,Айгаше́н,Орджа́к-Джабу́;P;PPLA3;UA;Ukraine;;11;0112;11152990;;778;24;26;Europe/Simferopol;2022-10-27;Ukraine;45.69236, 34.10156
689151;Nikol's’ke;Nikol's'ke;Kal'chik,Kal’chik,Nikol's'ke,Nikol'skae,Nikol'skoe,Nikol's’ke,Nikolske,Nikolśke,Voladarskoye,Volodars'ke,Volodarskoe,Volodars’ke,Wolodarske,Wołodarśke,ny kaulʾsʾ kh,Володарское,Володарське,Никольское,Нікольскае,Нікольське,ني كاُلءسء كه;P;PPLA2;UA;Ukraine;;05;1414;;;0;;124;Europe/Kyiv;2023-03-23;Ukraine;47.20533, 37.32139
689159;Volochysk;Volochysk;Valachysk,Volochis'k,Volochisk,Volocisk,Volocys'k,Volotchysk,Voloçısk,Voločisk,Voločys'k,Wolocysk,Woloczyska,Wolotschisk,Wolotschysk,Woločysk,Wołoczyska,fwlwtshysk,wo luo qi si ke,wwlwchysk,Валачыск,Волочиск,Волочиськ,فولوتشيسك,وولوچیسک,沃洛奇斯克;P;PPLA2;UA;Ukraine;;09;6804;;;18474;311;319;Europe/Kyiv;2023-01-23;Ukraine;49.53606, 26.20681
689294;Staryy Vovchynets;Staryy Vovchynets;Starij Vovchinec',Staryi Vovtchynets,Staryj Volchinec,Staryï Vovtchynets,Volcinet,Volcineț,Wolczynetz,Старий Вовчинець,Старый Волчинец;P;PPL;UA;Ukraine;;03;7306;;;2039;336;358;Europe/Kyiv;2022-10-27;Ukraine;48.0048, 25.93288
689817;Verkhovyna;Verkhovyna;Verhovina,Verhovîna,Verkhovina,Verkhovyna,Wierchowina,Zhab'e,Верховина,Жаб'є;P;PPLA2;UA;Ukraine;;06;2602;;;5829;620;607;Europe/Kyiv;2022-10-27;Ukraine;48.15536, 24.82986
689905;Verkhnesadovoye;Verkhnesadovoye;Duvankoj,Verkhn'osadove,Verkhnesadovoe,Verkhnesadovoye,Верхнесадовое,Верхньосадове,Дуванко́й;P;PPLA3;UA;Ukraine;;20;700468;11153384;;2331;64;69;Europe/Simferopol;2016-05-23;Ukraine;44.68932, 33.70207
690038;Velyka Mykhaylivka;Velyka Mykhaylivka;Grosulovo,Prosulovo,Velika Mikhajlivka,Velikaja Mikhajlovka,Velikaya Mikhalovka,Velikaya Mikhaylovka,Velyka Mykhailivka,Vélyka Mykhaïlivka,Велика Михайлівка,Великая Михайловка;P;PPL;UA;Ukraine;;17;5114;;;5303;47;47;Europe/Kyiv;2023-05-03;Ukraine;47.07847, 29.85253
690312;Vatutine;Vatutine;Vatoutine,Vatoutiné,Vatutine,Vatutino,Ватутино,Ватутіне;P;PPL;UA;Ukraine;;01;7102;;;15763;127;146;Europe/Kyiv;2023-05-02;Ukraine;49.01198, 31.04659
690834;Udobne;Udobne;Han-Casla,Han-Câșla,Hani Casla,Hani Câșla,Khan-Kishlo,Kyshlo Hanului,Oudobne,Oudobné,Udobne,Udobnoe,wu duo bu nie,Удобне,Удобное,Хан-Кишло,烏多布涅;P;PPL;UA;Ukraine;;17;5110;;;1947;79;87;Europe/Kyiv;2022-10-27;Ukraine;46.37836, 30.04545
690870;Tysovets;Tysovets;Tisauti,Tisovec,Tisovec',Tișăuți,Tysovets,Тисовец,Тисовець;P;PPL;UA;Ukraine;;03;7306;;;3556;274;223;Europe/Kyiv;2022-10-27;Ukraine;48.17298, 25.89877
691051;Tsybulivka;Tsybulivka;Cibulevka,Cibulivka,Tsybulevka,Tsybulivka,Цибулевка,Цибулівка;P;PPL;UA;Ukraine;;23;0504;;;1888;;186;Europe/Kyiv;2022-10-27;Ukraine;48.38641, 29.11747
691705;Irmino;Irmino;Irmino,Teplogirs'k,Teplogorsk,Teplohirs'k,Teplohirsk,Teplohirs’k,Ірміно,Теплогорск,Теплогірськ;P;PPL;UA;Ukraine;;14;4402;;;9270;;189;Europe/Kyiv;2023-05-03;Ukraine;48.59905, 38.58824
692961;Stalnivtsi;Stalnivtsi;Stal'nivci,Stal'novcy,Stalinesti,Stalnivtsi,Stălinești,Стальновцы,Стальнівці;P;PPL;UA;Ukraine;;03;7304;;;2104;159;175;Europe/Kyiv;2022-10-27;Ukraine;48.30389, 26.55281
692974;Stakhanovka;Stakhanovka;Beshuj-Iljak,Stakhanovka,Бешу́й-Иля́к,Стахановка;P;PPLA3;UA;Ukraine;;11;0112;11153018;;857;66;67;Europe/Simferopol;2022-10-27;Ukraine;45.37062, 33.94883
693028;Spaske;Spaske;Spas'ke,Spaske,Spasskoe,Spasskoye,Spas’ke,Спасское,Спаське;P;PPL;UA;Ukraine;;04;1202;;;3017;;48;Europe/Kyiv;2022-10-27;Ukraine;48.6577, 35.04966
693044;Spas;Spas;Spas,Spаs,si pa si,Спас,斯帕斯;P;PPL;UA;Ukraine;;06;2606;;;2976;;423;Europe/Kyiv;2022-10-27;Ukraine;48.88727, 24.06164
693468;Sloviansk;Sloviansk;Slaviansk,Slavjansk,Slavyansk,Slawjansk,Slov'jans'k,Sloveansk,Sloviansk,Slovjan'sk,Slovjansk,Slovjanska,Slovjanskas,Slovjansko,Slovyansk,Slov”yans'k,Slov”yans’k,Slowiansk,Slowjansk,Słowiańsk,Słowjansk,aslwfyansk,seullobiyansikeu,si la wei yang si ke,slwfyansk,suravuyansuku,Σλοβιάνσκ,Славянск,Славјанск,Слов'янськ,Словяньск,Слов’янськ,Սլովյանսկ,اسلوفیانسک,سلوفيانسك,სლავიანსკი,スラヴャンスク,斯拉維揚斯克,슬로비얀시크;P;PPL;UA;Ukraine;;05;1412;;;105141;;59;Europe/Kyiv;2023-12-02;Ukraine;48.84974, 37.59739
693684;Skelivka;Skelivka;Fel'shtin,Fel'shtyn,Felsteen,Felstin,Felsztyn,Fel’shtin,Fel’shtyn,Fulsztyn,Skehliuka,Skelevka,Skelivka,Skeliwka,Skelovka,Skеlіvkа,plstyn,si ke li fu ka,Скелевка,Скеловка,Скелівка,Скэліўка,פלשטין,斯克利夫卡;P;PPL;UA;Ukraine;;15;4608;;;1062;;317;Europe/Kyiv;2023-03-04;Ukraine;49.53686, 22.96664
693700;Skalat;Skalat;Skalat,Skałat,Скалат;P;PPL;UA;Ukraine;;22;6104;;;3814;314;317;Europe/Kyiv;2022-10-27;Ukraine;49.42544, 25.97598
693913;Shramkivka;Shramkivka;Khutor Shramkovka,Schramkiwka,Shramkiuka,Shramkivka,Shramkovka,Sramkivka,Sramkovka,Szramkiwka,shen la mu ji fu ka,Şramkivka,Šramkivka,Șramkivka,Шрамковка,Шрамківка,Шрамкіўка,Շրամկովկա,什拉姆基夫卡;P;PPL;UA;Ukraine;;01;7104;;;2709;;119;Europe/Kyiv;2022-10-27;Ukraine;50.1396, 32.12512
694205;Shershentsi;Shershentsi;Shershenci,Shershentsi,Shershentsy,Shershintsy,Шершенці;P;PPL;UA;Ukraine;;17;5112;;;1555;162;115;Europe/Kyiv;2022-10-27;Ukraine;47.98823, 29.00876
695274;Rubizhne;Rubizhne;Rubezhnaya,Rubezhnoe,Rubezhnoye,Rubischne,Rubizhne,Rubizne,Rubižne,Рубежное,Рубижне,Рубіжне;P;PPL;UA;Ukraine;;14;4412;;;55247;;78;Europe/Kyiv;2023-04-30;Ukraine;49.00606, 38.38119
695379;Rovenky;Rovenky;Roven'ki,Roven'ky,Rovenjki,Rovenky,Roven’ki,Roven’ky,Rowenki,Rowenky,Ровеньки;P;PPL;UA;Ukraine;;14;4408;;;45514;;265;Europe/Kyiv;2023-06-11;Ukraine;48.08331, 39.37764
696325;Prybuzske;Prybuzske;Pribugskoe,Pribuz'ke,Prybouzke,Prybouzké,Прибугское,Прибузьке;P;PPL;UA;Ukraine;;16;4806;;;1440;39;41;Europe/Kyiv;2022-10-27;Ukraine;46.77968, 32.09732
697276;Petrovske;Petrovske;Imeni Petrovskogo,Petrovs'ke,Petrovske,Petrovskoe,Petrovskoye,Petrovs’ke,Shterovskiy Zavod Imeni Petrovskogo,Петровское,Петровське;P;PPL;UA;Ukraine;;14;4408;;;12642;;314;Europe/Kyiv;2023-05-02;Ukraine;48.29662, 38.87892
697455;Petrykivka;Petrykivka;Petrikivka,Petrikovka,Petrykivka,Петриковка,Петриківка;P;PPLA2;UA;Ukraine;;04;1202;;;4896;;65;Europe/Kyiv;2022-10-27;Ukraine;48.7279, 34.62837
698107;Ozerne;Ozerne;Babel',Babele,General Al. Averescu,General Averesku,Oserne,Ozerne,Ozernoe,Ozerné,Бабель,Генерал Авереску,Озерне,Озерное;P;PPL;UA;Ukraine;;17;5108;;;5370;36;35;Europe/Kyiv;2022-10-27;Ukraine;45.40559, 28.66861
698939;Novi Broskivtsi;Novi Broskivtsi;Broscautii Noi,Broscăuții Noi,Novi Broskivci,Novi Broskivtsi,Novye Broskovcy,Новые Бросковцы,Нові Бросківці;P;PPL;UA;Ukraine;;03;7306;;;1469;284;376;Europe/Kyiv;2022-10-27;Ukraine;48.22045, 25.70484
699100;Novotroyitske;Novotroyitske;Novotroic'ke,Novotroickoe,Novotroitske,Novotroïtské,Saribulat,Velikij Sara Bulat,Великий Сара Булат,Новотроицкое,Новотроїцьке,Сарибулат;P;PPL;UA;Ukraine;;08;6504;;;10647;22;24;Europe/Kyiv;2023-01-20;Ukraine;46.35088, 34.33245
699493;Novokrymskoye;Novokrymskoye;Borlak-Tama,Burlaq,Novokrims'ke,Novokrymskoe,Novokrymskoye,Борла́к-Тама́,Новокримське,Новокрымское;P;PPLA3;UA;Ukraine;;11;0106;11152858;;1081;20;19;Europe/Simferopol;2022-10-27;Ukraine;45.78007, 34.15543
699604;Hreyhove;Hreyhove;Grejgove,Grejgovo,Hreihove,Hréïhové,Грейгове,Грейгово;P;PPL;UA;Ukraine;;16;4806;;;1422;63;63;Europe/Kyiv;2022-10-27;Ukraine;47.11433, 32.30029
699839;Nova Kakhovka;Nova Kakhovka;Naujoji Kachovka,Nova Kachovka,Nova Kahovka,Nova Kajovka,Nova Kakhovka,Novaja Kakhovka,Novaya Kaxovka,Nowa Kachowka,nobakahouka,nwbh qhwbqh,nwwa kakhwfka,xin ka huo fu ka,Нова Каховка,Новая Каховка,Նովայա Կախովկա,נובה קחובקה,نووا کاخوفکا,ნოვაია-კახოვკა,新卡霍夫卡,노바카호우카;P;PPL;UA;Ukraine;;08;6506;;;44427;16;19;Europe/Kyiv;2023-05-02;Ukraine;46.75966, 33.35591
700507;Nadvirna;Nadvirna;Nadvirna,Nadvorna,Nadvornaja,Nadvornaya,Nadwirna,Nadworna,Nadwórna,na de wo er na ya,nadvornaia,nadwyrna,ndbwrnh,Надвирна,Надворная,Надвірна,Նադվորնայա,נאדווערנע,נדבורנה,نادویرنا,ნადვორნაია,納德沃爾納亞;P;PPLA2;UA;Ukraine;;06;2612;;;22504;427;422;Europe/Kyiv;2023-09-04;Ukraine;48.63659, 24.5714
700536;Naddnipryanske;Naddnipryanske;Naddneprjanskoe,Naddniprianske,Naddniprianské,Naddniprjans'ke,Надднепрянское,Наддніпрянське;P;PPL;UA;Ukraine;;08;6510;;;1088;42;50;Europe/Kyiv;2022-10-27;Ukraine;46.73591, 32.7053
700835;Molodyozhnoye;Molodyozhnoye;Molodizhne,Molodjozhnoe,Molodyozhnoye,Молодёжное,Молодіжне;P;PPLA3;UA;Ukraine;;11;0116;11152610;;7597;216;219;Europe/Simferopol;2022-10-27;Ukraine;45.00354, 34.05634
701383;Melnytsya-Podilska;Melnytsya-Podilska;Mel'nica-Podol'skaja,Mel'nicja-Podil's'ka,Melnitea-Podilska,Melnytsia-Podilska,Melnîțea-Podilska,Mielnica Podolska,Мельница-Подольская,Мельниця-Подільська;P;PPL;UA;Ukraine;;22;6106;;;3716;310;260;Europe/Kyiv;2022-10-27;Ukraine;48.60816, 26.16657
701405;Melioratyvne;Melioratyvne;Meliorativne,Meliorativnoe,Melioratyvne,Mélioratyvné,Мелиоративное,Меліоративне;P;PPL;UA;Ukraine;;04;1210;;;4116;73;78;Europe/Kyiv;2022-10-27;Ukraine;48.62047, 35.40248
702302;Makiv;Makiv;Makiv,Makov,Makow,Maków,Маков,Маків;P;PPL;UA;Ukraine;;09;6802;;;5602;;275;Europe/Kyiv;2023-02-11;Ukraine;48.79388, 26.68908
702379;Liutizh;Liutizh;Liutizh,Ljutezh,Ljutizh,Lutesh,Lutezh,Lvutezh,Lyutezh,Lyutizh,Лютеж,Лютіж;P;PPL;UA;Ukraine;;13;3210;;;2282;108;112;Europe/Kyiv;2022-10-27;Ukraine;50.6835, 30.39324
702862;Lomachyntsi;Lomachyntsi;Lomachinci,Lomachinets',Lomachinets’,Lomachintsy,Lomachyntsi,Lomacineti,Lomacineţi,Lomatchyntsi,Ломачинці;P;PPL;UA;Ukraine;;03;7304;;;2217;239;236;Europe/Kyiv;2022-10-27;Ukraine;48.58434, 27.3801
703439;Labushne;Labushne;Labouchne,Labouchné,Labushnaya,Labushne,Labushnoe,Лабушне,Лабушное;P;PPL;UA;Ukraine;;17;5112;;;1365;155;182;Europe/Kyiv;2022-10-27;Ukraine;48.02239, 29.13654
703690;Kumari;Kumari;Bol'shiye Kumary,Bol’shiye Kumary,Koumari,Kumari,Kumary,Кумари,Кумарі;P;PPL;UA;Ukraine;;16;4808;;;1186;76;76;Europe/Kyiv;2022-10-27;Ukraine;47.93591, 30.66931
704207;Krasnyi Kut;Krasnyi Kut;Krasnij Kut,Krasnyi Kut,Krasnyy Kut,Красний Кут;P;PPL;UA;Ukraine;;14;4408;;;2983;;155;Europe/Kyiv;2022-12-13;Ukraine;48.20138, 38.79765
704352;Krasnopillya;Krasnopillya;Bljumenfel'd,Krasnopillia,Krasnopillja,Krasnopol'e,Блюменфельд,Краснополье,Краснопілля;P;PPL;UA;Ukraine;;16;4806;;;1083;36;34;Europe/Kyiv;2022-10-27;Ukraine;46.86308, 31.24903
704778;Koson;Koson;Kosini,Kosino,Kosiny,Koson,Koson',Koson’,Kosoń,Kosson,Kosyny,Kоsоn,Mezokaszony,Mezőkaszony,ke song,Косонь,Կոսոն,קאסאן,科松;P;PPL;UA;Ukraine;;25;2102;;;2338;;108;Europe/Kyiv;2022-12-13;Ukraine;48.25482, 22.45896
706448;Kherson;Kherson;Cherson,Chersona,Chersonas,Chersoń,H'erson,Herson,Hersona,Hersono,Herszon,H’erson,Jerson,Jersón,KHE,Kherson,Khersonskuju,Xerson,he er song,heleuson,heruson,hrswn,khersana,khersoni,khrswn,khyrswn,Ĥersono,Χερσώνα,Херсон,Херсонскую,Խերսոն,חרסון,خرسون,خيرسون,خیرسون,खेर्सन,ხერსონი,ヘルソン,赫尔松,헤르손;P;PPLA;UA;Ukraine;;08;6510;;;283649;41;45;Europe/Kyiv;2023-01-22;Ukraine;46.63695, 32.61458
706757;Soledar;Soledar;Imeni Karla Libknekhta,Karla Libknekhta,Karlo-Libknekhtovo,Karlo-Libknekhtovsk,Poselok,Soledar,Соледар;P;PPL;UA;Ukraine;;05;1402;;;10490;;82;Europe/Kyiv;2023-05-03;Ukraine;48.69075, 38.07432
707067;Kamyanka;Kamyanka;Anchekrak,Kam'janka,Kamenka,Kamianka,Krasnobalkovo,Анчекрак,Кам'янка,Каменка,Краснобалково;P;PPL;UA;Ukraine;;16;4806;;;1436;23;22;Europe/Kyiv;2022-10-27;Ukraine;46.81654, 31.67286
707451;Ivanivka;Ivanivka;Ivaniuka,Ivanivka,Ivanovka,Ivaņivka,Ivànivka,Iwaniwka,Yanovka,yi wan ni fu ka,İvanivka,Іванівка,Іваніўка,Иванивка,Ивановка,伊万尼夫卡;P;PPL;UA;Ukraine;;17;5102;;;2424;8;20;Europe/Kyiv;2023-03-07;Ukraine;46.97463, 30.46938
707494;Ivankivtsi;Ivankivtsi;Ivancauti,Ivancăuți,Ivankivci,Ivankivtsi,Ivankovcy,Іванківці,Иванковцы;P;PPL;UA;Ukraine;;03;7306;;;1388;239;222;Europe/Kyiv;2022-10-27;Ukraine;48.45332, 25.67275
708405;Gornostayevka;Gornostayevka;Akkoz,Aq Koez,Aq Köz,Gornostaevka,Gornostaivka,Gornostayevka,Mariental',Акко́з,Горностаевка,Горностаївка,Мариента́ль;P;PPLA3;UA;Ukraine;;11;0110;11128407;;2132;;98;Europe/Simferopol;2022-10-27;Ukraine;45.27819, 36.18601
708633;Zelenyy Hay;Zelenyy Hay;Leusenii Tautului,Leușenii Tăutului,Zelenij Gaj,Zelenyi Hai,Zeljonyj Gaj,Zélényï Haï,Зелений Гай,Зелёный Гай;P;PPL;UA;Ukraine;;03;7306;;;1891;137;138;Europe/Kyiv;2022-10-27;Ukraine;48.2251, 26.21241
709082;Frunze;Frunze;Frunze,Фрунзе;P;PPLA3;UA;Ukraine;;11;0108;11153113;;3051;15;25;Europe/Simferopol;2022-10-27;Ukraine;45.02688, 33.62956
709630;Drahovo;Drahovo;Dragovo,Drahove,Drahovo,Драгово;P;PPL;UA;Ukraine;;25;2112;;;4262;;370;Europe/Kyiv;2022-12-13;Ukraine;48.23789, 23.54868
709856;Dobrianka;Dobrianka;Dabranka,Dobranka,Dobreanka,Dobrianka,Dobrjanka,Dobrovelichkivka,Dobryanka,Dobrânka,duo bu liang ka,dwbryanka,dwbryanka  rwzajy,Дабранка,Добровеличківка,Добрянка,Դոբրյանկա,دوبريانكا,دوبريانكا، روزاجي,多布良卡;P;PPL;UA;Ukraine;;02;7410;;;3250;;145;Europe/Kyiv;2022-10-27;Ukraine;52.06314, 31.18567
708753;Hlobyne;Hlobyne;Globine,Globino,Hlobyne,Hlobyné,Глобине,Глобино;P;PPL;UA;Ukraine;;18;5302;;;9349;97;98;Europe/Kyiv;2023-01-21;Ukraine;49.37894, 33.27555
708901;Haysyn;Haysyn;Gajsin,Haissyn,Haisyn,Hajsin,Hajssyn,Hajsyn,Haysyn,Haïssyn,hʼysyn,Гайсин,האיסין;P;PPLA2;UA;Ukraine;;23;0504;;;25735;215;193;Europe/Kyiv;2023-08-28;Ukraine;48.81294, 29.37917
709792;Dolynyany;Dolynyany;Dolineni,Dolinjani,Dolinjany,Dolyniany,Долиняни,Долиняны;P;PPL;UA;Ukraine;;03;7304;;;1383;209;212;Europe/Kyiv;2022-10-27;Ukraine;48.40715, 26.42984
710032;Oleksandriyske;Oleksandriyske;Aleksandrijskoe,Dimitrove,Dimitrovo,Dymytrove,Oleksandriiske,Oleksandrijs'ke,Oleksandriïské,Александрийское,Димитрове,Димитрово,Олександрійське;P;PPL;UA;Ukraine;;10;3508;;;4718;155;145;Europe/Kyiv;2022-10-27;Ukraine;48.60444, 32.98851
710587;Chervona Sloboda;Chervona Sloboda;Cesars'ka Sloboda,Cesarskaja Sloboda,Chervona Sloboda,Chervonaja Sloboda,Sekava,Секава,Цесарская Слобода,Цесарська Слобода,Червона Слобода,Червоная Слобода;P;PPL;UA;Ukraine;;01;7108;;;9333;;87;Europe/Kyiv;2023-03-31;Ukraine;49.37281, 32.15742
710735;Chernihiv;Chernihiv;Cernigau,Cernigiv,Cernigivo,Cernigov,Cernigovas,Cernigău,Cernihiv,Cernihivo,Cernihiw,Cernihov,Cerniqov,Charnigau,Chernigiv,Chernigov,Chernihiv,Chernígov,Csernyihiv,Czernihovia,Czernihow,Czernihów,Tchernihiv,Tjernihiv,Tschernigow,Tschernihiw,Tsernigiv,Tsernihiv,Tsjernihiv,Txernihiv,Txerníhiv,Tšernigiv,Tšernihiv,cheleunihiu,chernigovi,cherunihiu,chrnyhyf,qie er ni ge fu,tshrnyhyf,z'rnyhyb,Çernigiv,Çerniqov,Ĉernigivo,Ĉernihivo,Černigiv,Černigov,Černigovas,Černihiv,Černihiw,Černihov,Чарнігаў,Чернигов,Чернігів,Чернїгів,Չեռնիգով,צ'רניהיב,تشرنيهيف,چرنیهیف,چرنیہیف,ჩერნიგოვი,チェルニーヒウ,切尔尼戈夫,체르니히우;P;PPLA;UA;Ukraine;;02;7410;;;285234;;127;Europe/Kyiv;2023-01-22;Ukraine;51.50551, 31.28487
710820;Cherepkivtsi;Cherepkivtsi;Cerepauti,Cerepcauti,Cherepkivci,Cherepkivtsi,Cherepkouts,Cherepkovtsy,Черепківці;P;PPL;UA;Ukraine;;03;7306;;;9376;314;312;Europe/Kyiv;2022-10-27;Ukraine;48.01557, 25.9643
711227;Buzke;Buzke;Bouzke,Bouzké,Bugskoe,Buz'ke,Бугское,Бузьке;P;PPL;UA;Ukraine;;16;4806;;;1529;90;86;Europe/Kyiv;2022-10-27;Ukraine;47.42993, 31.99806
711398;Broska;Broska;Broasca,Broska,brwska,bu luo si ka,Броска,بروسكا,布羅斯卡;P;PPL;UA;Ukraine;;17;5108;;;3704;6;7;Europe/Kyiv;2022-10-27;Ukraine;45.36943, 28.78805
712050;Blizhneye;Blizhneye;Blizhne,Blizhnee,Blizhneye,Blizhnjaja Bajbuga,Pricepka,Pritsepka,Бли́жняя Байбуга́,Ближнее,Ближнє,Прицепка;P;PPL;UA;Ukraine;;11;0118;;;2779;21;26;Europe/Simferopol;2022-10-27;Ukraine;45.05694, 35.33056
712313;Berezovka;Berezovka;Berezivka,Berezovka,Sejich Eli,Smidovich,Šejiχ Eli,Березовка,Березівка,Смидо́вич;P;PPLA3;UA;Ukraine;;11;0114;11153025;;1308;55;52;Europe/Simferopol;2022-10-27;Ukraine;45.57471, 33.34397
712339;Bereznehuvate;Bereznehuvate;Bereznegovata,Bereznegovataya,Bereznegovatoe,Bereznegovatoye,Berezneguvate,Bereznehouvate,Béreznéhouvaté,Березнеговатое,Березнегувате;P;PPLA2;UA;Ukraine;;16;4802;;;7552;18;20;Europe/Kyiv;2022-10-27;Ukraine;47.30872, 32.85098
712738;Baybuzivka;Baybuzivka;Baibouzivka,Bajbuzivka,Baïbouzivka,Байбузівка;P;PPL;UA;Ukraine;;17;5112;;;1056;99;110;Europe/Kyiv;2022-10-27;Ukraine;48.11452, 29.90202
713175;Artemivsk;Artemivsk;Artemivs'k,Artemivsk,Artemivs’k,Artemovsk,Artëmovsk,Артемовск,Артемівськ;P;PPL;UA;Ukraine;;14;4402;;;7616;250;282;Europe/Kyiv;2022-12-13;Ukraine;48.44061, 38.732
713816;Abrikosovka;Abrikosovka;Abrikosivka,Abrikosovka,Najman,Абрикосовка,Абрикосівка,Найма́н;P;PPLA3;UA;Ukraine;;11;0118;11152891;;1079;139;140;Europe/Simferopol;2022-10-27;Ukraine;45.10759, 35.10139
823477;Lupareve;Lupareve;Lupareve,Luparevo,Лупареве;P;PPL;UA;Ukraine;;16;4806;;;1268;6;14;Europe/Kyiv;2022-10-27;Ukraine;46.69167, 31.975
831260;Orshivtsi;Orshivtsi;Oraseni,Orshevtsy,Orshivci,Orshivtsi,Orshovtsy,Orășeni,Оршівці;P;PPL;UA;Ukraine;;03;7306;;;2382;276;204;Europe/Kyiv;2022-10-27;Ukraine;48.4196, 25.63075
865086;Tayirove;Tayirove;Tairove,Tairovo,Taïrové,Таирово,Таїрове;P;PPL;UA;Ukraine;;17;5110;;;3830;19;21;Europe/Kyiv;2022-10-27;Ukraine;46.35899, 30.64777
6984570;Trudovoye;Trudovoye;Trudove,Trudovoe,Trudovoye,Трудове,Трудовое;P;PPLA3;UA;Ukraine;;11;0116;11152621;;2173;370;381;Europe/Simferopol;2022-10-27;Ukraine;44.99133, 34.20311
7025405;Novoozyornoye;Novoozyornoye;Novoozerne,Novoozerno,Novoozjornoe,Novoozoernoye,Novoozyornoe,Novoozyornoye,Novoozörnoye,Nowooserne,nuo wo ao ze er nie,Новоозерне,Новоозёрное,Նովոոզյորնոե,諾沃奧澤爾涅;P;PPL;UA;Ukraine;;11;0108;;;4998;20;16;Europe/Simferopol;2022-10-27;Ukraine;45.38314, 33.11715
686763;Hvozdavka Druha;Hvozdavka Druha;Gvozdavka,Gvozdavka Druga,Gvozdavka Vtoraya,Gvozdovka,Gvozdovka Vtoraya,Hvozdavka Drouha,Гвоздавка Друга;P;PPL;UA;Ukraine;;17;5112;;;1074;134;100;Europe/Kyiv;2022-10-27;Ukraine;47.88979, 30.08836
686818;Zuhres;Zuhres;Suhres,Zouhres,Zugrehs,Zugres,Zuhres,Zuhresa,Zuhresas,Zuһres,zu he lei si,zugresi,zwhrs,zwھrs,Зугрес,Зугрэс,Зуһрес,Զուգրես,زوهرس,زوھرس,ზუგრესი,祖赫雷斯;P;PPL;UA;Ukraine;;05;1408;;;17871;;115;Europe/Kyiv;2023-04-27;Ukraine;48.0114, 38.26444
686963;Zimino;Zimino;Perecfel'd,Zimine,Zimino,Зимине,Зимино,Перецфе́льд;P;PPLA3;UA;Ukraine;;11;0114;11153027;;1000;52;53;Europe/Simferopol;2022-10-27;Ukraine;45.50797, 33.51431
687449;Zboriv;Zboriv;Zboriv,Zborov,Zborow,Zborów,Зборов,Зборів;P;PPLA2;UA;Ukraine;;22;6104;;;6695;340;355;Europe/Kyiv;2022-10-27;Ukraine;49.66493, 25.14019
687627;Zarozhany;Zarozhany;Zarojani,Zarojany,Zarozhani,Zarozhany,Зарожани,Зарожаны;P;PPL;UA;Ukraine;;03;7304;;;3284;203;229;Europe/Kyiv;2022-10-27;Ukraine;48.41546, 26.29894
688532;Yalta;Yalta;Ialta,Jalta,Yalta,ya er ta,Ялта,Յալտա,雅尔塔,雅爾塔;P;PPL;UA;Ukraine;;05;1414;;;5519;;29;Europe/Kyiv;2022-10-27;Ukraine;46.96098, 37.27446
688625;Yabluniv;Yabluniv;Iabluniv,Jablonov,Jablonow,Jabluniu,Jabluniv,Jablunivas,Jabluniw,Jabłonów,Yablouniv,Yabluniv,ya bu lu ni fu,yblnw,Яблонов,Яблунів,Яблуніў,יאבלונוב,یبلنو,亞布盧尼夫;P;PPL;UA;Ukraine;;06;2610;;;2042;339;347;Europe/Kyiv;2022-10-27;Ukraine;48.40235, 24.94038
688750;Vylkove;Vylkove;Valcov,Vilkiv,Vilkove,Vilkovo,Vylkaveh,Vylkove,Vylkové,Vylkovė,Vâlcov,Vılkove,Wilkowo,Wylkowe,fylkwfy,wei er ke wo,wylkwfh,Вилкове,Вилково,Вилків,Вылкавэ,Վիլկովո,فيلكوفي,ویلکوفه,ვილკოვო,維爾科沃;P;PPL;UA;Ukraine;;17;5108;;;7712;1;1;Europe/Kyiv;2023-05-03;Ukraine;45.40279, 29.5869
688931;Vozsiyatske;Vozsiyatske;Vossijatskoe,Vozsiiatske,Vozsijats'ke,Vozsiïatské,Возсіятське,Воссиятское;P;PPL;UA;Ukraine;;16;4804;;;2185;75;60;Europe/Kyiv;2022-10-27;Ukraine;47.66047, 32.11284
689542;Vynohradivka;Vynohradivka;Burgudzhi,Burgugi,Vinogradivka,Vinogradovka,Vynohradivka,Wynohradiwka,wei nuo ge la ji fu ka,Бургуджи,Виноградовка,Виноградівка,維諾格拉季夫卡;P;PPL;UA;Ukraine;;17;5106;;;3306;52;45;Europe/Kyiv;2022-10-27;Ukraine;45.82822, 29.38228
690629;Uspenka;Uspenka;Ouspen'ka,Owspenka,Uspehnka,Uspenka,Uspenskoye,Uzbenka,wu si peng ka,Úspenka,Ουσπένκα,Успенка,Успэнка,Ուսպենկա,乌斯彭卡;P;PPL;UA;Ukraine;;14;4406;;;8550;;93;Europe/Kyiv;2023-05-03;Ukraine;48.39077, 39.16284
691052;Tsybli;Tsybli;Cibli,Tsybli,Циблі;P;PPL;UA;Ukraine;;13;3204;;;3512;;112;Europe/Kyiv;2022-10-27;Ukraine;49.99484, 31.56281
691336;Trebukhiv;Trebukhiv;Trebuhiv,Trebukhiv,Trebukhov,Trebukhovo,Требухов,Требухів;P;PPL;UA;Ukraine;;13;3206;;;6207;;114;Europe/Kyiv;2022-10-27;Ukraine;50.48432, 30.90304
691480;Tokarevo;Tokarevo;Dzhamchi,Tokareve,Tokarevo,Джамчи́,Токарево,Токарєве;P;PPLA3;UA;Ukraine;;11;0118;11152902;;831;19;19;Europe/Simferopol;2022-10-27;Ukraine;45.28367, 35.15244
691510;Tyshkivka;Tyshkivka;Tishkivka,Tishkovka,Tiskivka,Tyshkivka,Тишковка,Тишківка;P;PPL;UA;Ukraine;;10;3506;;;3368;;174;Europe/Kyiv;2022-10-27;Ukraine;48.49665, 30.94229
691806;Klepinino;Klepinino;Klepinine,Klepinino,Tashly-Kipchak,Клепинино,Клепиніне,Ташлы́-Кипча́к;P;PPLA3;UA;Ukraine;;11;0112;11152912;;1966;37;37;Europe/Simferopol;2022-10-27;Ukraine;45.528, 34.18315
691963;Taborivka;Taborivka;Taborivka,Taborovka,Таборовка,Таборівка;P;PPL;UA;Ukraine;;16;4804;;;1852;17;20;Europe/Kyiv;2022-10-27;Ukraine;47.60863, 31.38391
691985;Syrove;Syrove;Sirove,Syrove,Syrovo,Syrové,Сирове,Сырово;P;PPL;UA;Ukraine;;16;4808;;;1565;91;87;Europe/Kyiv;2022-10-27;Ukraine;47.89552, 30.45692
692957;Stanivtsi;Stanivtsi;Stanesti,Stanivci,Stanivtsi,Stanovcy,Stănești,Становцы,Станівці;P;PPL;UA;Ukraine;;03;7306;;;2897;387;358;Europe/Kyiv;2022-10-27;Ukraine;48.08333, 26.06667
693176;Solotvyno;Solotvyno;Aknaszlatina,Slatina,Solotvino,Solotvyno,Solotwyno,Sołotwyno,Солотвино;P;PPL;UA;Ukraine;;25;2108;;;8632;281;289;Europe/Kyiv;2022-12-29;Ukraine;47.94728, 23.87433
693284;Sokyryany;Sokyryany;Secureni,Secureni Targ,Secureni Târg,Sekiryany,Sekuren',Sekuren’,Sekuryany,Sokirjani,Sokirjany,Sokiryany,Sokyriany,Sokyryany,Сокиряни,Сокиряны;P;PPL;UA;Ukraine;;03;7304;;;8877;228;236;Europe/Kyiv;2023-01-18;Ukraine;48.44913, 27.41138
693325;Sofiyivka;Sofiyivka;Sofievka,Sofiivka,Sofijewka,Sofiyivka,Sofiïvka,Софиевка,Софіївка;P;PPL;UA;Ukraine;;04;1206;;;6601;94;111;Europe/Kyiv;2023-01-20;Ukraine;48.04734, 33.87237
693698;Skalistoye;Skalistoye;Skaliste,Skalistoe,Skalistoye,Tav-Bodrak,Скалисте,Скалистое,Тав-Бодра́к;P;PPLA3;UA;Ukraine;;11;0102;11152821;;2997;206;219;Europe/Simferopol;2022-10-27;Ukraine;44.81686, 33.97791
694498;Serebriia;Serebriia;Serebria,Serebriia,Serebrija,Serebriya,Серебрія;P;PPL;UA;Ukraine;;23;0508;;;2906;;81;Europe/Kyiv;2022-10-27;Ukraine;48.45556, 27.71635
695207;Rudnytsya;Rudnytsya;Roudnytsia,Rudnica,Rudnicja,Rudnitea,Rudnîțea,Рудница,Рудниця;P;PPL;UA;Ukraine;;23;0510;;;1132;299;299;Europe/Kyiv;2022-10-27;Ukraine;48.25964, 28.93372
695649;Repuzhyntsi;Repuzhyntsi;Rapujineti,Repezhintsy,Repuyinetsy,Repuzhinci,Repuzhintsy,Repuzhynets,Repuzhyntsi,Repuzynce,Repużyńce,Răpujineţi,Репужинці;P;PPL;UA;Ukraine;;03;7306;;;1636;247;253;Europe/Kyiv;2022-10-27;Ukraine;48.65554, 25.79109
695729;Rozdory;Rozdory;Razdory,Rozdori,Раздоры,Роздори;P;PPL;UA;Ukraine;;04;1214;;;1721;100;96;Europe/Kyiv;2022-10-27;Ukraine;48.32936, 35.71204
696240;Privetnoye;Privetnoye;Privetnoe,Privetnoye,Privitne,Uskut,Приветное,Привітне,Уску́т;P;PPL;UA;Ukraine;;11;0120;;;1867;72;60;Europe/Simferopol;2022-10-27;Ukraine;44.82145, 34.67935
696275;Priozyornoye;Priozyornoye;Churubash,Priozerne,Priozernoe,Priozyornoye,Приозерне,Приозерное,Чуруба́ш;P;PPLA3;UA;Ukraine;;11;0110;11132014;;3005;;9;Europe/Simferopol;2022-10-27;Ukraine;45.2699, 36.33405
696582;Pomoriany;Pomoriany;Pamarany,Pomorani,Pomoreani,Pomoreanî,Pomoriani,Pomoriany,Pomorjani,Pomorjany,Pomoryaniy,Pomoryany,Pomorzany,Pomorzhany,Pomorânı,bo mo li ya nei,pomoryanui,Πομοριάνι,Памараны,Поморяни,Поморяны,פאמארין,פומוריאני,ポモリャヌィ,波莫里亚内;P;PPL;UA;Ukraine;;15;4604;;;1272;;308;Europe/Kyiv;2023-05-01;Ukraine;49.6427, 24.9346
697588;Pervomayskoye;Pervomayskoye;Bejtanysh,Pervomajs'ke,Pervomajskoe,Pervomayskoye,Бейтаны́ш,Первомайское,Первомайське;P;PPLA3;UA;Ukraine;;11;0116;11152616;;2247;134;139;Europe/Simferopol;2022-10-27;Ukraine;45.11207, 34.06478
697957;Rykove;Rykove;Orta Quyu,Partizani,Partizany,Partyzany,Partîzanî,Rikove,Rikovo,Rykaveh,Rykove,Rykovo,Rykowe,lei ke wei,Партизани,Партизаны,Рикове,Риково,Рыкавэ,Рыково,რიკოვე,雷科韦;P;PPL;UA;Ukraine;;08;6504;;;3524;20;22;Europe/Kyiv;2022-10-27;Ukraine;46.33067, 34.74855
698534;Vilshana;Vilshana;Ol'shana,Olsana,Vil'shana,Vilchana,Vilsana,Vilshana,Vilşana,Vilšana,Vilșana,Wilschana,fylshana  tshyrkaska,vuirushana,wei li sha na,Βιλσάνα,Вільшана,Ольшана,Օլշանա,אולשנה,فيلشانا، تشيركاسكا,ヴィルシャナ,維利沙納;P;PPL;UA;Ukraine;;01;7102;;;2956;157;155;Europe/Kyiv;2022-10-27;Ukraine;49.21708, 31.2177
699014;Novoyehorivka;Novoyehorivka;Novoegorivka,Novoegorovka,Novoiehorivka,Novoïéhorivka,Новоегоровка,Новоєгорівка;P;PPL;UA;Ukraine;;16;4802;;;1454;78;78;Europe/Kyiv;2022-10-27;Ukraine;47.32167, 32.4871
699329;Novopokrovka;Novopokrovka;Novapakrouka,Novopokrovka,Nowopokrowka,Shamshove,xin bo ke luo fu ka,Новапакроўка,Новопокровка,Шамшове,Նովոպոկրովկա,新波克罗夫卡;P;PPL;UA;Ukraine;;04;1202;;;1796;81;81;Europe/Kyiv;2022-10-27;Ukraine;48.05811, 34.60812
700607;Murovane;Murovane;Laski,Laszki Murowane,Lyashki Muravane,Lyashki Murovany,Murovane,Murovanoe,Murovanoye,Murovany,Муроване,Мурованое;P;PPL;UA;Ukraine;;15;4608;;;4251;;326;Europe/Kyiv;2023-03-04;Ukraine;49.52143, 22.9367
701273;Mykhalcha;Mykhalcha;Mihalcea,Mikhal'cha,Mikhal'che,Mikhal'chi,Mikhal’cha,Mikhal’che,Mikhal’chi,Mychalcza,Mychaltscha,Myh'altsa,Myhalca,Myhalça,Myh’аltšа,Mykhal'cha,Mykhalcha,Mykhaltsja,Михальча,Мыхальча,Միխալչա;P;PPL;UA;Ukraine;;03;7306;;;1490;238;244;Europe/Kyiv;2022-10-27;Ukraine;48.24848, 25.85207
701352;Minyaylivka;Minyaylivka;Manja,Manza,Menjajlovka,Miniailivka,Miniaïlivka,Minjajlivka,mi ni ya yi li fu ka,Меняйловка,Міняйлівка,米尼亞伊利夫卡;P;PPL;UA;Ukraine;;17;5104;;;1645;41;44;Europe/Kyiv;2022-10-27;Ukraine;46.37824, 29.52021
702073;Malokakhovka;Malokakhovka;Malaya Kakhovka,Malokakhovka,Малокаховка;P;PPL;UA;Ukraine;;08;6506;;;2862;;29;Europe/Kyiv;2022-10-27;Ukraine;46.78292, 33.44662
702874;Lokhvytsya;Lokhvytsya;Lokhvica,Lokhvicja,Lokhvytsia,Лохвица,Лохвиця;P;PPL;UA;Ukraine;;18;5306;;;11014;106;108;Europe/Kyiv;2023-05-03;Ukraine;50.36444, 33.27153
702898;Lyubashivka;Lyubashivka;Lioubachivka,Ljubashivka,Ljubashjovka,Lyubashevka,Lyubashëvka,Любашёвка,Любашівка;P;PPL;UA;Ukraine;;17;5112;;;9055;182;180;Europe/Kyiv;2022-10-27;Ukraine;47.83387, 30.25209
704289;Krasne;Krasne;Krasne,Krasnoe,Krasné,Красне,Красное;P;PPL;UA;Ukraine;;16;4806;;;1198;31;36;Europe/Kyiv;2022-10-27;Ukraine;46.82297, 31.39593
704706;Kotel’nikovo;Kotel'nikovo;Agujar-Dzhiren',Kotel'nikove,Kotel'nikovo,Kotel’nikovo,Агъя́р-Джире́нь,Котельникове,Котельниково;P;PPLA3;UA;Ukraine;;11;0112;11152914;;1373;67;68;Europe/Simferopol;2022-10-27;Ukraine;45.36584, 34.02575
704960;Kormovoye;Kormovoye;Kormove,Kormovoe,Kormovoye,Togajly,Кормове,Кормовое,Тогайлы́;P;PPLA3;UA;Ukraine;;11;0112;11152997;;1360;62;66;Europe/Simferopol;2022-10-27;Ukraine;45.50001, 33.61192
705544;Kobelyaky;Kobelyaky;Kobeliaky,Kobeljaki,Kobéliaky,Кобеляки;P;PPLA2;UA;Ukraine;;18;5308;;;9772;80;88;Europe/Kyiv;2023-08-17;Ukraine;49.14936, 34.20193
705831;Kirovo;Kirovo;Kirove,Kirovo,Vojkovshtadt,Войковшта́дт,Кирово,Кірове;P;PPLA3;UA;Ukraine;;11;0110;11128515;;807;;84;Europe/Simferopol;2022-10-27;Ukraine;45.22106, 35.84227
706380;Khmilnyk;Khmilnyk;Chmielnik,Chmilnyk,Khmel'nik,Khmil'nik,Khmilnyk,Хмельник,Хмільник;P;PPLA2;UA;Ukraine;;23;0512;;;27707;250;261;Europe/Kyiv;2023-08-26;Ukraine;49.5581, 27.95682
706466;Khartsyzk;Khartsyzk;Harcizk,Kharciz'k,Kharcyzsk,Khartsysk,Khartsyz'k,Khartsyzk,Khartsyzsk,Khartsyz’k,Харцизьк,Харцызск;P;PPL;UA;Ukraine;;05;1408;;;56182;;241;Europe/Kyiv;2023-04-30;Ukraine;48.04243, 38.14728
707003;Kamyane;Kamyane;Kam'jane,Kamennoe,Kamiane,Kamiané,Каменное,Кам’яне;P;PPL;UA;Ukraine;;26;2306;;;1188;100;91;Europe/Kyiv;2022-12-13;Ukraine;47.87528, 35.39651
707127;Kalyny;Kalyny;Alsokalinfalva,Alsókálinfalva,Kalini,Kaliny,Kalyny,Калини;P;PPL;UA;Ukraine;;25;2108;;;5627;;354;Europe/Kyiv;2022-12-13;Ukraine;48.14403, 23.87386
707233;Kalanchak;Kalanchak;Dermendere,Kalanchak,Kalantchak,ka lan qia ke,Каланчак,卡蘭恰克;P;PPL;UA;Ukraine;;17;5108;;;1208;37;52;Europe/Kyiv;2022-10-27;Ukraine;45.54058, 28.79374
707549;Isayeve;Isayeve;Isaeve,Issaieve,Issaïévé,Ісаєве;P;PPL;UA;Ukraine;;17;5102;;;1513;35;40;Europe/Kyiv;2022-10-27;Ukraine;47.47537, 30.50152
707695;Illintsi;Illintsi;Il'incy,Illinci,Illintsi,Іллінці,Ильинцы;P;PPLA2;UA;Ukraine;;23;0502;;;11284;212;222;Europe/Kyiv;2022-10-27;Ukraine;49.10544, 29.20589
707757;Hlyboka;Hlyboka;Adancata,Adynkata,Gliboka,Glibookaya,Glyboka,Glybokaja,Glybokaya,Hlyboka,Khliboka,Глибока,Глыбокая;P;PPLA2;UA;Ukraine;;03;7306;;;9424;345;348;Europe/Kyiv;2022-10-27;Ukraine;48.08756, 25.9284
707786;Huty;Huty;Guti,Guty,Gutı,Houty,Huty,hu te,Гути,Гуты,Գուտի,胡特;P;PPL;UA;Ukraine;;07;6302;;;1978;;120;Europe/Kyiv;2023-05-11;Ukraine;50.13333, 35.34263
708632;Hola Prystan;Hola Prystan;Gola Pristan',Golaja Pristan',Hola Prystan,Гола Пристань,Голая Пристань;P;PPL;UA;Ukraine;;08;6508;;;13544;3;4;Europe/Kyiv;2023-05-05;Ukraine;46.52973, 32.52408
709373;Dymer;Dymer;Dimer,Dymer,Димер,Дымер;P;PPL;UA;Ukraine;;13;3210;;;5624;;111;Europe/Kyiv;2022-10-27;Ukraine;50.78647, 30.3026
709493;Dubrovytsia;Dubrovytsia;Dabrowica,Dombrovica,Dombrovitsa,Dubrovica,Dubrovicja,Dubrovitsa,Dubrovytsia,Dubrovytsya,Dąbrowica,Домбровица,Дубровица,Дубровиця;P;PPL;UA;Ukraine;;19;5608;;;9343;;153;Europe/Kyiv;2023-11-23;Ukraine;51.57438, 26.56503
709930;Dnipro;Dnipro;DNK,Dnepr,Dnepropetrovsk,Dniepr,Dniepropetrovskas,Dnipro,Dnipropetrovs'k,Dnipropetrovsk,Dnipropetrovsko,Dnipropetrowsk,Dniproslav,Dnipró,Dnjepropetrovsk,Dnjipro,Dnjipropetrovsk,Dnyipro,Dněpropetrovsk,Dņipro,Ekaterinoslav,Katerinoslav,Katerynoslav,Novij Kodak,Novorosiynsk,Novyy Kodak,Ntnipro,Sicheslav,Sichoslav,d ni por pet rxfskh,deunipeulopeteulousikeu,dnepropetrovska,dnepʼri,dnybrw,dnyprwptrwbsq,dnyprwptrwfsk,dnyprwptrwwsk,dnyprʼ,donipuropetoroushiku,nie bo cheng,Ντνίπρο,Днепр,Днепропетровск,Днипро,Дніпро,Дніпропетровськ,Дніпрослав,Днїпро,Дњипро,Екатеринослав,Катеринослав,Новий Кодак,Січослав,Դնեպր,דניפרא,דניפרופטרובסק,دنيبرو,دنیپروپتروفسک,دنیپروپترووسک,द्नेप्रोपेत्रोव्स्क,ดนีโปรเปตรอฟสค์,დნეპრი,ドニプロペトロウシク,聶伯城,드니프로페트로우시크;P;PPLA;UA;Ukraine;;04;1202;;;968502;120;61;Europe/Kyiv;2023-01-22;Ukraine;48.46664, 35.04066
709983;Dmytrivka;Dmytrivka;Dmitrivka,Dmitrovka,Dmytrivka,Дмитровка,Дмитрівка;P;PPL;UA;Ukraine;;10;3504;;;4070;;116;Europe/Kyiv;2022-10-27;Ukraine;48.78643, 32.71767
710430;Chkalovo;Chkalovo;Chkalove,Chkalovo,Чкалове,Чкалово;P;PPLA3;UA;Ukraine;;11;0104;11152982;;1098;8;7;Europe/Simferopol;2022-10-27;Ukraine;45.60474, 34.83395
710904;Chaykino;Chaykino;Chajkine,Chajkino,Chaykino,Malyj Tarkhan,Tarqanlar,Ма́лый Тарха́н,Чайкине,Чайкино;P;PPLA3;UA;Ukraine;;11;0106;11152868;;1011;8;9;Europe/Simferopol;2022-10-27;Ukraine;45.81111, 34.59538
711144;Burlacha Balka;Burlacha Balka;Burlach'ya Balka,Burlacha Balka,Burlach’ya Balka,Бурлача Балка;P;PPL;UA;Ukraine;;17;5110;;;1063;33;23;Europe/Kyiv;2022-10-27;Ukraine;46.33984, 30.66446
711867;Bohuslav;Bohuslav;Boguslav,Boguslaw,Bohuslav,Bohuslaw,Bohusław,Богуслав;P;PPL;UA;Ukraine;;13;3212;;;15789;;144;Europe/Kyiv;2023-05-03;Ukraine;49.54637, 30.87407
711919;Bohdanivka;Bohdanivka;Bogdanivka,Bogdanovka,Bohdanivka,Богдановка,Богданівка;P;PPL;UA;Ukraine;;13;3206;;;2585;;119;Europe/Kyiv;2023-04-04;Ukraine;50.62719, 30.91374
711962;Bogatoye;Bogatoye;Bagate,Bakhchi-Ehli,Bogatoe,Bogatoye,Багате,Бахчи́-Эли́,Богатое;P;PPLA3;UA;Ukraine;;11;0104;11152827;;973;227;286;Europe/Simferopol;2022-10-27;Ukraine;45.02933, 34.76732
712387;Berezanka;Berezanka;Berezanka,Bérézanka,Suvorovo,Tiligulo-Berezanka,Tiligulo-Berezannya,Березанка;P;PPLA2;UA;Ukraine;;16;4806;;;4114;12;6;Europe/Kyiv;2022-10-27;Ukraine;46.85159, 31.38532
712515;Bile;Bile;Beloe,Beloye,Bile,Белое,Біле;P;PPL;UA;Ukraine;;14;4402;;;6775;;68;Europe/Kyiv;2022-12-13;Ukraine;48.49523, 39.05051
712671;Bilivtsi;Bilivtsi;Belauti,Belovcy,Belăuți,Bilivci,Bilivtsi,Беловцы,Білівці;P;PPL;UA;Ukraine;;03;7304;;;1114;186;170;Europe/Kyiv;2022-10-27;Ukraine;48.35, 26.48333
712871;Banyliv;Banyliv;Banila pe Ceremus,Baniliv,Banilov,Banyliu,Banyliv,Banyliw,Bănila pe Ceremuș,Bаnylіv,Russisch Banilla,Russish Banilya,Russkiy Banilov,Банилов,Банилів,Баныліў,Բանիլով,באניליב;P;PPL;UA;Ukraine;;03;7302;;;3897;260;255;Europe/Kyiv;2023-03-23;Ukraine;48.36221, 25.34966
712872;Banyliv-Pidhirnyi;Banyliv-Pidhirnyi;Banila Moldoveneasca,Banila pe Siret,Baniliv-Pidgirnij,Banilov-Podgornyj,Banyliv-Pidhirnyi,Banyliv-Pidhirnyï,Bănila Moldovenească,Bănila pe Siret,Moldauisch Banilla,Банилов-Подгорный,Банилів-Підгірний;P;PPL;UA;Ukraine;;03;7306;;;4012;438;453;Europe/Kyiv;2023-03-23;Ukraine;48.08333, 25.48333
713174;Bakhmut;Bakhmut;Artemivs'k,Artemivsk,Artemovsk,Artemovskiy,Artemowsk,Artyomovsk,Artëmovsk,Bachmoet,Bachmut,Bahmut,Bajmut,Bakhmout,Bakhmut,Baxmut,baheumuteu,Артемовск,Артемівськ,Бахмут,바흐무트;P;PPLA2;UA;Ukraine;;05;1402;;;80500;;100;Europe/Kyiv;2022-12-23;Ukraine;48.59441, 37.99983
713683;Oleksandrivka;Oleksandrivka;Alehksandryuka,Aleksandrovka,Arnautka,Arnautovka,Oleksandirvka,Oleksandrivka,Oleksandriwka,Oleksándrivka,Olexandriwka,Ołeksandriwka,ya li shan de li fu ka,Александровка,Алэксандрыўка,Олександирвка,Олександрівка,亚历山德里夫卡;P;PPL;UA;Ukraine;;17;5110;;;7600;30;35;Europe/Kyiv;2022-10-27;Ukraine;46.32868, 30.63562
713703;Lisove;Lisove;Lesovoe,Lisove,Lissove,Lissové,Лесовое,Лісове;P;PPL;UA;Ukraine;;10;3504;;;1137;207;221;Europe/Kyiv;2022-10-27;Ukraine;48.8419, 32.33188
7039160;Shkol’noye;Shkol'noye;Shkil'ne,Shkol'noe,Shkol'noye,Shkol’noye,Школьное,Шкільне;P;PPLA3;UA;Ukraine;;11;0116;11152626;;1964;132;128;Europe/Simferopol;2022-10-27;Ukraine;45.05758, 33.89737
7525990;Yuzhnoukrayinsk;Yuzhnoukrayinsk;Juschnoukrajinsk,Juzhnoukrains'k,Juzhnoukrainsk,Juzhnoukrajinsk,Juznoukrajinsk,Južnoukrajinsk,Youjno'oukrainsk,Youjno'oukraïnsk,Yuzhnoukrainsk,Јужноукрајинск,Южноукраинск,Южноукраїнськ;P;PPL;UA;Ukraine;;16;4804;;;38560;82;100;Europe/Kyiv;2023-05-01;Ukraine;47.82879, 31.17513
9997995;Krasna Kosa;Krasna Kosa;Krasna Kosa,Krasna Kossa,Krasnaja Kosa,Rosia,Roșia,ke lie si na ke sa,Красна Коса,Красная Коса,克列斯納科薩;P;PPL;UA;Ukraine;;17;5104;;;1013;1;4;Europe/Kyiv;2022-10-27;Ukraine;46.3329, 30.10016
12129128;Reni;Reni;Rehni,Reni,Renis,Réni,lie ni,reni,rny,rny  awkrayn,Рени,Рені,Рэні,Ռենի,רני,رنی، اوکراین,რენი,列尼;P;PPLA2;UA;Ukraine;;17;5108;;;18530;24;19;Europe/Kyiv;2022-10-27;Ukraine;45.45421, 28.27731
687014;Zhuravychi;Zhuravychi;Juravici,Juravîci,Schurawytschi,Zhuraviche,Zhuravichi,Zhuravychi,Zhuravychy,Zuravici,Zuravicʻi,Zurawicze,ru la wei qi,Żurawicze,Žuraviči,Журавичи,Журавичі,Журавычы,Ժուրավիչի,茹拉維奇;P;PPL;UA;Ukraine;;24;0708;;;1309;189;191;Europe/Kyiv;2022-10-27;Ukraine;50.98016, 25.71931
687116;Zhmerynka;Zhmerynka;Jmerynka,Jmérynka,Schmerynka,Smerinca,Zhmerinka,Zhmerynka,Zmerinka,Şmerinca,Žmerinka,Жмеринка;P;PPLA2;UA;Ukraine;;23;0506;;;34498;326;322;Europe/Kyiv;2023-06-12;Ukraine;49.03523, 28.11405
687190;Zhemchuzhina;Zhemchuzhina;Choty,Zhemchuzhina,Жемчужина,Чоты́;P;PPLA3;UA;Ukraine;;11;0104;11152965;;971;65;66;Europe/Simferopol;2022-10-27;Ukraine;45.27466, 34.65778
687495;Zavorychi;Zavorychi;Zavorichi,Zavorychi,Заворичи,Заворичі;P;PPL;UA;Ukraine;;13;3206;;;2241;;110;Europe/Kyiv;2023-04-04;Ukraine;50.70587, 31.14122
687655;Zarechnoye;Zarechnoye;Kamadzhi,Zarechnoe,Zarechnoye,Zarichne,Заречное,Зарічне,Камаджи́;P;PPLA3;UA;Ukraine;;11;0106;11152848;;1820;9;16;Europe/Simferopol;2022-10-27;Ukraine;45.73636, 34.48345
688073;Bunhe;Bunhe;Bunge,Bunhe,Imeni Yunykh Kommunarov,Junokomunarivs'k,Yunokommunarovsk,Yunokommunarovskoye,Yunokommunarskoye,Yunokomunarivsk,Yunykh Kommunarov,Yunyy Kommunar,Бунге,Юнокомунарівськ;P;PPL;UA;Ukraine;;05;1406;;;13495;;209;Europe/Kyiv;2023-05-02;Ukraine;48.2214, 38.28365
688533;Yalta;Yalta;Ialta,Jalta,Jalto,Jałta,Yalta,ya er ta,yalta,yaruta,Ялта,يالطا,იალტა,ヤルタ,雅尔塔,얄타;P;PPLA2;UA;Ukraine;;11;0120;;;77003;54;56;Europe/Simferopol;2022-10-27;Ukraine;44.50218, 34.16624
689041;Vorobyovo;Vorobyovo;Kudajgul,Vorob'jovo,Vorobjove,Vorobyovo,Воробйове,Воробьёво,Кудайгу́л;P;PPLA3;UA;Ukraine;;11;0108;11153088;;1085;59;59;Europe/Simferopol;2022-10-27;Ukraine;45.32895, 33.24654
690820;Uglovoye;Uglovoye;Adzhi-Bulat,Uglove,Uglovoe,Uglovoye,Аджи́-Була́т,Углове,Угловое;P;PPLA3;UA;Ukraine;;11;0102;11152824;;3334;41;36;Europe/Simferopol;2022-10-27;Ukraine;44.82146, 33.60452
690960;Turka;Turka;Tourka,Turka,Turko,tu er ka,twrka,twrqh,Турка,Տուրկա,טורקה,تورکا,ტურკა,圖爾卡;P;PPLA2;UA;Ukraine;;15;4608;;;7395;;565;Europe/Kyiv;2022-12-24;Ukraine;49.15613, 23.02837
691179;Truskavets;Truskavets;Trouskavets,Truskavec,Truskavec',Truskaveca,Truskavet,Truskavets,Truskavets',Truskavets’,Truskaveț,Truskawec,Truskawez,Truskawiec,Truszkavec,te lu si ka wei ci,teuluseukabecheu,trwskawyk,Трускавец,Трускавець,Տրուսկավեց,טריסקעוויץ,تروسکاویک,ტრუსკავეცი,特魯斯卡韋茨,트루스카베츠;P;PPL;UA;Ukraine;;15;4602;;;28287;;369;Europe/Kyiv;2023-08-26;Ukraine;49.27832, 23.50998
692146;Sutysky;Sutysky;Soutysky,Sutiski,Sutyska,Sutyskiy,Sutysky,Sutîskî,Sutıskı,su di si ji,Сутиски,Сутыскы,苏蒂斯基;P;PPL;UA;Ukraine;;23;0502;;;6027;255;248;Europe/Kyiv;2022-10-27;Ukraine;49.03901, 28.41956
692468;Stizhkivske;Stizhkivske;Stizhkivs'ke,Stizhkivske,Stizhkivs’ke,Stozhkovo,Stozhkovskoye,Стіжківське;P;PPL;UA;Ukraine;;05;1406;;;4480;;257;Europe/Kyiv;2022-10-27;Ukraine;48.11333, 38.4925
692556;Botanicheskoye;Botanicheskoye;Aip,Botanicheskoe,Botanicheskoye,Botanichne,Аи́п,Ботаническое,Ботанічне;P;PPLA3;UA;Ukraine;;11;0114;11153026;;1661;11;11;Europe/Simferopol;2022-10-27;Ukraine;45.78656, 33.54856
692644;Stayky;Stayky;Stajki,Stayki,Stayky,Стайки;P;PPL;UA;Ukraine;;13;3212;;;2203;;184;Europe/Kyiv;2022-11-07;Ukraine;50.07818, 30.9038
692749;Stari Bohorodchany;Stari Bohorodchany;Bohorodczany Stare,Stare-Bogorodchany,Stari Bogorodcani,Stari Bogorodchani,Stari Bohorodcany,Stari Bohorodceani,Stari Bohorodceanî,Stari Bohorodchany,Stari Bohorodtjany,Stari Bohorodtsany,Stari Bohorodtschany,Stari Bohorodtsjany,Stari Bohorodçany,Starye Bogorodchany,Staryye Bogorodchany,Stаrі Bоhоrоdtšаny,jiu bo huo luo de qia ni,Старые Богородчаны,Старі Богородчани,旧博霍罗德恰尼;P;PPL;UA;Ukraine;;06;2604;;;3426;;316;Europe/Kyiv;2022-10-27;Ukraine;48.82857, 24.5255
692819;Starokozache;Starokozache;Cazaci,Cazacii-Vechi,Starokazach'e,Starokosatsche,Starokozache,Starokozatche,Starokozatché,jiu ke zha qie,Староказачье,Старокозаче,舊科扎切;P;PPL;UA;Ukraine;;17;5104;;;5108;95;83;Europe/Kyiv;2022-10-27;Ukraine;46.33583, 29.98876
692865;Stara Sil;Stara Sil;Stara Sil,Stara Sil',Stara Sil’,Stara Sol,Stara Sul',Stara Sul’,Stara Sól,Staraja Sol',Staraya Sol',Staraya Sol’,Стара Сіль,Старая Соль;P;PPL;UA;Ukraine;;15;4608;;;1074;;350;Europe/Kyiv;2023-05-04;Ukraine;49.48906, 22.96589
693789;Synevyrska Poliana;Synevyrska Poliana;Sinevir-Polyana,Sinevirskaja Poljana,Sinevirskaya Polyana,Siniyvir Polyana,Синевирская Поляна;P;PPL;UA;Ukraine;;25;2112;;;1355;;802;Europe/Kyiv;2022-12-13;Ukraine;48.58484, 23.6891
711105;Bushtyno;Bushtyno;Bouchtyno,Buixtino,Buschtyno,Bushtino,Bushtyna,Bushtyno,Busjtyno,Bustea,Bustin,Bustina,Bustino,Bustyahaza,Bustyaháza,Bustyno,Busztyno,Buŝtino,Buştina,Buştıno,Buštyno,Buštín,Búixtino,bu shen te nuo,bwshtynw,bwstynh,Буштино,Буштына,Буштыно,Բուշտինո,בושטינה,بوشتينو,布什特诺;P;PPL;UA;Ukraine;;25;2108;;;8444;200;205;Europe/Kyiv;2023-05-02;Ukraine;48.0473, 23.48576
711487;Brayiliv;Brayiliv;Brailiv,Brailov,Braïliv,Браилов,Браїлів;P;PPL;UA;Ukraine;;23;0506;;;4559;258;254;Europe/Kyiv;2022-10-27;Ukraine;49.10671, 28.16472
712023;Bobovo;Bobovo;Bobove,Bobovo,Bobovoje,Bobovoye,Tisobiken',Tiszaboekeny,Tiszabökény,Бобове,Тисобикень;P;PPL;UA;Ukraine;;25;2102;;;2216;;120;Europe/Kyiv;2022-12-13;Ukraine;48.07166, 22.89585
712667;Belaya;Belaya;Belaya,Bila,Біла;P;PPL;UA;Ukraine;;22;6106;;;3728;;277;Europe/Kyiv;2022-10-27;Ukraine;49.029, 25.77059
713481;Andriivka;Andriivka;Andreeni,Andrejewka,Andreyen',Andreyen’,Andreyevka,Andriivka,Andriyivka,Andryiuka,Edmonton,andreevkʼa,Андрыіўка,Андріївка,ანდრეევკა;P;PPL;UA;Ukraine;;17;5104;;;1203;84;84;Europe/Kyiv;2022-10-27;Ukraine;46.22099, 30.08481
713758;Ilichanka;Ilichanka;Agro-Kombinat Il'ichevka,Agro-Kombinat Il’ichëvka,Il'ichevka,Il'ichovka,Ilichanka,Illichivka,Il’ichevka,Il’ichovka,Іллічівка,Ілічанка,Иличанка,Ильичевка;P;PPL;UA;Ukraine;;17;5110;;;1321;57;58;Europe/Kyiv;2023-03-31;Ukraine;46.61204, 30.8124
829745;Kopashnovo;Kopashnovo;Gernyes,Gernyés,Kopashneve,Kopashnevo,Kopashnovo,Копашневе,Копашново;P;PPL;UA;Ukraine;;25;2112;;;3010;;241;Europe/Kyiv;2022-12-13;Ukraine;48.21764, 23.48366
829795;Tavryiske;Tavryiske;Kirove,Kirovo,Tavriiske,Tavrijs'ke,Tavriyske,Zherebets,Кирово,Кірове,Таврійське;P;PPL;UA;Ukraine;;26;2306;;;3291;;37;Europe/Kyiv;2023-07-28;Ukraine;47.65311, 35.69512
832394;Orekhovo;Orekhovo;Orekhovo,Orikhove,Орехово,Оріхове;P;PPLA3;UA;Ukraine;;11;0108;11153101;;3049;20;20;Europe/Simferopol;2022-10-27;Ukraine;45.12944, 33.6318
7027004;Pochetnoye;Pochetnoye;Pochetne,Pochetnoye,Pochjotnoe,Tuzla,Почетне,Почётное,Тузла́;P;PPLA3;UA;Ukraine;;11;0114;11152955;;1247;8;10;Europe/Simferopol;2022-10-27;Ukraine;45.99495, 33.76588
8997005;Sovkhoznoye;Sovkhoznoye;Sovkhozne,Sovkhoznoe,Sovkhoznoye,Temir-Aga,Совхозне,Совхозное,Теми́р-Ага́;P;PPL;UA;Ukraine;;11;0116;11152622;;1109;193;182;Europe/Simferopol;2022-10-27;Ukraine;45.03061, 34.01068
9983711;Khlibodarske;Khlibodarske;Chlibodarske,Chlibodarśke,Hlibodarske,Khlebodarskoe,Khlibadarskeh,Khlibodars'ke,Khlibodarske,Khlibodars’ke,he li bo da er xi ke,Хлебодарское,Хлибодарске,Хлібадарскэ,Хлібодарське,赫利博達爾西克;P;PPL;UA;Ukraine;;17;5110;;;2570;65;66;Europe/Kyiv;2022-10-27;Ukraine;46.48455, 30.59374
11750332;Husiatyn;Husiatyn;Gusjatin,Husiatyn,Гусятин;P;PPL;UA;Ukraine;;22;;;;1311;;268;Europe/Kyiv;2022-09-01;Ukraine;49.07015, 26.22299
694992;Rzhyshchiv;Rzhyshchiv;Rzhishchev,Rzhishchëv,Rzhishhev,Rzhishhiv,Rzhyshchiv,Ржищев,Ржищів;P;PPL;UA;Ukraine;;13;3212;;;7993;;99;Europe/Kyiv;2022-10-27;Ukraine;49.96729, 31.04069
695697;Richky;Richky;Rechki,Richki,Richky,Rzyczki,Zhichki,Zhychki,Речки,Річки;P;PPL;UA;Ukraine;;15;4606;;;1319;230;235;Europe/Kyiv;2022-10-27;Ukraine;50.27706, 23.64617
695930;Radens’k;Radens'k;Radens'k,Radensk,Radenskoye,Radens’k,Redanskoje,Раденск,Раденськ;P;PPL;UA;Ukraine;;08;6510;;;3972;;14;Europe/Kyiv;2022-10-27;Ukraine;46.5486, 32.92787
696204;Pryyutivka;Pryyutivka;Prijutivka,Prijutovka,Pryioutivka,Pryïoutivka,Приютовка,Приютівка;P;PPL;UA;Ukraine;;10;3508;;;3148;113;109;Europe/Kyiv;2022-10-27;Ukraine;48.72925, 33.06617
696291;Primorskiy;Primorskiy;Dal'nie Kamyshi,Dal'nye Kamyshi,Dal’nye Kamyshi,Little Kamnishi,Primors'kij,Primorskij,Primorskiy,Дальние Камыши,Приморский,Приморський;P;PPL;UA;Ukraine;;11;0118;;;12560;6;5;Europe/Simferopol;2022-10-27;Ukraine;45.11201, 35.4786
696332;Pryazovske;Pryazovske;Pokrovka Druga,Pokrovka Vtoraja,Priazovs'ke,Priazovskoe,Pryazovske,Pryazovské,Покровка Вторая,Покровка Друга,Приазовское,Приазовське;P;PPLA2;UA;Ukraine;;26;2308;;;6578;28;21;Europe/Kyiv;2022-12-13;Ukraine;46.73123, 35.64082
697124;Koktebel;Koktebel;Kaktehbel',Koektoebel,Koktebel,Koktebel',Koktebelo,Koktebel’,Köktöbel,Planers'ke,Planerskoye,Planers’ke,ke ke tai bei li,kokuteberi,kwktbl,kwktbl  rwsyh,kwktybl,kwktybyl,Кактэбель,Коктебель,Կոկտեբել,كوكتيبيل,کوکتبل,کوکتبل، روسیه,کوکتیبل,コクテベリ,科克泰贝利;P;PPL;UA;Ukraine;;11;0118;;;2807;30;17;Europe/Simferopol;2022-10-27;Ukraine;44.96462, 35.24767
698142;Otyniia;Otyniia;Atynija,Otinia,Otinija,Otiniya,Ottenia,Ottynia,Otynia,Otyniia,Otynija,Otyniya,Otyniïa,Otînia,Otıniya,ao ji ni ya,Атынія,Отинія,Отыния,אוטיניה,奧季尼亞;P;PPL;UA;Ukraine;;06;2608;;;5444;263;279;Europe/Kyiv;2023-03-04;Ukraine;48.73792, 24.86115
698625;Oleksandriya;Oleksandriya;Aleksandrija,Oleksandriia,Oleksandrija,Oleksandriya,Oleksandriïa,Александрия,Олександрія;P;PPLA2;UA;Ukraine;;10;3508;;;76097;99;103;Europe/Kyiv;2023-01-23;Ukraine;48.67466, 33.11761
698852;Novyi Yarychiv;Novyi Yarychiv;Jarychow,Jaryczow,Jaryczow Nowy,Jaryczów,Jaryczów Nowy,Novi Jarychev,Novii Iariciv,Novij Jarichiv,Noviy Yariciv,Noviy Yarychiv,Novy Jarychyu,Novyi Iarytchiv,Novyi Yarychiv,Novyj Jarychev,Novyj Jaryciv,Novyj Jaryčiv,Novyy Yarychev,Novyy Yarychiv,Novyï Iarytchiv,Novîi Iarîciv,Novıy Yarıçiv,Nowyj Jarycziw,Nowyj Jarytschiw,Yarychev Novy,Yarychev Novyy,Yarychuv,xin ya lei qi fu,yryz'wb nwby,Нови Ярычев,Новий Яричів,Новы Ярычыў,Новый Ярычев,יריצ'וב נובי,新亚雷奇夫;P;PPL;UA;Ukraine;;15;4606;;;2841;;223;Europe/Kyiv;2022-12-23;Ukraine;49.90444, 24.30523
699034;Novovorontsovka;Novovorontsovka;Mikolaivka,Novavarancouka,Novovoroncovka,Novovorontovka,Novovorontsovka,Novovoronțovka,Nowoworoncowka,Nowoworonzowka,xin wo long zuo fu ka,Νοβοβοροντσόβκα,Миколаївка,Новаваранцоўка,Нововоронцовка,ნოვოვორონცოვკა,新沃龙佐夫卡;P;PPL;UA;Ukraine;;08;6502;;;6248;80;37;Europe/Kyiv;2023-01-20;Ukraine;47.50499, 33.92317
699554;Novohuivynske;Novohuivynske;Novogujvins'ke,Novoguyvinskoye,Novohuivynske,Novohuyvyns'ke,Novohuyvyns’ke,Новогуйвинське;P;PPLA3;UA;Ukraine;;27;1804;;;5240;;219;Europe/Kyiv;2023-04-05;Ukraine;50.20816, 28.69285
700250;Nevytske;Nevytske;Nevic'ke,Nevickoe,Nevitske,Nevitskoye,Nevyts'ke,Nevytske,Nevyts’ke,Невицкое,Невицьке;P;PPL;UA;Ukraine;;25;2110;;;1032;;130;Europe/Kyiv;2022-12-13;Ukraine;48.67472, 22.38813
700375;Nedoboyvtsi;Nedoboyvtsi;Nedabauti,Nedobauts',Nedobauts’,Nedoboevcy,Nedoboivci,Nedoboivtsi,Nedăbăuţi,Nédoboïvtsi,Недобоевцы,Недобоївці;P;PPL;UA;Ukraine;;03;7304;;;2789;249;228;Europe/Kyiv;2022-10-27;Ukraine;48.43181, 26.36724
701274;Myhove;Myhove;Migove,Migovo,Migovoye,Mihova,Mihowa,Mikhova,Mygaveh,Myhove,Myhowe,Myhоvе,mi ge wei,Мигове,Мигово,Мыгавэ,Միգովո,米戈韋;P;PPL;UA;Ukraine;;03;7302;;;3693;505;451;Europe/Kyiv;2023-03-23;Ukraine;48.15612, 25.37574
702147;Mala Vyska;Mala Vyska;Mala Viska,Mala Vyska,Malaja Viska,Мала Виска,Малая Виска;P;PPLA2;UA;Ukraine;;10;3506;;;10382;190;178;Europe/Kyiv;2022-10-27;Ukraine;48.64694, 31.63231
702360;Magazinka;Magazinka;Magazinka,Магазинка;P;PPLA3;UA;Ukraine;;11;0114;11152952;;1168;1;2;Europe/Simferopol;2022-10-27;Ukraine;45.86312, 34.04969
703055;Lymany;Lymany;Holy Trinity Village,Limani,Limany,Lymany,Russkaya,Svyato-Troyits'ke,Svyato-Troyits’ke,Svyatotroitskaya,Svyatotroitskoye,Svyatotroitza,Svyototroitskaya,Лимани;P;PPL;UA;Ukraine;;16;4806;;;2154;12;22;Europe/Kyiv;2022-10-27;Ukraine;46.73156, 31.96848
703217;Lenkivtsi;Lenkivtsi;Lencauti,Lencăuţi,Lenkivci,Lenkivtsi,Lenkovcy,Ленковцы,Ленківці;P;PPL;UA;Ukraine;;03;7304;;;2158;192;184;Europe/Kyiv;2022-10-27;Ukraine;48.50738, 26.75856
703410;Lanchyn;Lanchyn;Lanchin,Lanchyn,Lanciin,Lancin,Lanciîn,Lancyn,Lanczyn,Lantchyn,Lantschyn,Lançın,Lančyn,lan qin,Łanczyn,Ланчин,Ланчын,蘭欽;P;PPL;UA;Ukraine;;06;2612;;;7855;366;384;Europe/Kyiv;2022-10-27;Ukraine;48.55173, 24.74923
704373;Krasnolesye;Krasnolesye;Krasnoles'e,Krasnolesye,Krasnolissja,Tavel',Краснолесье,Краснолісся,Таве́ль;P;PPL;UA;Ukraine;;11;0116;11152587;;1061;439;444;Europe/Simferopol;2022-10-27;Ukraine;44.83259, 34.23086
704402;Teple;Teple;Katerinodon,Krasnodon,Krasnodonskiy,Krasnodón,Teple,Tjoploe,ke la si nuo dun,krasnwdwm,krasnwdwn,tai pu lai,Катеринодон,Краснодон,Тепле,Тёплое,كراسنودون,کراسنودوم,克拉斯諾頓,泰普萊;P;PPL;UA;Ukraine;;14;4404;;;5398;;184;Europe/Kyiv;2022-12-13;Ukraine;48.31245, 39.56284
704730;Kostryzhivka;Kostryzhivka;Costrijeni,Kastryzhyuka,Kostrijivka,Kostrizevka,Kostrizhevka,Kostrizhivka,Kostrizhovka,Kostrizivka,Kostryjivka,Kostryschiwka,Kostryzhivka,Kostryzhuvka,Kostryzivka,Kostryziwka,Kostryzowka,Kostryzówka,Kostryżiwka,Kostryživka,Kostrízhivka,Kostrıjivka,ke si te li ri fu ka,Кастрыжыўка,Кострижевка,Кострижовка,Кострижівка,Կոստրիժևկա,科斯特里日夫卡;P;PPL;UA;Ukraine;;03;7306;;;2606;165;167;Europe/Kyiv;2022-10-27;Ukraine;48.65456, 25.70916
704772;Kosmach;Kosmach;Kosmach,Космач;P;PPL;UA;Ukraine;;06;2604;;;6204;;476;Europe/Kyiv;2022-10-27;Ukraine;48.75, 24.37014
705104;Kostiantynivka;Kostiantynivka;Konstantinovka,Konstantinowka,Kostantinovka,Kostiantynivka,Kostjantinivka,Kostjantyniwka,Kostyantynivka,Константиновка,Костянтинівка;P;PPL;UA;Ukraine;;05;1412;;;67350;;87;Europe/Kyiv;2023-04-27;Ukraine;48.5277, 37.7069
705392;Kolomyia;Kolomyia;Colomeea,Kolomea,Kolomeo,Kolomija,Kolomyia,Kolomyja,Kołomyja,qwlwmyʼh,qʼlʼmyy,Коломия,Коломија,Коломыя,קאלאמיי,קולומיאה;P;PPLA2;UA;Ukraine;;06;2608;;;60821;300;289;Europe/Kyiv;2023-01-23;Ukraine;48.52496, 25.03712
705462;Kolchyno;Kolchyno;Koelcseny,Kol'chino,Kol'chyna,Kolchyno,Kolciino,Kolcino,Kolciîno,Kolcyno,Kolczyno,Koltchyno,Koltschyno,Kolçıno,Kolĉino,Kolčino,Kolčyno,Kölcsény,ke li qi nuo,Кольчино,Кольчына,科利奇諾;P;PPL;UA;Ukraine;;25;2104;;;4261;;129;Europe/Kyiv;2022-12-13;Ukraine;48.46936, 22.75784
705540;Kobleve;Kobleve;Kobleve,Koblevo,Koblewo,Koblévé,Коблеве,Коблево;P;PPL;UA;Ukraine;;16;4806;;;2385;26;28;Europe/Kyiv;2022-10-27;Ukraine;46.66499, 31.20804
705760;Kyslytsya;Kyslytsya;Caslita-Dunare,Câșlița-Dunăre,Kislica,Kislicja,Kislicʻa,Kyslytsia,Kyslyzja,ji si li qi ya,Кислица,Кислиця,Կիսլիցա,基斯利齊亞;P;PPL;UA;Ukraine;;17;5108;;;2973;12;12;Europe/Kyiv;2022-10-27;Ukraine;45.40802, 29.03616
706546;Kehychivka;Kehychivka;Kegichevka,Kegichivka,Kegichëvka,Kegicivka,Keguitxivka,Kegíchivka,Kegıçivka,Kehgychyuka,Kehychivka,Kehycivka,Kehycziwka,Kehytchivka,Kehytschiwka,Kehyčivka,Kéhytchivka,ke xi qi fu ka,Кегичевка,Кегичівка,Кэгычыўка,Կեգիչյովկա,克希奇夫卡;P;PPL;UA;Ukraine;;07;6306;;;5628;;163;Europe/Kyiv;2023-05-02;Ukraine;49.28656, 35.76153
706883;Kapitanivka;Kapitanivka;Kapitaniuka,Kapitanivka,Kapitaniwka,Kapitanovka,Kapitànivka,ka pi ta ni fu ka,kapitaniuka,Капитановка,Капітанівка,Капітаніўка,Կապիտանովկա,カピタニウカ,卡皮塔尼夫卡;P;PPL;UA;Ukraine;;10;3506;;;2539;183;200;Europe/Kyiv;2022-10-27;Ukraine;48.92016, 31.71627
707172;Kalynivka;Kalynivka;Kalinivka,Kalinovka,Kalynivka,Калиновка,Калинівка;P;PPL;UA;Ukraine;;16;4806;;;3471;20;19;Europe/Kyiv;2022-10-27;Ukraine;47.04732, 32.18071
707257;Kadubivtsi;Kadubivtsi;Cadobesti,Cadobești,Kadobeste,Kadobovtsy,Kadubiuci,Kadubivci,Kadubivtsi,Kadubiwci,Kadubiwzi,Kadubovcy,Kаdubіvtsі,ka du bi fu qi,Кадубовцы,Кадубівці,Кадубіўці,Կադուբովցի,卡杜比夫齊;P;PPL;UA;Ukraine;;03;7306;;;3528;257;257;Europe/Kyiv;2022-10-27;Ukraine;48.58046, 25.77021
708025;Hrubna;Hrubna;Grubna,Grubno,Hrubna,Грубна;P;PPL;UA;Ukraine;;03;7304;;;1937;267;275;Europe/Kyiv;2022-10-27;Ukraine;48.45568, 27.07309
708061;Grishino;Grishino;Grishine,Grishino,Tokulchak,Toqulcaq,Toqulčaq,Гришине,Гришино,Токулча́к;P;PPLA3;UA;Ukraine;;11;0112;11152995;;1755;57;56;Europe/Simferopol;2022-10-27;Ukraine;45.64219, 33.83098
708210;Hradyzk;Hradyzk;Gradijszk,Gradiz'k,Gradizhsk,Gradizk,Gradizsk,Gradyzk,Gradızk,Hradizk,Hradysk,Hradyzk,Hradyźk,Hradîzk,he la di ci ke,hradyzk,hradyzk  bwltafska,Градижск,Градизьк,Градызк,Գրադիժսկ,هراديزك,هراديزك، بولتافسكا,赫拉迪兹克;P;PPL;UA;Ukraine;;18;5302;;;6248;89;97;Europe/Kyiv;2022-10-27;Ukraine;49.23943, 33.13941
708616;Holma;Holma;Gol'ma,Holma,Гольма;P;PPL;UA;Ukraine;;17;5112;;;1635;106;111;Europe/Kyiv;2022-10-27;Ukraine;47.92886, 29.84923
708695;Hnidyn;Hnidyn;Gnedin,Gnedyn',Gnedyn’,Gnidin,Gnidyn,Hnidin,Hnidyn,Hnidîn,Hnіdyn,he ni ding,Гнедин,Гнідин,Гнідын,赫尼丁;P;PPL;UA;Ukraine;;13;3204;;;5400;;93;Europe/Kyiv;2022-10-27;Ukraine;50.32899, 30.71059
709145;Filatovka;Filatovka;Filativka,Filatovka,Фiлатiвка,Филатовка;P;PPLA3;UA;Ukraine;;11;0114;11152957;;516;10;9;Europe/Simferopol;2022-10-27;Ukraine;46.08192, 33.7851
709248;Fastiv;Fastiv;Fastiv,Fastiva,Fastiw,Fastov,Fastow,Fastów,fa si di fu,fastyw,pstwb,Фастив,Фастов,Фастів,Ֆաստով,כוואסטוב,פסטוב,فاستیو,ფასტოვი,法斯蒂夫;P;PPLA2;UA;Ukraine;;13;3214;;;44014;;208;Europe/Kyiv;2023-01-23;Ukraine;50.0767, 29.9177
709428;Dunayivtsi;Dunayivtsi;Dounaivtsi,Dounaïvtsi,Dunaevcy,Dunaivci,Дунаевцы,Дунаївці;P;PPL;UA;Ukraine;;09;6802;;;2417;288;295;Europe/Kyiv;2022-10-27;Ukraine;49.02121, 26.84084
709547;Dubliany;Dubliany;Dobrowlany,Dublany,Dubliany,Dubljani,Dublyany,Дубляни;P;PPL;UA;Ukraine;;15;4608;;;2086;;283;Europe/Kyiv;2022-10-27;Ukraine;49.50335, 23.39889
710007;Dmytrivka;Dmytrivka;Dmitrievka,Dmitrivka,Dmitriyevka,Dmitrovka,Dmytrivka,Dmytriwka,Dmytrіvkа,dmytryybqh,Дмитровка,Дмитрівка,Դմիտրովկա,דמיטרייבקה;P;PPL;UA;Ukraine;;05;1406;;;3170;;51;Europe/Kyiv;2022-10-27;Ukraine;47.93611, 38.93661
710317;Dalnyk;Dalnyk;Dal'nik,Dal'nyk,Dalnyk,Dal’nik,Dal’nyk,Дальник;P;PPL;UA;Ukraine;;17;5110;;;1241;9;0;Europe/Kyiv;2022-10-27;Ukraine;46.22453, 30.53031
710408;Chopovychi;Chopovychi;Chapovichi,Chapovychy,Chepovichi,Chopovich,Chopovichi,Chopovychi,Ciopovici,Ciopovîci,Copovici,Copovyci,Czopowyczi,Tchopovytchi,Tschopowytschi,qiao bo wei qi,Çopovıçi,Čopovyči,Чаповычы,Чоповичи,Чоповичі,Չոպովիչի,乔波维奇,喬波維奇;P;PPL;UA;Ukraine;;27;1806;11874714;;1770;;168;Europe/Kyiv;2023-05-02;Ukraine;50.83325, 28.95334
710514;Oskil;Oskil;Chervonij Oskil,Chervonyj Oskol,Chervonyy Oskil,Chervonyy Oskol,Krasny Oskol,Krasnyy Oskol,Oskil,Оскіл,Червоний Оскіл,Червоный Оскол;P;PPL;UA;Ukraine;;07;6304;;;3217;;81;Europe/Kyiv;2022-10-27;Ukraine;49.1785, 37.42598
710663;Cherniakhiv;Cherniakhiv;Cherniakhiv,Chernjakhiv,Chernjakhov,Chernyakhiv,Chernyakhov,Черняхов,Черняхів;P;PPL;UA;Ukraine;;27;1804;;;9214;;226;Europe/Kyiv;2022-10-27;Ukraine;50.45652, 28.67018
710698;Chornoliztsi;Chornoliztsi;Charnolozhtse,Charnolozhtsy,Chernolozhtsy,Chernoloztsy,Chornolizci,Chornoliztsi,Cornolizci,Чорнолізці;P;PPL;UA;Ukraine;;06;2604;;;2965;;276;Europe/Kyiv;2022-10-27;Ukraine;48.83221, 24.89883
710947;Kalynove;Kalynove;Chapaevka,Chapaievka,Chapayevka,Kalinove,Kalinovoe,Kalynove,Zatons'ke,Zatonskoe,Zhidivs'ka Greblja,Zhidovskaja Greblja,Жидовская Гребля,Жидівська Гребля,Затонское,Затонське,Калинове,Калиновое,Чапаевка,Чапаєвка;P;PPL;UA;Ukraine;;13;3202;;;3042;;174;Europe/Kyiv;2023-03-31;Ukraine;49.38036, 30.44139
711520;Boianchuk;Boianchuk;Boianchuk,Boiantchouk,Bojanchuk,Bosanceni,Bosânceni,Boyanchuk,Boïantchouk,Боянчук;P;PPL;UA;Ukraine;;03;7306;;;1033;266;274;Europe/Kyiv;2022-10-27;Ukraine;48.49033, 25.95393
711982;Bochkivtsi;Bochkivtsi;Bochkivci,Bochkovcy,Bocicauti,Bocicăuți,Botchkivtsi,Бочковцы,Бочківці;P;PPL;UA;Ukraine;;03;7306;;;2004;261;273;Europe/Kyiv;2022-10-27;Ukraine;48.4302, 26.17259
712200;Bezliudivka;Bezliudivka;Besliƿdifca,Besljudiwka,Bezlioudivka,Bezliountivka,Bezliudivka,Bezliúdivka,Bezljudivka,Bezljudovka,Bezludiwka,Bezluedivka,Bezlyudivka,Bezlyudovka,Bezlüdivka,Pasjolak Bjazljudauka,bei ci liu di fu ka,byzlywdyfka,byzlywdyfka  karkyfska,Μπεζλιουντίβκα,Безлиудивка,Безлюдовка,Безлюдівка,Бєꙁлюдовъка,Пасёлак Бязлюдаўка,Բեզլյուդովկա,بيزليوديفكا,بيزليوديفكا، كاركيفسكا,贝兹柳迪夫卡;P;PPL;UA;Ukraine;;07;6312;;;9296;;105;Europe/Kyiv;2022-10-27;Ukraine;49.87547, 36.26539
712724;Bairachky;Bairachky;Bairachki,Bairachky,Bairaciki,Bairacikî,Bairatxki,Bajrachki,Bajracki,Bajraczky,Bajratschky,Bajrački,Bayrachki,Bayrachky,Bayracki,Bayraçkı,bai la qi ji,Байрачки,拜拉奇基;P;PPL;UA;Ukraine;;14;4402;;;1065;268;262;Europe/Kyiv;2022-12-13;Ukraine;48.392, 38.60174
713154;Askaniya-Nova;Askaniya-Nova;Askanievka,Askanievo,Askaniia-Nova,Askanija-Nova,Askaniïa-Nova,Chapel's'ka dacha,Chapli,Novij Angal't,Novij Keten,Аскания-Нова,Асканія-Нова,Асканієвка,Асканієво,Новий Ангальт,Новий Кетен,Чапельська дача,Чаплі;P;PPL;UA;Ukraine;;08;6506;;;2696;30;33;Europe/Kyiv;2022-10-27;Ukraine;46.45406, 33.87128
687379;Zelyonoye;Zelyonoye;Tatar-Osman,Zelene,Zeljonoe,Zelyonoye,Зелене,Зелёное,Тата́р-Осма́н;P;PPLA3;UA;Ukraine;;11;0102;11152810;;280;360;297;Europe/Simferopol;2022-10-27;Ukraine;44.59583, 34.00921
687562;Zatyshshya;Zatyshshya;Zatish'ye,Zatishshja,Zatish’ye,Zatychchia,Затишшя;P;PPL;UA;Ukraine;;17;5114;;;3538;191;190;Europe/Kyiv;2022-10-27;Ukraine;47.33497, 29.87797
687602;Zorya;Zorya;Camcic,Camcicu,Kamchik,Kamczyk,Sorja,Zoria,Zorja,zuo li ya,Зоря,Камчик,佐里亞;P;PPL;UA;Ukraine;;17;5104;;;5528;18;15;Europe/Kyiv;2022-10-27;Ukraine;45.99124, 29.69234
688221;Yelanets;Yelanets;Elanec,Elanec',Yelanets,Yélanets,Єланець,Еланец;P;PPL;UA;Ukraine;;16;4804;;;4838;73;72;Europe/Kyiv;2023-01-22;Ukraine;47.69521, 31.85222
688329;Yastrubynove;Yastrubynove;Jastrebinovo,Jastrubinove,Yastroubynove,Yastroubynové,Ястребиново,Яструбинове;P;PPL;UA;Ukraine;;16;4804;;;1243;23;8;Europe/Kyiv;2022-10-27;Ukraine;47.50562, 31.39348
688904;Voykovo;Voykovo;Katerlez,Vojkove,Vojkovo,Voykovo,Войкове,Войково,Катерлез;P;PPLA3;UA;Ukraine;;11;0110;11128405;;4284;;15;Europe/Simferopol;2022-10-27;Ukraine;45.38329, 36.43739
689405;Volodymyrivka;Volodymyrivka;Vladimirovka,Volodimirivka,Volodymyrivka,Владимировка,Володимирівка;P;PPL;UA;Ukraine;;16;4802;;;2793;49;45;Europe/Kyiv;2022-10-27;Ukraine;47.52396, 32.92659
689428;Volodymyrets;Volodymyrets;Valadymyrehc',Vladimirec,Vladimirei,Vladimirets,Vlodzimezhets,Volodimirec',Volodimiret,Volodimirets,Volodymerets',Volodymerets’,Volodymyrec,Volodymyrec',Volodymyrets,Volodymyrets',Volodymyrets’,Volodîmîreț,Volodýmyrets,Volodımırets,Wlodzimierzec,Wolodymyrets,Włodzimierzec,fu la ji mi lie ci,fwlwdymyryts,fwlwdymyryts  ryfnynska,wldymyrz,Валадымырэць,Владимирец,Володимирець,ולדימירץ,فولوديميريتس,فولوديميريتس، ريفنينسكا,弗拉基米列茨;P;PPL;UA;Ukraine;;19;5602;;;9315;;170;Europe/Kyiv;2023-05-01;Ukraine;51.4213, 26.14469
689541;Vynohradivka;Vynohradivka;Ciuleni,Vinogradivka,Vinogradovka,Vynohradivka,Виноградовка,Виноградівка,Վինոգրադովկա;P;PPL;UA;Ukraine;;17;5106;;;1629;85;86;Europe/Kyiv;2022-10-27;Ukraine;46.08029, 29.12035
689830;Verkhnia Syrovatka;Verkhnia Syrovatka;Verkh.Syrovatka,Verkhnia Syrovatka,Verkhnja Sirovatka,Verkhnya Syrovatka,Verkhnyaya Syrovatka,Верх.Сыроватка,Верхня Сироватка;P;PPL;UA;Ukraine;;21;5908;;;3669;;142;Europe/Kyiv;2022-10-27;Ukraine;50.82902, 34.95861
689945;Verenchanka;Verenchanka;Varentsyantsa,Vehrehnchanka,Verencanka,Verenchanka,Verentsanka,Verentsjanka,Verençanka,Vranceni,Vryncheny,Vrânceni,Vеrеntšаnkа,Werenczanka,Werentschanka,fyryntshanka,wei lun chang ka,Веренчанка,Вэрэнчанка,Վերենչանկա,ווערינטשאנקע,וירנצ'אנקה,فيرينتشانكا,韋倫昌卡;P;PPL;UA;Ukraine;;03;7306;;;3701;230;240;Europe/Kyiv;2023-03-23;Ukraine;48.54622, 25.74094
690556;Uyutnoye;Uyutnoye;Otar-Mojnak,Ujutne,Ujutnoe,Uyutnoye,Ота́р-Мойна́к,Уютне,Уютное;P;PPLA3;UA;Ukraine;;11;0108;11153112;;4745;16;14;Europe/Simferopol;2022-10-27;Ukraine;45.19769, 33.29796
691016;Tulchyn;Tulchyn;Toultchyn,Tul'chin,Tulchyn,Tulczyn,Tultschyn,twltsyn,twlz'yn,Тульчин,טולטשין,טולצ'ין;P;PPLA2;UA;Ukraine;;23;0510;;;15011;208;199;Europe/Kyiv;2022-10-27;Ukraine;48.67397, 28.86848
692085;Svetloye;Svetloye;Jancevo,Svetloe,Svetloye,Svitle,Tamak-Kirgiz,Светлое,Світле,Тама́к-Кирги́з,Я́нцево;P;PPLA3;UA;Ukraine;;11;0106;11152864;;1608;14;18;Europe/Simferopol;2022-10-27;Ukraine;45.6332, 34.66264
692087;Svitlovodsk;Svitlovodsk;Khrushhov,Kremges,Svetlovodsk,Svitlovods'k,Svitlovodsk,Switlowodsk,Кремгес,Светловодск,Свитловодск,Світловодськ,Хрущов;P;PPLA2;UA;Ukraine;;10;3508;;;43130;126;97;Europe/Kyiv;2023-01-23;Ukraine;49.06287, 33.2458
692317;Subottsi;Subottsi;Subbotcy,Subbotets,Subbottsy,Subotci,Subotsi,Subotti,Subottsi,Subotzi,Subotți,Subоttsі,su bo qi,Субботцы,Суботці,Սուբոտցի,苏博齐;P;PPL;UA;Ukraine;;10;3504;;;3095;;150;Europe/Kyiv;2022-10-27;Ukraine;48.65557, 32.51558
692674;Stavyshche;Stavyshche;Stavishche,Stavishhe,Stavyshche,Ставище;P;PPLA2;UA;Ukraine;;13;3202;;;0;;197;Europe/Kyiv;2022-10-27;Ukraine;49.39251, 30.19231
692975;Kadiyivka;Kadiyivka;Kadievka,Kadiivka,Kadijewka,Kadijivka,Kadijiwka,Kadiyivka,Kadiïvka,Kadzeeuka,Kadzieuka,Kadziiuka,Sehrgo,Serho,Sjargo,Ssergo,Stachanov,Stachanovas,Stachanow,Stahanov,Stahanova,Stahhanov,Stajanov,Stajánov,Stakhanau,Stakhanov,Staxanov,astakhanwf  awkrayn,ka ji ye fu ka,ka ji yi fu ka,si da han nuo fu,Кадзееўка,Кадзіеўка,Кадзііўка,Кадиевка,Стаханаў,Стаханов,Сэрго,Сярго,Ստախանով,استاخانوف، اوکراین,სტახანოვი,卡季伊夫卡,卡季耶夫卡,斯達漢諾夫;P;PPL;UA;Ukraine;;14;4402;;;73248;;217;Europe/Kyiv;2023-04-27;Ukraine;48.56818, 38.64352
693219;Solnechnaya Dolina;Solnechnaya Dolina;Koz,Kozy,Qoz,Solnechnaja Dolina,Solnechnaya Dolina,Sonjachna Dolina,Ко́зы,Коз,Солнечная Долина,Сонячна Долина;P;PPL;UA;Ukraine;;11;0118;;;1526;95;80;Europe/Simferopol;2022-10-27;Ukraine;44.87185, 35.10622
693366;Snyachiv;Snyachiv;Sneci,Sniatchiv,Snjachev,Snjachiv,Снячев,Снячів;P;PPL;UA;Ukraine;;03;7306;;;1932;349;354;Europe/Kyiv;2022-10-27;Ukraine;48.19071, 25.84471
693595;Slavhorod;Slavhorod;Slavgorod,Slavhorod,Славгород;P;PPL;UA;Ukraine;;04;1214;;;2178;159;144;Europe/Kyiv;2022-10-27;Ukraine;48.09951, 35.51722
693611;Skvortsovo;Skvortsovo;Skvorcove,Skvorcovo,Skvortsovo,Starye Lezy,Staryj Lez,Скворцове,Скворцово,Ста́рые Ле́зы,Ста́рый Лез;P;PPLA3;UA;Ukraine;;11;0116;11152620;;2517;53;57;Europe/Simferopol;2022-10-27;Ukraine;45.07542, 33.82084
693942;Shostka;Shostka;Schostka,Shostka,Sostka,Šostka,Шостка;P;PPLA2;UA;Ukraine;;21;5910;;;73197;;154;Europe/Kyiv;2023-01-23;Ukraine;51.86296, 33.4698
694677;Selydove;Selydove;Selidove,Selidovka,Selidovo,Selydove,Selydowe,Selîdove,Sełydowe,Sélydové,selidovo,slydwfh,xie li duo wei,Селидове,Селидово,Սելիդովո,سلیدوفه,სელიდოვო,謝利多韋;P;PPL;UA;Ukraine;;05;1416;;;21521;;170;Europe/Kyiv;2024-02-08;Ukraine;48.14446, 37.30058
694700;Sekretarka;Sekretarka;Sekretarka,Секретарка;P;PPL;UA;Ukraine;;16;4808;;;1422;105;109;Europe/Kyiv;2022-10-27;Ukraine;48.05062, 30.5251
694712;Siedove;Siedove;Imeni G. Ya. Sedova,Imeni Sedova,Imeni Sedova G. Ya.,Krivaya Kosa,Sedova,Sedove,Sedovo,Sedowo,Sehdove,Siedove,Sjadoveh,Syedove,xie duo wei,Седово,Сэдове,Сядовэ,Сєдове,Սեդովե,谢多韦;P;PPL;UA;Ukraine;;05;1410;;;2569;;0;Europe/Kyiv;2023-05-02;Ukraine;47.0787, 38.15368
694809;Sarazhinka;Sarazhinka;Sarajynka,Sarazhinka,Саражинка;P;PPL;UA;Ukraine;;17;5112;;;1119;155;158;Europe/Kyiv;2022-10-27;Ukraine;48.08834, 29.44918
695053;Rybach'e;Rybach'e;Ribache,Rybach'e,Rybach’e,Tuak,Рибаче,Рыбачье,Туа́к;P;PPL;UA;Ukraine;;11;0120;;;1414;17;17;Europe/Simferopol;2022-10-27;Ukraine;44.77331, 34.59609
695129;Rukshyn;Rukshyn;Roukchyn,Rucsin,Rucşin,Rukshin,Rukshyn,Рукшин;P;PPL;UA;Ukraine;;03;7304;;;3438;185;197;Europe/Kyiv;2022-10-27;Ukraine;48.48822, 26.40104
695342;Rozdil;Rozdil;Razdol,Razdzil,Rosdil,Rozdil,Rozdo,Rozdol,Rozdul,Rozdół,luo ci di er,rwzdyl,Раздзіл,Роздол,Розділ,רוזדיל,罗兹迪尔;P;PPL;UA;Ukraine;;15;4610;;;2892;;264;Europe/Kyiv;2023-09-06;Ukraine;49.46201, 24.06236
695516;Rokytne;Rokytne;Rakitno,Rakitnoye,Rokitino,Rokitne,Rokitno,Rokitnoe,Rokitnoye,Rokytne,Рокитне,Рокитное;P;PPL;UA;Ukraine;;19;5608;;;6521;;174;Europe/Kyiv;2023-05-02;Ukraine;51.2796, 27.214
695699;Rechka;Rechka;Rechka,Rechki,Richka,Речка,Річка;P;PPL;UA;Ukraine;;06;2610;;;2075;;550;Europe/Kyiv;2022-10-27;Ukraine;48.28034, 24.9333
695999;Puzhaykovo;Puzhaykovo;Poujaikove,Poujaïkové,Puzhajkove,Пужайкове;P;PPL;UA;Ukraine;;17;5112;;;2163;106;109;Europe/Kyiv;2022-10-27;Ukraine;48.10883, 29.82747
696200;Dyakivtsi;Dyakivtsi;D'jakovcy,Diakivtsi,Djakivci,Probotesti,Probotești,Дьяковцы,Дяківці;P;PPL;UA;Ukraine;;03;7306;;;1203;231;190;Europe/Kyiv;2022-10-27;Ukraine;48.1, 26.25
696943;Pidhorodne;Pidhorodne;Pidgorodne,Pidhorodne,Pidhorodné,Podgorodnoe,Подгородное,Підгородне;P;PPL;UA;Ukraine;;04;1202;;;19138;56;59;Europe/Kyiv;2023-05-03;Ukraine;48.57422, 35.09702
697616;Pershotravensk;Pershotravensk;Perchotravensk,Perschotravensk,Perschotrawensk,Pershotravens'k,Pershotravensk,Persotravensk,Peršotravensk,Schachtarske,Shakhtars'ke,Shakhtarske,Shakhterskoe,Першотравенск,Першотравенськ,Шахтарське,Шахтерское;P;PPL;UA;Ukraine;;04;1214;;;27573;132;129;Europe/Kyiv;2023-08-26;Ukraine;48.3479, 36.39637
697974;Makariv Yar;Makariv Yar;Makariv Jar,Makariv Yar,Makarov Jar,Makarov Yar,Parhomenko,Parkhomenko,ma ka li fu ya er,Макаров Яр,Макарів Яр,Пархоменко,馬卡里夫亞爾,马卡里夫亚尔;P;PPL;UA;Ukraine;;14;4404;;;1470;72;71;Europe/Kyiv;2023-03-31;Ukraine;48.57722, 39.71693
698614;Olenivka;Olenivka;Jelenowka,Olenivka,Olenovka,Yelenovka,Оленовка,Оленівка;P;PPL;UA;Ukraine;;05;1410;;;4513;;207;Europe/Kyiv;2023-05-01;Ukraine;47.82811, 37.66046
698652;Oktyabr’skoye;Oktyabr'skoye;Bijuk-Onlar,Buejuek Oniar,Büjük Oniar,Oktjabr'skoe,Oktjabrs'ke,Oktyabr'skoye,Oktyabr’skoye,Бию́к-Онла́р,Октябрське,Октябрьское;P;PPLA3;UA;Ukraine;;11;0112;11152923;;10244;87;90;Europe/Simferopol;2022-10-27;Ukraine;45.28866, 34.13521
699328;Novopokrovka;Novopokrovka;Novapakrouka,Novo Pokrovzkoye,Novo-Pokrovskoye,Novopokrovka,Nowopokrowka,nouopokurouka,xin bo ke luo fu ka,Новапакроўка,Новопокровка,Նովոպոկրովկա,ノウォポクロウカ,新波克羅夫卡;P;PPL;UA;Ukraine;;07;6314;;;4841;;113;Europe/Kyiv;2022-10-27;Ukraine;49.83561, 36.55704
700092;Mykolayivka-Novorosiyska;Mykolayivka-Novorosiyska;Bairamcea,Bairamcza,Mikolaivka-Novorosijs'ka,Mykolaivka-Novorossiiska,Mykolajiwka-Noworossijska,Mykolaïvka-Novorossiïska,Nicolaenil Noui,Nikolaevka-Novorossijskaja,Nikolaevka-Novorossiysk,mi ke la yi fu ka-nuo wo luo xi xi ka,Миколаївка-Новоросійська,Николаевка-Новороссийская,米科拉伊夫卡-諾沃羅西西卡;P;PPL;UA;Ukraine;;17;5104;;;1218;24;24;Europe/Kyiv;2022-10-27;Ukraine;46.13444, 29.90417
700265;Nesvoya;Nesvoya;Nesfoaia,Nesvoia,Nesvoja,Nesvoïa,Несвоя;P;PPL;UA;Ukraine;;03;7304;;;1330;196;183;Europe/Kyiv;2022-10-27;Ukraine;48.33688, 26.57635
700340;Nelypivtsi;Nelypivtsi;Nelipauti,Nelipivci,Nelipovcy,Nelipăuți,Nelypivtsi,Nélypivtsi,Нелиповцы,Нелипівці;P;PPL;UA;Ukraine;;03;7304;;;2171;250;252;Europe/Kyiv;2022-10-27;Ukraine;48.4183, 26.92207
700391;Nebyliv;Nebyliv;Nebiliv,Nebyliv,Nebylov,Nebyluv,Небилів;P;PPL;UA;Ukraine;;06;2606;;;3282;;473;Europe/Kyiv;2022-10-27;Ukraine;48.8151, 24.21924
700446;Narodychi;Narodychi;Bolshie Narodichi,Narodichi,Narodici,Naroditschi,Narodiči,Narodychi,Narodychy,Narodyci,Narodycze,Narodytchi,Narodytschi,Narodytsi,Narodytši,Narodyči,Narodîci,Narodıçi,na luo di qi,Народичи,Народичі,Народычы,纳罗迪奇;P;PPL;UA;Ukraine;;27;1806;;;2907;;144;Europe/Kyiv;2023-05-01;Ukraine;51.20286, 29.08228
700569;Mykolayiv;Mykolayiv;Mikolaiv,Mikolajiv,Mikolajow,Mikołajów,Mykolaiv,Mykolayiv,Mykolaïv,NLV,Nikolaev,Vernoleninsk,myqwlʼyyb,nyqwolyyb,Верноленинск,Миколаїв,Николаев,מיקולאייב,ניקוֹלייב;P;PPLA;UA;Ukraine;;16;4806;;;470011;42;23;Europe/Kyiv;2023-01-22;Ukraine;46.97625, 31.99296
700964;Mlyniv;Mlyniv;Mliniv,Mlinov,Mlyniu,Mlyniv,Mlyniw,Mlynow,Mlynuv,Mlîniv,Mlýniv,Mlıniv,Młynów,mlynyb,mu li ni fu,Млинов,Млинів,Млыніў,Մլինով,מליניב,姆利尼夫;P;PPL;UA;Ukraine;;19;5604;;;8228;;196;Europe/Kyiv;2022-10-27;Ukraine;50.509, 25.61675
701010;Myrivka;Myrivka;Mirivka,Mirovka,Myrivka,Мировка,Мирівка;P;PPL;UA;Ukraine;;13;3212;;;1335;;169;Europe/Kyiv;2022-10-27;Ukraine;49.92974, 30.62215
701276;Myhiia;Myhiia;Migeja,Migeya,Migija,Migiya,Myhiia,Myhiya,Myhiïa,Мигея,Мигия,Мигія;P;PPL;UA;Ukraine;;16;4808;;;2099;71;75;Europe/Kyiv;2022-10-27;Ukraine;48.04001, 30.95489
701855;Marhanets;Marhanets;Komintern,Marganec,Marganec',Marhanec,Marhanets,Marhanez,Марганец,Марганець;P;PPL;UA;Ukraine;;04;1208;;;44980;30;61;Europe/Kyiv;2023-05-02;Ukraine;47.63088, 34.6245
702365;Mahala;Mahala;Magala,Mahala,Makhala,Магала;P;PPL;UA;Ukraine;;03;7306;;;8876;152;206;Europe/Kyiv;2022-10-27;Ukraine;48.29681, 26.0433
702639;Lukanivka;Lukanivka;Loukanivka,Lukanivka,Lukanovka,Лукановка,Луканівка;P;PPL;UA;Ukraine;;16;4808;;;1131;86;87;Europe/Kyiv;2022-10-27;Ukraine;47.91344, 30.4656
702741;Lozovoye;Lozovoye;Ehski-Orda,Eski Orda,Lozove,Lozovoe,Lozovoye,Лозове,Лозовое,Эски́-Орда́;P;PPL;UA;Ukraine;;11;0116;11152587;;1889;306;306;Europe/Simferopol;2022-10-27;Ukraine;44.906, 34.16414
702972;Lysychansk;Lysychansk;Lisicanjsk,Lisicansk,Lisichans'k,Lisichansk,Lisičanjsk,Lisičansk,Lysychans'k,Lysychansk,Lysychans’k,Лисичанск,Лисичанськ;P;PPL;UA;Ukraine;;14;4412;;;93340;;179;Europe/Kyiv;2023-04-27;Ukraine;48.90421, 38.44094
703531;Kutkivtsi;Kutkivtsi;Kutkivci,Kutkivti,Kutkivtsi,Kutkivți,Kutkiwci,Kutkovcy,Kutkovtsy,Kutkіvtsі,ku te ji fu qi,Кутковцы,Кутківці,Կուտկովցի,庫特基夫齊;P;PPL;UA;Ukraine;;09;6802;;;1392;;320;Europe/Kyiv;2022-10-27;Ukraine;49.13248, 26.37088
704118;Kripenskyi;Kripenskyi;Krepenskij,Krepenskiy,Kripens'kij,Kripens'kyy,Kripenskyi,Kripens’kyy,Крепенский,Кріпенський;P;PPL;UA;Ukraine;;14;4408;;;7487;;189;Europe/Kyiv;2022-12-13;Ukraine;48.07709, 39.058
704130;Tatariv;Tatariv;Krementsy,Kremintsi,Kremintsy,Tartarov,Tatariv,Tatarov,Татаров,Татарів;P;PPL;UA;Ukraine;;06;2612;;;1508;;685;Europe/Kyiv;2023-12-12;Ukraine;48.34135, 24.57666
704291;Krasne;Krasne;Crasna,Krasna,Krasne,Krasnoe,Krasnoye,Krasny,Красне,Красное;P;PPL;UA;Ukraine;;17;5106;;;1376;34;33;Europe/Kyiv;2022-10-27;Ukraine;46.11809, 29.24581
704540;Kozliv;Kozliv;Kozliv,Kozlov,Kozlow,Kozłów,Козлов,Козлів;P;PPL;UA;Ukraine;;22;6104;;;1778;348;349;Europe/Kyiv;2022-10-27;Ukraine;49.55445, 25.34566
704573;Kozelets;Kozelets;Kazehlehc',Koselez,Kozelec,Kozelec',Kozelet,Kozelets,Kozelets',Kozelets’,Kozeleț,Kozielec,ke ze lai ci,ke ze lie ci,kozeretsui,Κοζελέτς,Казэлэць,Козелец,Козелець,Կոզելեց,コゼレーツィ,科泽列茨,科泽莱茨,科澤萊茨;P;PPL;UA;Ukraine;;02;7410;;;7646;;112;Europe/Kyiv;2022-10-27;Ukraine;50.91334, 31.1214
704608;Kivsharivka;Kivsharivka;Kiusharyuka,Kivcharivka,Kivsarivka,Kivsharivka,Kivsjarivka,Kivxarivka,Kivşarivka,Kivšarivka,Kiwschariwka,Kiwszariwka,Kovsarovka,Kovsharov,Kovsharovka,ji fu sha li fu ka,kiushariuka,Κιβσαρίβκα,Ковшаровка,Ківшарівка,Кіўшарыўка,Կովշարովկա,キウシャリウカ,基夫沙里夫卡;P;PPL;UA;Ukraine;;07;6308;;;19738;;98;Europe/Kyiv;2022-10-27;Ukraine;49.63026, 37.6775
704983;Korchivtsi;Korchivtsi;Corcesti,Corcești,Korcheshti,Korchevtsy,Korchivci,Korchivtsi,Kortchivtsi,Корчівці;P;PPL;UA;Ukraine;;03;7306;;;1733;370;360;Europe/Kyiv;2022-10-27;Ukraine;48.01143, 25.77249
705442;Kulevcha;Kulevcha;Culevcea,Koulevtcha,Kulevcha,Kulevcʻa,Kulewcza,Kulewtscha,Kułewcza,ku lie fu qia,Кулевча,Կուլևչա,庫列夫恰;P;PPL;UA;Ukraine;;17;5104;;;4032;3;11;Europe/Kyiv;2022-10-27;Ukraine;46.03323, 29.94032
705797;Khrestivka;Khrestivka;Khrestivka,Kirovs'ke,Kirovske,Kirovskoe,Kirovskoye,Kirowske,Krestovka,Кировское,Кіровське,Хрестівка;P;PPL;UA;Ukraine;;05;1406;;;27370;;254;Europe/Kyiv;2023-08-26;Ukraine;48.14871, 38.36016
706197;Khrystoforivka;Khrystoforivka;Khristoforivka,Khristoforovka,Khrystoforivka,Христофоровка,Христофорівка;P;PPL;UA;Ukraine;;16;4802;;;1061;23;21;Europe/Kyiv;2022-10-27;Ukraine;47.2678, 32.25637
706434;Khymchyn;Khymchyn;Khimchin,Khomchin,Khymchyn,Химчин;P;PPL;UA;Ukraine;;06;2610;;;3124;;350;Europe/Kyiv;2022-10-27;Ukraine;48.37965, 25.14848
706749;Karlivka;Karlivka;Karlivka,Karliwka,Karlovka,ka er li fu ka,karlyfka,Карловка,Карлівка,Կարլովկա,کارلیفکا,კარლოვკა,卡爾利夫卡;P;PPLA2;UA;Ukraine;;18;5308;;;14470;151;150;Europe/Kyiv;2022-10-27;Ukraine;49.45548, 35.13493
706807;Karapchiv;Karapchiv;Karapchev,Karapchiu,Karapchiv,Karapchov,Karapchëv,Карапчів;P;PPL;UA;Ukraine;;03;7302;;;2158;280;277;Europe/Kyiv;2022-10-27;Ukraine;48.3242, 25.44805
706945;Komyshany;Komyshany;Arnautka,Kamisani,Kamyshany,Komisani,Komishani,Komychany,Komysany,Komyschany,Komyshany,Komyszany,Komyšany,Komîșanî,Komışanı,ke mi sha ni,Арнаутка,Камышаны,Комишани,Կամիշանի,קומישאני,科米沙尼;P;PPL;UA;Ukraine;;08;6510;;;6896;23;30;Europe/Kyiv;2022-10-27;Ukraine;46.63995, 32.50343
707251;Kaharlyk;Kaharlyk;Kagarlik,Kagarlyk,Kagorlyk,Kaharlyk,Кагарлик,Кагарлык;P;PPL;UA;Ukraine;;13;3212;;;13133;;170;Europe/Kyiv;2023-05-03;Ukraine;49.859, 30.82327
707335;Ivashkiv;Ivashkiv;Ivachkiv,Ivashkiv,Ivashkov,Ivashkovo,Івашків;P;PPL;UA;Ukraine;;17;5112;;;1319;169;156;Europe/Kyiv;2022-10-27;Ukraine;48.1259, 29.20448
707756;Dachne;Dachne;Dachne,Dachneh,Dachni,Dachnoe,Dachnoye,Dacine,Dacne,Daczne,Datjne,Datschne,Datsjne,Datsne,Daçne,Dačne,Dаtšnе,Gnilyakovo,Hnylyakove,da qi nei,dachone,datshny  awdyska,Дачне,Дачни,Дачное,Дачнэ,داتشني، أوديسكا,ダチョネ,达奇内;P;PPL;UA;Ukraine;;17;5110;;;8549;76;74;Europe/Kyiv;2022-10-27;Ukraine;46.57844, 30.54733
708060;Hryshyne;Hryshyne;Grischino,Grishine,Grishino,Hryshyne,Гришине,Гришино;P;PPL;UA;Ukraine;;05;1416;;;2115;160;167;Europe/Kyiv;2023-01-12;Ukraine;48.32805, 37.08029
708691;Hnizdychne;Hnizdychne;Gnezdechna,Gnezdychno,Gnizdichne,Gnizdichno,Gnizdychne,Hnizdychne,Hnizdychno,Гніздичне,Гніздично;P;PPL;UA;Ukraine;;22;6104;;;1146;;355;Europe/Kyiv;2022-10-27;Ukraine;49.80708, 25.64503
708799;Hlavani;Hlavani;Glavan,Glavani,Glăvani,Hlavani,Hlawani,ge la wa ni,Главан,Главани,Главані,格拉瓦尼;P;PPL;UA;Ukraine;;17;5106;;;2510;34;29;Europe/Kyiv;2022-10-27;Ukraine;45.84468, 29.19499
709071;Zakharivka;Zakharivka;Frunzivka,Frunzovka,Sachariwka,Zacharivka,Zachariwka,Zaharivca,Zaharivka,Zajarivka,Zakhar'evka,Zakhar'yevka,Zakharivka,Zakharovka,Zakharyuka,Zakhar’yevka,Zaxarivka,zha ha li fu ka,Захаровка,Захарыўка,Захарьевка,Захарівка,Фрунзивка,Фрунзовка,Фрунзівка,扎哈里夫卡;P;PPL;UA;Ukraine;;17;5114;;;5142;57;63;Europe/Kyiv;2023-05-03;Ukraine;47.33134, 29.754
709161;Feodosiya;Feodosiya;Caffa,Feodosia,Feodosija,Feodosiya,Feodossia,Feodossija,Feodosya,Feodòssia,Fyeodosiya,Kaffa,Kefe,Teodosia,Teodosija,Teodozio,Teodozja,Teodósia,Theodosia,Theodosie,Théodosie,feodoshiya,pe-odosiya,Теодосія,Феодосия,Феодосія,フェオドシヤ,페오도시야;P;PPLA2;UA;Ukraine;;11;0118;;;68562;;10;Europe/Simferopol;2023-06-11;Ukraine;45.03199, 35.38153
709943;Dniprovske;Dniprovske;Dneprovskoe,Dniprovs'ke,Dniprovske,Dniprovské,Днепровское,Дніпровське;P;PPL;UA;Ukraine;;04;1204;;;5554;115;123;Europe/Kyiv;2022-10-27;Ukraine;48.59042, 34.41394
710260;Dashiv;Dashiv;Dachiv,Daschiw,Dashev,Dashiv,Dashyu,Dasiv,Daszow,Daszów,Daşiv,Dašiv,da xi fu,dashyf,Дашев,Дашыў,Дашів,דאשיעוו,داشيف,達希夫;P;PPL;UA;Ukraine;;23;0504;;;3852;198;199;Europe/Kyiv;2022-10-27;Ukraine;49.00351, 29.43971
710323;Dalekoye;Dalekoye;Chegoltaj Tatarskij,Daleke,Dalekoye,Daljokoe,Далеке,Далёкое,Чеголта́й Тата́рский;P;PPLA3;UA;Ukraine;;11;0108;11153133;;782;35;37;Europe/Simferopol;2022-10-27;Ukraine;45.66006, 33.08059
710694;Chornomorka;Chornomorka;Chernomorka,Chornomorka,Dal'niy Beykush,Dal’niy Beykush,Tchornomorka,Чорноморка;P;PPL;UA;Ukraine;;16;4806;;;2564;12;9;Europe/Kyiv;2022-10-27;Ukraine;46.64061, 31.49816
711226;Bouzke;Bouzke;Bouzke,Bouzké,Bugskoe,Buz'ke,Бугское,Бузьке;P;PPL;UA;Ukraine;;16;4804;;;2043;49;15;Europe/Kyiv;2022-10-27;Ukraine;47.60306, 31.20768
711268;Budy;Budy;Boudy,Budi,Budy,Budı,bu de,bwdy,bwdy  karkyfska,Буди,Буды,Բուդի,بودى,بودي، كاركيفسكا,布德;P;PPL;UA;Ukraine;;07;6312;;;6742;;122;Europe/Kyiv;2022-12-04;Ukraine;49.89133, 36.02096
711317;Budenets;Budenets;Budenec,Budenec',Budenets,Budenits,Budinet,Budineț,Буденец,Буденець;P;PPL;UA;Ukraine;;03;7306;;;1325;370;369;Europe/Kyiv;2022-10-27;Ukraine;48.08322, 25.64906
711669;Boryslav;Boryslav;Borislau,Borislav,Borislava,Boriszlav,Boroslav,Boryslav,Boryslavas,Boryslaw,Borysxaw,Borysław,Borîslav,Borõslav,Borıslav,bao li si la fu,borislavi,bwryslaf,bwryslb,Борислав,Բորիսլավ,באריסלאוו,בוריסלב,بوريسلاف,بوریسلاف,ბორისლავი,鲍里斯拉夫;P;PPL;UA;Ukraine;;15;4602;;;32473;;358;Europe/Kyiv;2023-06-12;Ukraine;49.29208, 23.42577
711989;Bobrynets;Bobrynets;Bobrinec,Bobrinec',Bobrynets,Бобринец,Бобринець;P;PPLA2;UA;Ukraine;;10;3504;;;10758;136;138;Europe/Kyiv;2022-10-27;Ukraine;48.05674, 32.1655
712755;Batal’noye;Batal'noye;Aɣyrmag Eli,Batal'ne,Batal'noe,Batal'noye,Batal’noye,Батальне,Батальное;P;PPLA3;UA;Ukraine;;11;0110;11128212;;1275;;61;Europe/Simferopol;2022-10-27;Ukraine;45.19402, 35.61583
712969;Bakhchysarai;Bakhchysarai;Bachashisarai,Bachischissarai,Bachtjisaraj,Bachtjysaraj,Bachtschyssaraj,Bachtsjisaraj,Bachtsjysaraj,Bagcasaray,Bahcesaray,Bahcisaraj,Bahcisarajo,Bahçesaray,Bahčisaraj,Bajchisarai,Bajchisarái,Bajchysarai,Bajchysarái,Bakczysaraj,Bakhchisaraj,Bakhchisaray,Bakhchysarai,Bakhchysaray,Bakhehisaray,Bakhtchissarai,Bakhtchissaraï,Bakhtchyssarai,Bakhtchyssaraï,Bağçasaray,Baĥĉisarajo,Baɣca Saraj,Baɣča Saraj,bafuchisarai,baheuchisalai,Бахчисарай,バフチサライ,바흐치사라이;P;PPLA2;UA;Ukraine;;11;0102;11152799;;27448;;173;Europe/Simferopol;2023-08-28;Ukraine;44.75525, 33.85782
859641;Kosy;Kosy;Kosi,Kossy,Коси;P;PPL;UA;Ukraine;;17;5112;;;1012;115;105;Europe/Kyiv;2022-10-27;Ukraine;47.67896, 29.49778
6930327;Slavutych;Slavutych;Slavoetytsj,Slavoutytch,Slavucich,Slavutic,Slavutica,Slavutich,Slavutici,Slavutič,Slavutiča,Slavutots,Slavutyc,Slavutych,Slavutycius,Slavutytj,Slavutyts,Slavutytsj,Slavutytš,Slavutyč,Slavutyčius,Slavutîci,Slavutõtš,Slavutıç,Slawutycz,Slawutytsch,Szlavutics,Sławutycz,aslawwtych,si la fu di qi,surabuchitchi,Славутич,Славуціч,Սլավուտիչ,اسلاووتیچ,სლავუტიჩი,スラブチッチ,斯拉夫蒂奇;P;PPL;UA;Ukraine;;13;3210;;;24464;;145;Europe/Kyiv;2023-08-28;Ukraine;51.5225, 30.71806
6975347;Beloglinka;Beloglinka;Aktachi-Kijat,Beloglinka,Biloglinka,Актачи́-Кия́т,Белоглинка,Білоглинка;P;PPL;UA;Ukraine;;11;0116;11152609;;1989;207;205;Europe/Simferopol;2022-10-27;Ukraine;44.9949, 34.04167
7021130;Yasnopolyanskoye;Yasnopolyanskoye;Jasnopoljans'ke,Jasnopoljanskoe,Yasnopolyanskoye,Яснополянское,Яснополянське;P;PPLA3;UA;Ukraine;;11;0106;11152871;;723;12;11;Europe/Simferopol;2022-10-27;Ukraine;45.94097, 34.35262
7035124;Vladimirovka;Vladimirovka;Vladimirovka,Volodimirivka,Владимировка,Володимирівка;P;PPL;UA;Ukraine;;11;0108;11153095;;1261;17;18;Europe/Simferopol;2022-10-27;Ukraine;45.1476, 33.57583
7036030;Geroyskoye;Geroyskoye;Ashaga-Dzhamin,Gerojs'ke,Gerojskoe,Geroyskoye,Gor'kovskoe,Herois'ke,Ашага́-Джами́н,Геройское,Геройське,Го́рьковское;P;PPLA3;UA;Ukraine;;11;0108;11153089;;1740;28;41;Europe/Simferopol;2022-10-27;Ukraine;45.13857, 33.74675
7040059;Solnechniy;Solnechniy;Solnechniy,Solnechnyj,Sonjachnij,Солнечный,Сонячний;P;PPL;UA;Ukraine;;20;700468;11153382;;1718;82;80;Europe/Simferopol;2016-05-23;Ukraine;44.78677, 33.61786
10350239;Rozkvit;Rozkvit;Rozkvit,Розквіт;P;PPL;UA;Ukraine;;17;5102;;;1050;118;125;Europe/Kyiv;2022-10-27;Ukraine;47.12322, 30.61522
687155;Zavodske;Zavodske;Zavods'ke,Zavodske,Zavodskoe,Zavodské,Zawodske,Zawodśke,Заводское,Заводське;P;PPL;UA;Ukraine;;22;6106;;;3352;300;297;Europe/Kyiv;2022-10-27;Ukraine;48.99888, 25.85369
687433;Zdovbytsia;Zdovbytsia;Zdolbica,Zdolbitsa,Zdovbicja,Zdovbytsia,Zdovbytsya,Zdołbica,Здовбиця;P;PPL;UA;Ukraine;;19;5606;;;4858;;199;Europe/Kyiv;2022-10-27;Ukraine;50.49607, 26.24111
687455;Zbarazh;Zbarazh;Zbaraj,Zbaraz,Zbarazh,Zbaraż,Збараж;P;PPLA2;UA;Ukraine;;22;6104;;;13746;317;320;Europe/Kyiv;2022-10-27;Ukraine;49.66157, 25.77925
688505;Yampil’;Yampil';Jampil,Jampil',Jampol',Yampil',Yampil’,Yampol',Ямполь,Ямпіль;P;PPLA3;UA;Ukraine;;05;1412;;;0;;57;Europe/Kyiv;2022-10-27;Ukraine;48.93555, 37.95634
688637;Yablunytsia;Yablunytsia;Jablonitza,Jablunica,Jablunicja,Yablonitsa,Yablunytsia,Yablunytsya,Яблуница,Яблуниця;P;PPL;UA;Ukraine;;06;2612;;;1986;;854;Europe/Kyiv;2022-10-27;Ukraine;48.31107, 24.48363
688768;Vyhoda;Vyhoda;Vigoda,Vygoda,Vyhoda,Wygoda,Вигода,Выгода;P;PPL;UA;Ukraine;;06;2606;;;2283;448;439;Europe/Kyiv;2022-10-27;Ukraine;48.93154, 23.9089
688878;Voyutychi;Voyutychi;Vojutichi,Voyutichi,Voyutyche,Voyutychi,Воютичи,Воютичі;P;PPL;UA;Ukraine;;15;4608;;;2099;;305;Europe/Kyiv;2022-10-27;Ukraine;49.55685, 23.09394
689554;Vynohradar;Vynohradar;Khutor Vinogradar',Khutor Vinogradar’,Vinogradar,Vinogradar',Vinogradar’,Vynogradar,Vynohradar,Виноградар;P;PPL;UA;Ukraine;;17;5114;;;1710;106;108;Europe/Kyiv;2022-10-27;Ukraine;46.67999, 30.34124
689857;Verkhnyachka;Verkhnyachka;Verkhniatchka,Verkhnjachka,Верхнячка;P;PPL;UA;Ukraine;;01;7106;;;3609;231;252;Europe/Kyiv;2022-10-27;Ukraine;48.82842, 30.03662
690165;Velyki Kopani;Velyki Kopani;Bol'shiye Kopani,Bol'shoye Kopani,Bol’shiye Kopani,Bol’shoye Kopani,Veliki Kopani,Veliki Kopaņi,Velikie Kopani,Velikiye Kopani,Velyki Kopani,Velyki Kopany,Velîki Kopani,Vеlykі Kоpаnі,Welyki Kopani,Wełyki Kopani,da ke pa ni,fylyky kwbany  kyrswnska,Великие Копани,Великі Копані,فيليكي كوباني، كيرسونسكا,大科帕尼;P;PPL;UA;Ukraine;;08;6510;;;5464;;13;Europe/Kyiv;2022-10-27;Ukraine;46.48818, 32.97348
690389;Vasylivka;Vasylivka;Vasilevka,Vasilivka,Vasylivka,Василівка;P;PPL;UA;Ukraine;;17;5110;;;2068;56;69;Europe/Kyiv;2022-10-27;Ukraine;46.60835, 30.30578
690544;Batiovo;Batiovo;Bat'evo,Bat'ovo,Batiovo,Batiowo,Batjovo,Batjowo,Batoevo,Batovo,Batyu,Batïovo,Batövo,Baťovo,Bátyú,Батьево,Батьово;P;PPL;UA;Ukraine;;25;2102;;;2914;105;104;Europe/Kyiv;2023-05-03;Ukraine;48.36417, 22.3989
690545;Uzyn;Uzyn;Uzin,Uzyn,Узин;P;PPL;UA;Ukraine;;13;3202;;;11921;;182;Europe/Kyiv;2023-05-03;Ukraine;49.8246, 30.42523
690572;Utkonosivka;Utkonosivka;Erdec-Burnu,Erdek-Burnu,Ion George Duka,Ion Gheorghe Duca,Outkonossivka,Owtkonosovka,Utkonosivka,Utkonosovka,Utkonossiwka,wu te ke nuo xi fu ka,Іон Георге Дука,Ердек-Бурну,Утконосовка,Утконосівка,Ուտկոնոսովկա,烏特科諾西夫卡;P;PPL;UA;Ukraine;;17;5108;;;4318;20;22;Europe/Kyiv;2022-10-27;Ukraine;45.49523, 28.95951
690656;Urozhaynoye;Urozhaynoye;Ferngejm,Urozhajne,Urozhajnoe,Urozhaynoye,Урожайне,Урожайное,Фернгейм;P;PPLA3;UA;Ukraine;;11;0118;11153129;;1119;10;10;Europe/Simferopol;2022-10-27;Ukraine;45.33625, 35.06865
690756;Ulaniv;Ulaniv;Ulaniv,Ulanov,Уланов,Уланів;P;PPL;UA;Ukraine;;23;0512;;;3038;;269;Europe/Kyiv;2022-10-27;Ukraine;49.69512, 28.13298
691410;Topaly;Topaly;Topali,Topaly,Топали;P;PPL;UA;Ukraine;;17;5112;;;1224;78;80;Europe/Kyiv;2022-10-27;Ukraine;47.60179, 29.29804
691422;Tomashpil;Tomashpil;Tomachpil,Tomashpil',Tomashpol',Томашполь,Томашпіль;P;PPL;UA;Ukraine;;23;0510;;;5463;243;245;Europe/Kyiv;2023-01-19;Ukraine;48.53695, 28.51295
691497;Tlumach;Tlumach;Tloumatch,Tlumach,Tlumacz,Tłumacz,Тлумач;P;PPLA2;UA;Ukraine;;06;2604;;;8886;225;256;Europe/Kyiv;2022-10-27;Ukraine;48.86519, 25.00385
691628;Ternivka;Ternivka;Ternivka,Terniwka,Ternovka,Терновка,Тернівка;P;PPL;UA;Ukraine;;04;1212;;;26961;111;119;Europe/Kyiv;2023-08-26;Ukraine;48.52656, 36.07051
691970;Tabachnoye;Tabachnoye;Adzhi-Akhmat,Tabachne,Tabachnoe,Tabachnoye,Аджи́-Ахма́т,Табачне,Табачное;P;PPLA3;UA;Ukraine;;11;0106;11152866;;1287;18;19;Europe/Simferopol;2022-10-27;Ukraine;45.61257, 34.61497
692847;Starohorozhene;Starohorozhene;Starogorozhene,Starogorozheno,Starohorojene,Starohorojéné,Старогорожене,Старогорожено;P;PPL;UA;Ukraine;;16;4802;;;1077;17;15;Europe/Kyiv;2022-10-27;Ukraine;47.49653, 32.34161
693615;Skvyra;Skvyra;Skvira,Skvyra,Skvîra,Skvıra,Skwyra,askwyra,si ke wei la,sqwwyrh,Сквира,Սկվիրա,סקווירא,סקווירה,اسکویرا,სკვირა,斯克維拉;P;PPLA2;UA;Ukraine;;13;3202;;;17452;;198;Europe/Kyiv;2022-10-27;Ukraine;49.73303, 29.66426
693896;Shubranets;Shubranets;Choubranets,Shubranec,Shubranec',Shubranets,Subranesti,Șubrănești,Шубранец,Шубранець;P;PPL;UA;Ukraine;;03;7306;;;1888;200;211;Europe/Kyiv;2022-10-27;Ukraine;48.39552, 25.88794
694013;Shyshaky;Shyshaky;Chychaky,Shishaki,Шишаки;P;PPLA2;UA;Ukraine;;18;5306;;;4347;150;150;Europe/Kyiv;2022-10-27;Ukraine;49.87574, 34.00645
694435;Serhiyi;Serhiyi;Sarghieni,Sergii,Serhii,Serhiï,Sârghieni,Сергии,Сергії;P;PPL;UA;Ukraine;;03;7302;;;1097;913;997;Europe/Kyiv;2022-10-27;Ukraine;47.9883, 25.15545
694603;Semenivka;Semenivka;Semenivka,Semjonovka,Séménivka,Семенівка,Семёновка;P;PPL;UA;Ukraine;;18;5302;;;6089;92;95;Europe/Kyiv;2023-01-21;Ukraine;49.59655, 33.17943
694792;Sarny;Sarny;Sarni,Sarnv,Sarny,Sarnî,Sarnı,sa er nei,sarni,sarny,Сарни,Сарны,Սարնի,סארני,سارنی,სარნი,薩爾內;P;PPLA2;UA;Ukraine;;19;5608;;;28865;;158;Europe/Kyiv;2023-06-16;Ukraine;51.33795, 26.60191
694934;Sadzhavka;Sadzhavka;Sadjavka,Sadschawka,Sadzavka,Sadzawka,Sadzhavka,Sazhovka,Sаdžаvkа,sa gu fu ka,Саджавка,薩賈夫卡;P;PPL;UA;Ukraine;;06;2608;;;3278;;361;Europe/Kyiv;2022-10-27;Ukraine;48.56734, 24.79969
694955;Sadovoye;Sadovoye;Novo-Caricyno,Sadove,Sadovoe,Sadovoye,Но́во-Цари́цыно,Садове,Садовое;P;PPLA3;UA;Ukraine;;11;0104;11152979;;2874;56;53;Europe/Simferopol;2022-10-27;Ukraine;45.31037, 34.6526
695100;Ruskoivanivka;Ruskoivanivka;Ivanestii-Vechi,Ivanivka,Ivăneștii-Vechi,Rus'koivanivka,Rusko'ivanivka,Ruskoivanivka,Russkoivanovka,lu xi ke yi wa ni fu ka,Іванівка,Русскоивановка,Руськоіванівка,魯西科伊瓦尼夫卡;P;PPL;UA;Ukraine;;17;5104;;;1613;68;67;Europe/Kyiv;2022-10-27;Ukraine;46.3693, 29.7658
695854;Rokytne;Rokytne;Rachitna,Rakitnoe,Rokitne,Rokytne,Rokytné,Răchitna,Ракитное,Рокитне;P;PPL;UA;Ukraine;;03;7306;;;2468;217;217;Europe/Kyiv;2022-10-27;Ukraine;48.32978, 26.19039
696008;Putyvl;Putyvl;Putivl',Putivl’,Putyvl,Putyvl',Putyvl’,Путивль;P;PPL;UA;Ukraine;;21;5902;;;14886;;184;Europe/Kyiv;2023-05-03;Ukraine;51.33745, 33.87066
697445;Petrodolynske;Petrodolynske;Peterstal',Peterstal’,Petrodolins'ke,Petrodolinskoye,Petrodolyns'ke,Petrodolynske,Petrodolyns’ke,Петродолинське;P;PPL;UA;Ukraine;;17;5110;;;3118;28;36;Europe/Kyiv;2022-10-27;Ukraine;46.43382, 30.40377
697457;Petrikov;Petrikov;Petrikiv,Petrikov,Petrykiv,Петриків;P;PPL;UA;Ukraine;;22;6104;;;3033;;295;Europe/Kyiv;2022-10-27;Ukraine;49.52782, 25.58097
697592;Pervomaisk;Pervomaisk;Pervomaika,Pervomaisk,Pervomajs'k,Pervomajsk,Pervomays'k,Pervomaysk,Pervomays’k,Perwomajsk,Первомайск,Первомайськ;P;PPL;UA;Ukraine;;14;4402;;;36091;;100;Europe/Kyiv;2023-06-11;Ukraine;48.62831, 38.56205
697671;Pereshchepyne;Pereshchepyne;Perechtchepyne,Pereshhepine,Pereshhepino,Péréchtchépyné,Перещепине,Перещепино;P;PPL;UA;Ukraine;;04;1210;;;9720;90;86;Europe/Kyiv;2022-10-27;Ukraine;49.02512, 35.36885
698070;Ozheve;Ozheve;Ozheva,Ozheve,Ozhevo,Ожеве,Ожево;P;PPL;UA;Ukraine;;03;7304;;;1118;121;115;Europe/Kyiv;2022-10-27;Ukraine;48.55786, 27.4641
698953;Novyy Buh;Novyy Buh;Novi Bug,Novij Bug,Novo Bug,Novy Bug,Novyi Bouh,Novyj Bug,Novyy Bug,Novyï Bouh,Nowyi Bug,Новий Буг,Новый Буг;P;PPLA2;UA;Ukraine;;16;4802;;;14969;100;101;Europe/Kyiv;2022-10-27;Ukraine;47.69057, 32.51214
699410;Novomykolayivka;Novomykolayivka;Novomikolaivka,Novomykolaivka,Novomykolaïvka,Novonikolaevka,Новомиколаївка,Новониколаевка;P;PPL;UA;Ukraine;;04;1204;;;4006;165;171;Europe/Kyiv;2022-10-27;Ukraine;48.56125, 34.37552
700341;Nelipyno;Nelipyno;Harsfalva,Hársfalva,Nelepino,Nelipino,Nelipyne,Nelipyno,Нелепино,Неліпино;P;PPL;UA;Ukraine;;25;2104;;;3403;;219;Europe/Kyiv;2023-03-13;Ukraine;48.56101, 23.03146
700512;Nadlymanske;Nadlymanske;Francfel'd,Franzfeld,Garagol',Nadlimans'ke,Nadlimanske,Nadlimanskoe,Nadlymanske,Nadlymanskeh,Nadlymanské,Nadlîmanske,na de li man xi ke,Гараголь,Надлиманское,Надлиманське,Надлыманскэ,Францфельд,納德利曼西克;P;PPL;UA;Ukraine;;17;5110;;;1806;45;46;Europe/Kyiv;2022-10-27;Ukraine;46.37404, 30.33329
700984;Mitrofanovka;Mitrofanovka;Mitrofanivka,Mitrofanovka,Sollar,Митрофановка,Митрофанівка,Солла́р;P;PPLA3;UA;Ukraine;;11;0104;11152973;;1226;22;26;Europe/Simferopol;2022-10-27;Ukraine;45.45114, 34.67883
701091;Mynai;Mynai;Minaj,Minay,Mynai,Mynay,Минай;P;PPL;UA;Ukraine;;25;2110;;;2973;;111;Europe/Kyiv;2022-12-13;Ukraine;48.5888, 22.27502
701299;Mizhhirya;Mizhhirya;Boureni,Mezhgor'e,Mijhiria,Mizhgir'ja,OEkoermezo,Ökörmező,Межгорье,Міжгір’я;P;PPL;UA;Ukraine;;25;2112;;;9567;450;436;Europe/Kyiv;2023-01-21;Ukraine;48.52435, 23.50091
701313;Mezenivka;Mezenivka;Mezenevka,Mezenivka,Mezenovka,Мезеновка,Мезенівка;P;PPL;UA;Ukraine;;21;5908;;;1273;;139;Europe/Kyiv;2022-10-27;Ukraine;50.63486, 35.3134
701425;Medzhybizh;Medzhybizh;'mz'ybwz,'מז'יבוז,Medjybij,Medzhibizh,Medzhibozh,Miedzyboz,Międzybóż,mʻzsbyzs,Меджибож,Меджибіж,מעזשביזש;P;PPL;UA;Ukraine;;09;6804;;;1339;268;291;Europe/Kyiv;2022-10-27;Ukraine;49.43658, 27.40907
701822;Mariupol;Mariupol;Hayeren,MPW,Marijupol,Marioepol,Marioupol,Marioupol',Marioupoli,Mariupol,Mariupol',Mariupolj,Maryupal',Zhdanov,hindi,kartuli,ma li wu bo er,ma ri xupal,maliupol,mari'upol,mari'upola,marywbwl,marywpwl,mrwpl,mryʼwpwl,mʼrywpʼl,ri ben yu,Μαριούπολη,Жданов,Мариупол,Мариуполь,Маријупољ,Марыупаль,Маріуполь,Марїоуполь,Հայերեն,מאריופאל,מריאופול,ماريوبول,ماریوپول,مروپل,मरिउपोल,हिन्दी,మరిఉపొల్,ಮರಿಉಪೊಲ್,มารีอูปัล,ქართული,ማሪኡፖል,日本語,马里乌波尔,마리우폴;P;PPL;UA;Ukraine;;05;1414;;;431859;;65;Europe/Kyiv;2022-10-27;Ukraine;47.09514, 37.54131
701870;Marazliyivka;Marazliyivka;Marazlaveni,Marazlievka,Marazliivka,Marazliïvka,Marazlăveni,Marianca Mica,Marianca Mică,Marjanovka,ma la zi li yi fu ka,Маразлиевка,Маразліївка,Маряновка,馬拉茲利伊夫卡;P;PPL;UA;Ukraine;;17;5104;;;1397;21;36;Europe/Kyiv;2022-10-27;Ukraine;46.09596, 30.04941
701927;Mamalyha;Mamalyha;Mamaliga,Mamalyga,Mamalyha,Mămaliga,Mămăliga,Мамалига,Мамалыга;P;PPL;UA;Ukraine;;03;7304;;;2589;115;118;Europe/Kyiv;2022-10-27;Ukraine;48.25547, 26.58522
702115;Malynivka;Malynivka;Malinesti,Malinivka,Malinovka,Malynivka,Mălinești,Малиновка,Малинівка;P;PPL;UA;Ukraine;;03;7306;;;1527;225;223;Europe/Kyiv;2022-10-27;Ukraine;48.31667, 26.33333
702246;Mala Bilozerka;Mala Bilozerka;Mala Bilozerka,Malaya Belozerka,Malaya Belozërka,Мала Білозерка;P;PPL;UA;Ukraine;;26;2304;;;5717;;76;Europe/Kyiv;2022-12-13;Ukraine;47.24737, 34.93457
703328;Lazeshchyna;Lazeshchyna;Laveshchina,Lazeshchina,Lazeshchyna,Lazeshhina,Loveshchina,Лазещина;P;PPL;UA;Ukraine;;25;2106;;;4008;;703;Europe/Kyiv;2022-12-13;Ukraine;48.2744, 24.41559
703845;Kryvyy Rih;Kryvyy Rih;KWG,Krivi Rih,Krivi Rog,Krivii Rih,Krivij Rig,Krivij Rih,Krivijriha,Kriviy Rig,Krivoj Rog,Krivoj rog,Krivoy Rog,Krivoy Roq,Krivyj Rig,Kriví Rih,Krovoi Rig,Kruevuey Rih,Kryvy Rig,Kryvy Rih,Kryvy Rog,Kryvyi Rih,Kryvyj Rih,Kryvyj Rihas,Kryvyï Rih,Krywyj Rih,Krzywy Rog,Krzywy Róg,Krîvîi Rih,Krõvõi Rig,Krüvüy Rih,Krıvıy Rig,ke lei wei li ge,ke li wo luo ge,keulibiliheu,kh ri wi rikh,kryfy ryh,kryfyy ryh,qryby ryh,Криви Рог,Кривий Риҕ,Кривий Ріг,Кривой Рог,Кривой рог,Кривый Ріг,Крывы Рог,Կրիվոյ Ռոգ,קריבי ריה,كريفي ريه,کریفیی ریه,ครีวีริค,კრივოი-როგი,クルィヴィーイ・リーフ,克里沃罗格,克雷維里格,克雷维里格,크리비리흐;P;PPLA2;UA;Ukraine;;04;1206;;;603904;84;95;Europe/Kyiv;2023-01-22;Ukraine;47.90572, 33.39404
703877;Krymka;Krymka;Krimka,Krymka,Кримка,Крымка;P;PPL;UA;Ukraine;;16;4808;;;1204;73;73;Europe/Kyiv;2022-10-27;Ukraine;47.93785, 30.76483
704427;Krasnen’koye;Krasnen'koye;Krasnen'koe,Krasnen'koye,Krasnenke,Krasnenké,Krasnen’koye,Красненькое;P;PPL;UA;Ukraine;;16;4808;;;1002;103;114;Europe/Kyiv;2022-10-27;Ukraine;48.13384, 30.32703
704469;Krasna;Krasna;Krasna,Krasnaya,Krasni,Krasnoye,Krаsnа,ke la si na,Красна,Красни,克拉斯納;P;PPL;UA;Ukraine;;06;2612;;;3096;;428;Europe/Kyiv;2022-10-27;Ukraine;48.57459, 24.69601
705512;Kochetok;Kochetok;Kachehtok,Kocetok,Kochegok,Kochetok,Koczetok,Kotchetok,Kotschetok,Kotxetok,Koçetok,Kočetok,ke qie tuo ke,Качэток,Кочеток,Կոչետոկ,科切托克;P;PPL;UA;Ukraine;;07;6314;;;3481;;151;Europe/Kyiv;2022-10-27;Ukraine;49.88005, 36.73723
705743;Shirokoye;Shirokoye;Kitaj,Shiroke,Shirokoe,Shirokoye,Кита́й,Широке,Широкое;P;PPLA3;UA;Ukraine;;11;0116;11152625;;1491;110;112;Europe/Simferopol;2022-10-27;Ukraine;45.20029, 34.05069
705782;Kyselivka;Kyselivka;Kiselevka,Kiselivka,Kiselëvka,Kyselivka,Киселівка;P;PPL;UA;Ukraine;;16;4806;;;1256;49;50;Europe/Kyiv;2022-10-27;Ukraine;47.00204, 32.46997
705854;Kyrykivka;Kyrykivka;Kirikivka,Kirikovka,Kyrykivka,Кириковка,Кириківка;P;PPL;UA;Ukraine;;21;5904;;;3202;;114;Europe/Kyiv;2022-10-27;Ukraine;50.36408, 35.1149
706571;Kozyatyn;Kozyatyn;Kazatin,Kosjatyn,Koziatyn,Kozjatin,qwzyʼtyn,Казатин,Козятин,קוזיאטין;P;PPLA2;UA;Ukraine;;23;0512;;;23241;307;295;Europe/Kyiv;2023-09-04;Ukraine;49.7164, 28.83858
706950;Kamianets-Podilskyi;Kamianets-Podilskyi;Kam'janec'-Podil's'kij,Kamenec-Podol'skij,Kamenec-Podolski,Kamianets-Podilskyi,Kamianets-Podilskyï,Kamieniec Podolski,Kamjanec-Podiljski,Kamjanets-Podilskoi,Kamjanets-Podilskyi,Kamjanets-Podilskyj,Kamjanets-Podilskõi,Kamjanez-Podilskyj,qmnyz-pwdwlsqy,qʼamʻnyz,qʼamʻnʻz־pʼdʼlsq,Каменец-Подолски,Каменец-Подольский,Кам’янець-Подільський,קאַמעניץ,קאַמענעץ־פאדאלסק,קמניץ-פודולסקי;P;PPLA2;UA;Ukraine;;09;6802;;;97908;164;219;Europe/Kyiv;2023-01-23;Ukraine;48.67882, 26.58516
707099;Kalush;Kalush;Kalouch,Kalus,Kalusch,Kalush,Kalusz,Kaluš,Kałusz,karushu,Калуш,קאַלוש,カルシュ;P;PPLA2;UA;Ukraine;;06;2606;;;65088;290;318;Europe/Kyiv;2023-01-23;Ukraine;49.02398, 24.37206
707245;Kairy;Kairy;Kairi,Kairy,Kayiry,Zapadnyye Kairy,Каїри;P;PPL;UA;Ukraine;;08;6506;;;3364;;58;Europe/Kyiv;2022-10-27;Ukraine;46.94611, 33.70519
707769;Hvizdets;Hvizdets;Chvizntets,Gvizdec',Gvizdehc',Gvizdets,Gvozdec,Gwozdziec,Gwoździec,Hvizdec,Hvizdec',Hvizdet,Hvizdets,Hvizdeț,Hwisdez,gwwyzdz,he wei ci dai ci,Χβιζντέτς,Гвоздец,Гвіздець,Гвіздэць,Գվիզդեց,גוויזדץ,赫维兹代茨;P;PPL;UA;Ukraine;;06;2608;;;1858;276;286;Europe/Kyiv;2022-10-27;Ukraine;48.5786, 25.27861
708403;Hornostayivka;Hornostayivka;Gornostaevka,Gornostaivka,Hornostaivka,Hornostaïvka,Горностаевка,Горностаївка;P;PPLA2;UA;Ukraine;;08;6506;;;6541;82;47;Europe/Kyiv;2022-10-27;Ukraine;47.01171, 33.72987
708717;Hlukhivtsi;Hlukhivtsi;Glukhivci,Glukhovcy,Hloukhivtsi,Глуховцы,Глухівці;P;PPL;UA;Ukraine;;23;0512;;;3277;267;278;Europe/Kyiv;2022-10-27;Ukraine;49.77149, 28.72976
708784;Hlevakha;Hlevakha;Glevakha,Hlevakha,Глеваха;P;PPL;UA;Ukraine;;13;3214;;;8742;;188;Europe/Kyiv;2022-10-27;Ukraine;50.27423, 30.32706
709074;Shtormovoye;Shtormovoye;Frunzevka,Shtormove,Shtormovoe,Shtormovoye,Voznesenovka,Вознесе́новка,Фру́нзевка,Штормове,Штормовое;P;PPLA3;UA;Ukraine;;11;0108;11153114;;1124;3;4;Europe/Simferopol;2022-10-27;Ukraine;45.26717, 33.08693
709862;Dobrushino;Dobrushino;Dobrushine,Dobrushino,Добрушине,Добрушино;P;PPLA3;UA;Ukraine;;11;0108;11153090;;1213;67;66;Europe/Simferopol;2022-10-27;Ukraine;45.37441, 33.36547
710532;Zavodske;Zavodske;Chervonozavods'ke,Chervonozavodskoe,Stalinka,Zavods'ke,Zavodske,Zavodskoe,Zavodské,Заводское,Заводське,Сталінка,Червонозаводское,Червонозаводське;P;PPL;UA;Ukraine;;18;5306;;;7832;111;107;Europe/Kyiv;2022-10-27;Ukraine;50.40065, 33.40118
710538;Chervone;Chervone;Cervone,Chehrvoneh,Chervone,Chervoni,Chervonnoye,Chervonoe,Chervonoye,Czerwone,Tchervone,Tjervone,Tscherwone,qie er wo nei,Çervone,Červone,Червоне,Червони,Червоное,Чэрвонэ,切尔沃内,切爾沃內;P;PPL;UA;Ukraine;;27;1802;;;2763;;227;Europe/Kyiv;2022-10-27;Ukraine;49.95114, 28.86631
710565;Radyvyliv;Radyvyliv;Chervonoarmeysk,Chervonoarmiys'k,Chervonoarmiys’k,Radiviliv,Radivilov,Radyvyliv,Radzivilluv,Radzivilov,Radziwillow,Radziwiłłów,rʼdybylyb,rʼdzybylwb,Радивилов,Радивилів,ראדזיבילוב,ראדיביליב;P;PPL;UA;Ukraine;;19;5604;;;10427;;221;Europe/Kyiv;2023-05-01;Ukraine;50.12994, 25.25576
710681;Chornorudka;Chornorudka;Chernorudka,Chornorudka,Чернорудка,Чорнорудка;P;PPL;UA;Ukraine;;27;1802;;;1005;;240;Europe/Kyiv;2022-10-27;Ukraine;49.8428, 29.06143
710687;Chernomorskoye;Chernomorskoye;Ak-Mechet',Ak-Mechet’,Chernomorskoe,Chernomorskoye,Chornomors'ke,Chornomors’ke,Черноморское,Чорноморське;P;PPL;UA;Ukraine;;11;0108;11153132;;11039;20;17;Europe/Simferopol;2023-01-21;Ukraine;45.50657, 32.69776
710846;Cheponosy;Cheponosy;Ceponosa,Cheponosa,Cheponosi,Cheponosy,Tcheponossy,Tchéponossy,Чепоноси,Чепоносы;P;PPL;UA;Ukraine;;03;7304;;;1441;221;227;Europe/Kyiv;2022-10-27;Ukraine;48.48428, 26.35383
711134;Burshtyn;Burshtyn;Boersjtyn,Bourchtyn,Burschtyn,Burshtin,Burshtyn,Bursjtyn,Burstin,Burstina,Burstyn,Bursztyn,Burştın,Burština,Burštyn,Burștîn,Ho phach,Hổ phách,ampar,burushutin,bwrshtyn,bwrstyn,hobag,hu po,kohaku,Бурштин,Бурштын,Բուրշտին,בורשטין,بورشتين,بورشتین,அம்பர்,ბურშტინი,コハク,ブルシュティン,琥珀,호박;P;PPL;UA;Ukraine;;06;2604;;;14737;211;252;Europe/Kyiv;2023-04-30;Ukraine;49.25193, 24.63339
711382;Brusyliv;Brusyliv;Brusiliv,Brusilov,Brussilow,Brusyliv,Брусилов,Брусилів;P;PPLA3;UA;Ukraine;;27;1804;;;4707;;166;Europe/Kyiv;2022-10-27;Ukraine;50.28449, 29.52626
711621;Borova;Borova;Borova,Borovaja,Borovaya,Борова,Боровая;P;PPL;UA;Ukraine;;13;3214;;;7241;;162;Europe/Kyiv;2022-10-27;Ukraine;50.17625, 30.10429
711623;Borova;Borova;Borova,Borovaja,Borovaya,Borowaja,Борова,Боровая;P;PPL;UA;Ukraine;;07;6304;;;5174;;93;Europe/Kyiv;2022-10-27;Ukraine;49.37666, 37.64103
711660;Boryspil;Boryspil;Borispil',Borispilj,Borispilo,Borispol',Borispol’,Boryspil,Boryspil',Boryspil’,Boryspol,boruisupiri,Борисполь,Бориспіль,ボルィースピリ;P;PPLA2;UA;Ukraine;;13;3204;;;64117;;113;Europe/Kyiv;2023-01-23;Ukraine;50.35269, 30.95501
712926;Balakliia;Balakliia;Balakleja,Balakleya,Balakliia,Balaklija,Balakliya,Балаклея,Балаклія;P;PPL;UA;Ukraine;;07;6304;;;26334;;83;Europe/Kyiv;2023-08-26;Ukraine;49.45595, 36.84433
712967;Bakhmach;Bakhmach;Bachmatsch,Bakhmach,Bakhmach Romenskiy,Бахмач;P;PPL;UA;Ukraine;;02;7404;;;16862;;144;Europe/Kyiv;2023-05-01;Ukraine;51.18144, 32.83463
712981;Bahrynivka;Bahrynivka;Bagrinivka,Bagrinovka,Bahrinesti,Bahrynivka,Bakhrineshte,Bakhrineshti,Bakhrineshtiye,Băhrineşti,Băhrinești,Багринівка;P;PPL;UA;Ukraine;;03;7306;;;1456;399;415;Europe/Kyiv;2022-10-27;Ukraine;47.98272, 25.94581
713410;Andriyevo-Ivanivka;Andriyevo-Ivanivka;Andrievo-Ivanivka,Andriievo-Ivanivka,Andriïévo-Ivanivka,Андрієво-Іванівка;P;PPL;UA;Ukraine;;17;5102;;;1692;45;39;Europe/Kyiv;2022-10-27;Ukraine;47.50322, 30.46247
713470;Andriyivka;Andriyivka;Andreevka,Andriivka,Andriïvka,Андреевка,Андріївка;P;PPL;UA;Ukraine;;26;2302;;;2755;88;91;Europe/Kyiv;2022-12-13;Ukraine;47.09351, 36.58949
713577;Alekseyevka;Alekseyevka;Alekseevka,Alekseyevka,Ehski-Alikech,Oleksiivka,Алексеевка,Олексіївка,Эски́-Алике́ч;P;PPLA3;UA;Ukraine;;11;0112;11152992;;913;72;69;Europe/Simferopol;2022-10-27;Ukraine;45.58194, 33.6298
860012;Okny;Okny;Krasni Okni,Krasni Okny,Krasnyye Okny,Okna,Okni,Okny,Красні Окни,Окни,Окны;P;PPLA2;UA;Ukraine;;17;5112;;;5290;71;83;Europe/Kyiv;2023-03-31;Ukraine;47.54293, 29.45586
7280677;Denyshi;Denyshi;Denishi,Denyshi,Дениші,Деныши;P;PPL;UA;Ukraine;;27;1804;;;1164;;210;Europe/Kyiv;2022-10-27;Ukraine;50.21415, 28.40395
8504779;Kriukivschina;Kriukivschina;Krjukivshhina,Krjukovshhina,Крюковщина,Крюківщина;P;PPL;UA;Ukraine;;13;3208;;;3509;;177;Europe/Kyiv;2022-10-27;Ukraine;50.37153, 30.36861
12156374;Dranytsya;Dranytsya;Dranica,Dranicja,Dranytsia,Sendreni,Șendreni,Драница,Драниця;P;PPL;UA;Ukraine;;03;7304;;;1886;118;119;Europe/Kyiv;2022-10-27;Ukraine;48.22735, 26.53286
12156419;Vladychna;Vladychna;Vladichna,Vladicina,Vladychna,Vladytchna,Vlădicina,Владична,Владычна;P;PPL;UA;Ukraine;;03;7304;;;1742;193;204;Europe/Kyiv;2022-10-27;Ukraine;48.42728, 26.34034
686896;Zolochiv;Zolochiv;Solotschiw,Zlochev,Zlochuv,Zloczow,Zolachyu,Zolochev,Zolochiv,Zolociv,Zolociva,Zolocivas,Zolociw,Zolocsiv,Zolocziw,Zolotchiv,Zolotjiv,Zolotsiv,Zolotsjiv,Zolotšiv,Zoloçiv,Zoločiv,Zoločiva,Zoločivas,Zoločiw,Zołocziw,Złoczów,jollochiu,tslwktswf,zlwtswb,zolochevi,zorochiu,zuo luo qiao fu,zwlwtshyf,Золачыў,Золочев,Золочив,Золочів,Զոլոչև,זלוטשוב,تسلوکتسوف,زولوتشيف,ზოლოჩევი,ゾーロチウ,佐洛乔夫,졸로치우;P;PPLA2;UA;Ukraine;;15;4604;;;22608;;267;Europe/Kyiv;2023-09-02;Ukraine;49.80755, 24.90056
686928;Zmiiv;Zmiiv;Gottvald,Gotval'd,Gotval’d,Zmiev,Zmiiv,Zmiyev,Zmiyiv,Змиев,Зміїв;P;PPL;UA;Ukraine;;07;6314;;;13737;;92;Europe/Kyiv;2023-05-01;Ukraine;49.68886, 36.3576
687700;Zaporizhzhya;Zaporizhzhya;Aleksandrovsk,Alexandrovsk,OZH,Oleksandrivs'k,Saporischschja,Saporoschje,Saporoshje,Zaparozhzha,Zaporijja,Zaporijjia,Zaporijjâ,Zaporijya,Zaporiyia,Zaporizhja,Zaporizhzhia,Zaporizhzhya,Zaporizia,Zaporizja,Zaporizza,Zaporizzia,Zaporizzja,Zaporizzsja,Zaporižia,Zaporižja,Zaporižžia,Zaporižžja,Zaporoye,Zaporoze,Zaporozh'e,Zaporozhje,Zaporozhye,Zaporozi,Zaporozje,Zaporoże,Zaporožje,Záporoží,zabarwjya,zha bo li ri zha,zha bo luo re,Алекса́ндровск,Запарожжа,Запорожье,Запорожје,Запоріжжя,Запоріжя,Олекса́ндрівськ,زاباروجيا,扎波罗热,扎波里日扎;P;PPLA;UA;Ukraine;;26;2306;;;710052;105;63;Europe/Kyiv;2023-01-22;Ukraine;47.85167, 35.11714
687796;Zaliznychne;Zaliznychne;20-richchja Zhovtnja,20-річчя Жовтня,20e Anniversaire d'Octobre,Salisnytschne,XX-richia Zhovtnia,Zaliznichne,Zaliznichni,Zaliznichnoe,Zaliznicine,Zaliznicne,Zaliznychne,Zaliznychneh,Zaliznycne,Zaliznyczne,Zaliznytchne,Zaliznytchné,Zaliznytjne,Zaliznyčne,Zaliznîcine,Zaliznıçne,Zaļiznične,zha li ci ni qi nei,Зализничне,Зализнични,Зализничное,Залізничне,Залізнычнэ,Զալիզնիչնոե,扎利兹尼奇内;P;PPL;UA;Ukraine;;26;2310;;;1099;155;153;Europe/Kyiv;2022-12-13;Ukraine;47.64855, 36.16715
688022;Yuryivka;Yuryivka;Jur'evka,Jur'ivka,Yourivka,Yourïvka,Юрьевка,Юр’ївка;P;PPL;UA;Ukraine;;04;1212;;;2193;80;80;Europe/Kyiv;2023-01-18;Ukraine;48.74323, 36.01692
688806;Vvedenka;Vvedenka;Tamur,Vadeni,Vedenskoe,Vvedenka,Vvédenka,Vădeni,Wedenskoje,fu wei jian ka,Введенка,Веденское,弗韋堅卡;P;PPL;UA;Ukraine;;17;5104;;;1015;37;38;Europe/Kyiv;2023-03-23;Ukraine;46.17, 29.53299
688869;Voznesenka Persha;Voznesenka Persha;Vosneseni,Vosneșeni,Voznesenka,Voznesenka Persha,Voznesenka-Pervaja,Voznessenka Percha,wo zi nie xian ka pei er sha,Вознесенка Перша,Вознесенка-Первая,沃茲涅先卡佩爾沙;P;PPL;UA;Ukraine;;17;5106;;;1044;84;86;Europe/Kyiv;2022-10-27;Ukraine;46.1316, 29.47882
689552;Vinogradnoye;Vinogradnoye;Vinogradne,Vinogradnoe,Vinogradnoye,Виноградне,Виноградное;P;PPL;UA;Ukraine;;11;0120;;;1494;171;233;Europe/Simferopol;2022-10-27;Ukraine;44.48149, 34.12973
689860;Verkhniy Yasenov;Verkhniy Yasenov;Jasienow,Verkhnij Jasenov,Yasenuv Gurny,Верхний Ясенов;P;PPL;UA;Ukraine;;06;2602;;;1205;;532;Europe/Kyiv;2022-10-27;Ukraine;48.16156, 24.94532
690082;Velykodolynske;Velykodolynske;Bol'shaya Akkarzha,Bol’shaya Akkarzha,Gros-Libental,Gross-Libental',Gross-Libental’,Spartakovka,Velikodolins'ke,Velikodolinskoye,Velykodolinske,Velykodolynske,Vélykodolynské,Великодолинське;P;PPL;UA;Ukraine;;17;5110;;;13856;19;19;Europe/Kyiv;2022-10-27;Ukraine;46.34642, 30.57902
690147;Velyki Sorochyntsi;Velyki Sorochyntsi;Bol'shie Sorochincy,Bol'shiye Sorochintsy,Bol’shiye Sorochintsy,Vehlyki Sarochynci,Veliki Sorochinci,Veliki Sorochincy,Veliki Sorociinti,Veliki Sorocinci,Veliki Sorotsintsi,Veliki Sorotxintsi,Veliki Soročinci,Veliki Soròtxintsi,Velikije Sorotjintsy,Velikiye Sorochintsy,Velyki Sorochyntsi,Velyki Sorocynci,Velyki Sorocyntsi,Velyki Sorotjyntsi,Velyki Sorotsjyntsi,Velyki Sorotsyntsi,Velyki Soroçyntsi,Velyki Soročynci,Velîki Sorociînți,Verkhniye Sorochintsy,Vеlykі Sоrоtšyntsі,Welyki Sorotschynzi,Wielkie Soroczynce,Wielkie Soroczyńce,da suo luo qin qi,fylyky swrwtshyntsy,wlyky srchyntsy,Βελίκι Σορότσιντσι,Большие Сорочинцы,Велики Сорочинци,Велики Сорочинцы,Великі Сорочинці,Вэлыкі Сарочынці,Վելիկիե Սորոչինցի,فيليكي سوروتشينتسي,ولیکی سرچینتسی,ველიკიე-სოროჩინცი,ヴェルィーキ・ソローチンツィ,大索羅欽齊;P;PPL;UA;Ukraine;;18;5306;;;4050;;100;Europe/Kyiv;2022-10-27;Ukraine;50.02314, 33.94144
690274;Velyka Buda;Velyka Buda;Buda Mare,Velika Buda,Velikaja Buda,Velyka Bouda,Vélyka Bouda,Велика Буда,Великая Буда;P;PPL;UA;Ukraine;;03;7306;;;1291;209;215;Europe/Kyiv;2022-10-27;Ukraine;48.14793, 26.0973
690281;Velyka Bilozerka;Velyka Bilozerka;Velika Bilozerka,Velikaja Belozerka,Velikaja Belozjorka,Velikaya Belozyorka,Velyka Bilozerka,Velîka Bilozerka,Velıka Bilozerka,Vélyka Bilozerka,Vеlykа Bіlоzеrkа,Welyka Biloserka,Welyka Bilozerka,Wełyka Biłozerka,da bi luo ze er ka,fylyka bylwzyrka,Велика Білозерка,Великая Белозерка,Великая Белозёрка,Վելիկայա Բելոզյորկա,فيليكا بيلوزيركا,大比洛澤爾卡;P;PPL;UA;Ukraine;;26;2304;;;6200;50;50;Europe/Kyiv;2023-01-19;Ukraine;47.27572, 34.68457
690973;Turgenevka;Turgenevka;Teberti,Turgenevka,Теберти́,Тургеневка,Тургенєвка;P;PPL;UA;Ukraine;;11;0102;11152809;;1359;187;178;Europe/Simferopol;2022-10-27;Ukraine;44.69747, 33.83007
690985;Turbiv;Turbiv;Tourbiv,Turbiu,Turbiv,Turbiw,Turbov,Turbow,Turbów,tu er bi fu,twrbyf,Турбив,Турбов,Турбів,Турбіў,توربيف,圖爾比夫;P;PPL;UA;Ukraine;;23;0502;;;6166;240;245;Europe/Kyiv;2022-10-27;Ukraine;49.34078, 28.71831
691062;Tsvitkove;Tsvitkove;Cvetkovo,Cvitkove,Cvitkoveh,Cwitkowe,Svoboda,Tsvitkove,Tsvitkové,Tvitkove,Zwitkowe,ci wei te ke wei,Țvitkove,Свобода,Цветково,Цвіткове,Цвітковэ,Ցվետկովո,茨維特科韋;P;PPL;UA;Ukraine;;01;7108;;;1157;174;171;Europe/Kyiv;2022-10-27;Ukraine;49.1549, 31.53192
691310;Trykraty;Trykraty;Skarzhinka,Trikrati,Trikraty,Trixraty,Trykraty,Трикрати,Трикраты;P;PPL;UA;Ukraine;;16;4804;;;2009;56;58;Europe/Kyiv;2022-10-27;Ukraine;47.71678, 31.4064
694036;Shyrokolanivka;Shyrokolanivka;Karl Libknekhta,Landau,Schyrokolaniwka,Shirokolanivka,Shirokolanovka,Shyrokolanivka,Sirokolanivka,Sirokolanovka,Sjyrokolanivka,Syrokolanivka,Szyrokolaniwka,Szyrokołaniwka,shen luo ke la ni fu ka,shirokoraniuka,Şyrokolanivka,Širokolaņivka,Šyrokolanivka,Šyrоkоlаnіvkа,Șîrokolanivka,Широколановка,Широколанівка,Շիրոկոլանովկա,シロコラニウカ,什羅科拉尼夫卡;P;PPL;UA;Ukraine;;16;4806;;;1833;55;55;Europe/Kyiv;2022-10-27;Ukraine;47.16609, 31.43171
694073;Shypyntsi;Shypyntsi;Schypynzi,Shipentsi,Shipinci,Shipincy,Shipintsy,Shypynci,Shypyntsi,Sipenit,Sjypyntsi,Sypyntsi,Szypynci,Şypyntsi,Šypyntsі,Șipeniț,Шипинцы,Шипинці,Шыпынці,Շիպինցի;P;PPL;UA;Ukraine;;03;7306;;;3160;181;180;Europe/Kyiv;2022-10-27;Ukraine;48.37598, 25.75018
694745;Savran;Savran;Savran,Savran',Саврань;P;PPLA2;UA;Ukraine;;17;5112;;;6264;89;97;Europe/Kyiv;2022-10-27;Ukraine;48.1293, 30.0833
694954;Sadove;Sadove;Al't-El'ft,Fere-Champenoise II,Fersampenuaz-Mare,Fersampenuazul Mare,Fershampenazul Mare,Ferşampenuaz-Mare,Ferșampenuazul Mare,Neu-elft,Sadove,Sadoveh,Sadovoye,Sadowe,Shampanauz,sa duo wei,Альт-Ельфт,Садове,Садовэ,Шампанауз,薩多韋;P;PPL;UA;Ukraine;;17;5106;;;1020;25;26;Europe/Kyiv;2022-10-27;Ukraine;46.01999, 29.27624
695355;Roylyanka;Roylyanka;Raileanca,Roilianka,Rojljanka,Roïlianka,Răileanca,luo yi liang ka,Ройлянка,羅伊良卡;P;PPL;UA;Ukraine;;17;5104;;;1746;56;67;Europe/Kyiv;2022-10-27;Ukraine;46.28821, 29.79365
695574;Rodnikovo;Rodnikovo;Rodnikove,Rodnikovo,Staryj Kulchuk,Родникове,Родниково,Старый Кулчу́к;P;PPLA3;UA;Ukraine;;11;0116;11152619;;3492;159;159;Europe/Simferopol;2022-10-27;Ukraine;45.04296, 33.95407
695653;Ripky;Ripky;Reoki,Repki,Ripki,Ripky,Ripkí,Ripkî,Ripkı,Rypky,li pu ji,ripuki,Ριπκί,Репки,Рыпкы,Ріпки,Ռեպկի,リプキー,里普基;P;PPL;UA;Ukraine;;02;7410;;;6643;;145;Europe/Kyiv;2023-05-01;Ukraine;51.80105, 31.08383
695826;Rakiv Lis;Rakiv Lis;Rakiv Lis,Rakov Les,Rakovy Lyas,Раків Ліс;P;PPL;UA;Ukraine;;24;0704;;;2958;;153;Europe/Kyiv;2022-10-27;Ukraine;51.62174, 24.92427
696063;Pukhivka;Pukhivka;Pukhivka,Pukhovka,Пуховка,Пухівка;P;PPL;UA;Ukraine;;13;3206;;;1996;96;97;Europe/Kyiv;2022-10-27;Ukraine;50.6097, 30.7177
696739;Ivanivka;Ivanivka;Ivanivka,Ivanovka,Pokrovka,Іванівка,Ивановка;P;PPL;UA;Ukraine;;16;4806;;;1341;24;31;Europe/Kyiv;2022-10-27;Ukraine;46.6541, 31.66495
696771;Pohrebyshche;Pohrebyshche;Pogrebishhe,Pohrebychtche,Pohrebyschtsche,Pohrebyszcze,Pohrébychtché,Погребище;P;PPLA2;UA;Ukraine;;23;0502;;;9620;226;225;Europe/Kyiv;2022-10-27;Ukraine;49.48508, 29.25988
697177;Pysarivka;Pysarivka;Pisarevka,Pisarivka,Pysarivka,Писаревка,Писарівка;P;PPL;UA;Ukraine;;17;5112;;;1677;151;138;Europe/Kyiv;2022-10-27;Ukraine;48.04988, 29.04549
697739;Perehonivka;Perehonivka;Peregonivka,Peregonovka,Perehonivka,Перегоновка,Перегонівка;P;PPL;UA;Ukraine;;10;3502;;;3354;;119;Europe/Kyiv;2022-10-27;Ukraine;48.53218, 30.52091
698450;Orativ;Orativ;Orativ,Oratov,Оратов,Оратів;P;PPLA2;UA;Ukraine;;23;0502;;;2786;224;246;Europe/Kyiv;2022-10-27;Ukraine;49.18594, 29.52889
699210;Novoselivka;Novoselivka;Novoselivka,Novoselovka,Novosselivka,Novossélivka,Novosëlovka,Новоселівка;P;PPL;UA;Ukraine;;17;5102;;;1257;100;106;Europe/Kyiv;2022-10-27;Ukraine;47.16395, 30.82627
699334;Poltavka;Poltavka;Novopokrovka,Poltavka,Новопокро́вка,Полтавка;P;PPLA3;UA;Ukraine;;11;0112;11152925;;1937;70;68;Europe/Simferopol;2022-10-27;Ukraine;45.35133, 34.18371
700295;Neresnytsia;Neresnytsia;Neresnicja,Neresnitsa,Neresnytsia,Neresnytsya,Nizhnya Novoselitsa,Novoselice,Novoselitsa,Нересниця;P;PPL;UA;Ukraine;;25;2108;;;3617;;309;Europe/Kyiv;2022-12-13;Ukraine;48.12261, 23.77425
700823;Moloha;Moloha;Molga,Mologa,Moloha,mo luo jia,Молога,Մոլոգա,莫洛加;P;PPL;UA;Ukraine;;17;5104;;;2046;19;4;Europe/Kyiv;2022-10-27;Ukraine;46.21653, 30.23078
701063;Myrne;Myrne;Frejdental',Freudental,Freydental',Freydental’,Mikolaivka,Mirne,Mirnoe,Mirnoye,Myrne,Mîrne,mi er nie,Миколаївка,Мирне,Мирное,Фрейденталь,米爾涅;P;PPL;UA;Ukraine;;17;5110;;;2443;44;43;Europe/Kyiv;2023-03-31;Ukraine;46.4681, 30.37136
701372;Mena;Mena;Mena,Мена;P;PPL;UA;Ukraine;;02;7402;;;10935;;129;Europe/Kyiv;2023-05-02;Ukraine;51.5217, 32.21568
702491;Lysyanka;Lysyanka;Lisjanka,Lysjanka,Lyssianka,Лисянка,Лысянка;P;PPLA2;UA;Ukraine;;01;7102;;;7737;160;161;Europe/Kyiv;2022-10-27;Ukraine;49.25045, 30.82782
702569;Lutsk;Lutsk;Loetsk,Loutsk,Luc'k,Luck,Luckas,Lucko,Luts'k,Lutsk,Luts’k,Luzk,UCK,lwzq,Łuck,Луцк,Луцьк,לוצק;P;PPLA;UA;Ukraine;;24;0708;;;215986;;192;Europe/Kyiv;2023-01-22;Ukraine;50.75932, 25.34244
703198;Lepetykha;Lepetykha;Lepetikha,Lepetykha,Лепетиха;P;PPL;UA;Ukraine;;16;4802;;;1190;76;75;Europe/Kyiv;2022-10-27;Ukraine;47.32739, 33.05024
704202;Khrustalnyi;Khrustalnyi;Khrustal'nij,Khrustalnyi,Krasni Luc,Krasni Luč,Krasnij Luch,Krasnyi Luch,Krasnyj luch,Krasnyy Luch,Krassnyj Lutsch,Красний Луч,Красный луч,Хрустальний;P;PPL;UA;Ukraine;;14;4408;;;79533;;266;Europe/Kyiv;2023-04-27;Ukraine;48.13954, 38.93715
704277;Krasne;Krasne;Krasne,Krasnoe,Krasnoye,Красне,Красное;P;PPL;UA;Ukraine;;15;4604;;;6250;;220;Europe/Kyiv;2022-10-27;Ukraine;49.91447, 24.6134
705433;Kolochava;Kolochava;Alsokalocsa,Alsókalocsa,Kolocava,Koloceava,Kolochava,Kolotsava,Kolotschawa,Kolotsjava,Koloçava,Koloĉava,Koločava,Kоlоtšаvа,Lazy,Nizhni Kolochava,ke luo qia wa,Колочава,Կոլոչավա,კოლოჩავა,科洛恰瓦;P;PPL;UA;Ukraine;;25;2112;;;4839;;551;Europe/Kyiv;2022-12-13;Ukraine;48.42685, 23.69769
706805;Karapchiv;Karapchiv;Karapchev,Karapchiu,Karapchiv,Karapchov,Karapchu,Карапчів;P;PPL;UA;Ukraine;;03;7306;;;2092;352;329;Europe/Kyiv;2022-10-27;Ukraine;48.08149, 25.84169
707002;Kamiane;Kamiane;Kamyane,Kam'jane,Kameane,Kamenni,Kamennoe,Kamennoye,Kamiane,Kamjane,Kamyane,Kam”yane,Millerovo,ka mu ya nei,Каменни,Каменное,Кам’яне,卡姆亚内;P;PPL;UA;Ukraine;;14;4408;;;3116;;282;Europe/Kyiv;2022-12-13;Ukraine;48.16829, 39.16537
707317;Iza;Iza;Isa,Iza,Іzа,Іза,Иза,Իզա,איזה;P;PPL;UA;Ukraine;;25;2112;;;5237;182;183;Europe/Kyiv;2022-12-13;Ukraine;48.21525, 23.32867
707529;Ispas;Ispas;Ispas,Іspаs,Іспас,Испас,Իսպաս;P;PPL;UA;Ukraine;;03;7302;;;5625;325;300;Europe/Kyiv;2022-10-27;Ukraine;48.29881, 25.26941
708693;Hnizdychiv;Hnizdychiv;Gnezdychev,Gnizdichev,Gnizdichiv,Gnizdychuv,Hnizdychiv,Гнездычев,Гніздичів;P;PPL;UA;Ukraine;;15;4610;;;3983;;261;Europe/Kyiv;2023-05-02;Ukraine;49.33742, 24.10786
708995;Handrabury;Handrabury;Gandrabura,Gandraburi,Gandrabury,Gondrabura,Handrabury,Гандрабури;P;PPL;UA;Ukraine;;17;5112;;;2477;82;91;Europe/Kyiv;2022-10-27;Ukraine;47.71728, 29.86808
709063;Furmanivka;Furmanivka;Fourmanivka,Furmanca,Furmaniuka,Furmanivka,Furmaniwka,Furmanka,Furmanovka,Furmanowka,Furmaņivka,Furmánivka,Furmаnіvkа,Orman,fu er ma ni fu ka,furumaniuka,Орман,Фурманка,Фурмановка,Фурманівка,Фурманіўка,Ֆուրմանովկա,פורמאניבקה,フルマニウカ,富爾馬尼夫卡;P;PPL;UA;Ukraine;;17;5108;;;1468;8;4;Europe/Kyiv;2022-10-27;Ukraine;45.63562, 29.2349
709311;Mirnovka;Mirnovka;Dzhurgun,Mirnivka,Mirnovka,Джургу́н,Мирновка,Мирнівка;P;PPLA3;UA;Ukraine;;11;0106;11152857;;1259;12;15;Europe/Simferopol;2022-10-27;Ukraine;45.69083, 34.30966
709684;Doroshivka;Doroshivka;Arnautovka,Dorochivka,Doroshevka,Doroshivka,Doroshëvka,Дорошівка;P;PPL;UA;Ukraine;;16;4804;;;2083;14;21;Europe/Kyiv;2022-10-27;Ukraine;47.47565, 31.4644
710381;Chudniv;Chudniv;Chudniv,Chudnov,Cudniv,Tschudnow,Чуднов,Чуднів;P;PPLA3;UA;Ukraine;;27;1804;;;5448;;246;Europe/Kyiv;2022-10-27;Ukraine;50.05204, 28.11745
710739;Chernihivka;Chernihivka;Chernigivka,Chernigovka,Tchernihivka,Tschernihiwka,Черниговка,Чернігівка;P;PPL;UA;Ukraine;;26;2302;;;5813;117;130;Europe/Kyiv;2023-01-19;Ukraine;47.19451, 36.21648
710869;Chelyadinovo;Chelyadinovo;Cheljabincevo,Cheljadinove,Cheljadinovo,Chelyadinovo,Tobechik,Тобечи́к,Челя́бинцево,Челядиново,Челядінове;P;PPLA3;UA;Ukraine;;11;0110;11133124;;785;;49;Europe/Simferopol;2022-10-27;Ukraine;45.20729, 36.3762
710995;Bystrytsia;Bystrytsia;Bistricja,Bystrica,Bystritsa,Bystrytsia,Bystrytsya,Бистриця,Быстрица;P;PPL;UA;Ukraine;;06;2612;;;1016;;741;Europe/Kyiv;2022-10-27;Ukraine;48.45979, 24.246
711116;Buryn;Buryn;Burin',Buryn,Buryn',Buryn’,Буринь,Бурынь;P;PPLA3;UA;Ukraine;;21;5902;;;8359;;150;Europe/Kyiv;2022-10-27;Ukraine;51.19912, 33.83523
711390;Brovary;Brovary;Bravary,Brovarai,Brovari,Brovary,Brovarî,Brovarı,Browary,beulobali,brovari,brwfary,brwwary,bu luo wa li,burovuarui,Бравары,Бровари,Бровары,Броварі,Բրովարի,ברובארי,بروفاري,بروواری,ბროვარი,ブロヴァルィー,布羅瓦里,브로바리;P;PPLA2;UA;Ukraine;;13;3206;;;109806;;130;Europe/Kyiv;2023-01-23;Ukraine;50.51809, 30.80671
711635;Borodianka;Borodianka;Baradzjanka,Borodanka,Borodeanka,Borodianka,Borodjanka,Borodyanka,Borodzianka,Borodânka,Boroganka,Borontian'ka,Boroďanka,bo luo jiang ka,bolodyanka,borodianka,bwrwdyanka,bwrwdyanka  jwznw-banat,bx rx deiy nka,Μποροντιάνκα,Барадзянка,Бородянка,בורודיאנקה,بوروديانكا,بوروديانكا، جوزنو-بانات,بورودیانکا,บอรอเดียนกา,ボロディアンカ,博罗江卡,博羅江卡,보로댠카;P;PPL;UA;Ukraine;;13;3208;;;13832;;139;Europe/Kyiv;2023-05-02;Ukraine;50.64484, 29.9201
713743;Yakymivka;Yakymivka;Akimivka,Akimovka,Akimowka,Jakimivka,Yakymivka,Акимовка,Якимівка;P;PPLA2;UA;Ukraine;;26;2308;;;11069;33;14;Europe/Kyiv;2023-01-23;Ukraine;46.7011, 35.16334
8341919;Varash;Varash;Kuznecovs'k,Kuznecovsk,Kuznetsovs'k,Kuznetsovsk,Kuznetsovs’k,Varas,Varash,Varaš,Warasch,Вараш,Кузнецовск,Кузнецовськ;P;PPLA2;UA;Ukraine;;19;5602;;;42000;;167;Europe/Kyiv;2023-03-07;Ukraine;51.3509, 25.84738
686748;Kovyl’noye;Kovyl'noye;Kovil'ne,Kovyl'noe,Kovyl'noye,Kovyl’noye,Manaj,Monaj Nemeckij,Ковильне,Ковыльное,Мона́й Неме́цкий;P;PPLA3;UA;Ukraine;;11;0114;11153029;;783;70;72;Europe/Simferopol;2022-10-27;Ukraine;45.69028, 33.52775
687245;Zhashkiv;Zhashkiv;Jachkiv,Zhashkiv,Zhashkov,Жашков,Жашків;P;PPL;UA;Ukraine;;01;7106;;;13242;229;244;Europe/Kyiv;2023-05-01;Ukraine;49.2459, 30.09888
688109;Yevhenivka;Yevhenivka;Evgenivka,Yergen'yevka,Yergen’yevka,Yevgen'yevka,Yevgen’yevka,Yevhenivka,Євгенівка;P;PPL;UA;Ukraine;;16;4802;;;1176;10;32;Europe/Kyiv;2022-10-27;Ukraine;47.08707, 32.90293
688327;L’govskoye;L'govskoye;L'govs'ke,L'govskoe,L'govskoye,L’govskoye,Льговское,Льговське;P;PPLA3;UA;Ukraine;;11;0118;11152897;;1605;151;150;Europe/Simferopol;2022-10-27;Ukraine;45.09801, 34.9577
689037;Vorokhta;Vorokhta;Vorokhta,Worochta,Ворохта;P;PPL;UA;Ukraine;;06;2612;;;4212;850;745;Europe/Kyiv;2022-10-27;Ukraine;48.29301, 24.56393
689304;Vovchansk;Vovchansk;Volchansk,Vovcansk,Vovchans'k,Vovchansk,Vovchans’k,Vovčansk,Woltschansk,Вовчанськ,Волчанск;P;PPL;UA;Ukraine;;07;6314;;;17459;;111;Europe/Kyiv;2023-11-23;Ukraine;50.29078, 36.94108
689488;Vyshneve;Vyshneve;Erastivka,Vishneve,Vishnevi,Vishnevoe,Vishnyevoye,Vishnyëvoye,Visneve,Visnyovoe,Višneve,Vychneve,Vychnévé,Vyshnehveh,Vyshneve,Vysjneve,Vysneve,Vyšneve,Vîșneve,Vışneve,Wyschnewe,Wysznewe,wei shen nei wei,Вишнëвое,Вишневе,Вишневи,Вышнэвэ,Ерастівка,Վիշնյովոե,维什内韦;P;PPL;UA;Ukraine;;04;1204;;;2340;129;116;Europe/Kyiv;2022-10-27;Ukraine;48.43691, 33.91213
689567;Vinkivtsi;Vinkivtsi;Vin'kivci,Vin'kovcy,Vinkivtsi,Zatons'k,Виньковцы,Віньківці,Затонськ;P;PPLA2;UA;Ukraine;;09;6804;;;6127;290;291;Europe/Kyiv;2022-10-27;Ukraine;49.03403, 27.23135
690285;Velyka Bahachka;Velyka Bahachka;Velika Bagachka,Velikaja Bagachka,Velyka Bahatchka,Vélyka Bahatchka,Велика Багачка,Великая Багачка;P;PPLA2;UA;Ukraine;;18;5306;;;5488;92;103;Europe/Kyiv;2022-10-27;Ukraine;49.79819, 33.72013
690396;Vasylivka;Vasylivka;Aprodul Purice,Vasilevka,Vasilivka,Vasiļivka,Vassylivka,Vasyliuka,Vasylivka,Vasılivka,Vаsylіvkа,Wassyliwka,wa xi li fu ka,wsylwka,Василевка,Василівка,Васыліўка,وسیلوکا,瓦西利夫卡;P;PPL;UA;Ukraine;;17;5108;;;1220;16;21;Europe/Kyiv;2022-10-27;Ukraine;45.52175, 29.16316
690625;Uspenivka;Uspenivka;Ouspenivka,Ouspénivka,Uspenea,Uspenivka,Uspenovka,Uspens'ka,wu si pei ni fu ka,Успеновка,Успенська,Успенівка,烏斯佩尼夫卡;P;PPL;UA;Ukraine;;17;5104;;;2203;48;55;Europe/Kyiv;2022-10-27;Ukraine;46.185, 29.86392
690713;Blahovishchenske;Blahovishchenske;Blagoveshhenskoe,Blagovishhens'ke,Blahovichtchenske,Blahovichtchenské,Grushkivs'kij visilok,Ul'janovka,Благовещенское,Благовіщенське,Грушківський висілок,Ульяновка;P;PPLA2;UA;Ukraine;;10;3502;;;6051;120;143;Europe/Kyiv;2022-10-27;Ukraine;48.32822, 30.23619
690764;Ukromnoye;Ukromnoye;Novo-Sarabuz,Ukromne,Ukromnoe,Ukromnoye,Но́во-Сара́буз,Укромне,Укромное;P;PPLA3;UA;Ukraine;;11;0116;11152622;;4567;177;177;Europe/Simferopol;2022-10-27;Ukraine;45.04272, 34.00312
691138;Tselinnoye;Tselinnoye;Celinnoe,Cilinne,Kyrk-Chipche,Tselinnoye,Кырк-Чипче́,Целинное,Цілинне;P;PPLA3;UA;Ukraine;;11;0106;11152867;;900;13;14;Europe/Simferopol;2022-10-27;Ukraine;45.90633, 34.18063
691305;Trypillia;Trypillia;Tripila,Tripillea,Tripillia,Tripillja,Tripilya,Tripol'e,Tripole,Tripolye,Trypillia,Trypillja,Trypol,Trypіllja,Trîpillea,te li pi er li ya,teulipillya,toripirrya,trypylya,Трипиља,Триполье,Трипоље,Трипілля,Трыпілля,تریپیلیا,トリピーッリャ,特里皮爾利亞,트리필랴;P;PPL;UA;Ukraine;;13;3212;;;3000;;132;Europe/Kyiv;2022-10-27;Ukraine;50.11802, 30.78141
691969;Tabaky;Tabaky;Tabacu,Tabaki,Tabaky,ta ba ji,Табаки,塔巴基;P;PPL;UA;Ukraine;;17;5106;;;2498;35;9;Europe/Kyiv;2022-10-27;Ukraine;45.72669, 28.60686
692134;Suvorovskoye;Suvorovskoye;Bogaj,Suvorovs'ke,Suvorovskoe,Suvorovskoye,Бога́й,Суворовское,Суворовське;P;PPLA3;UA;Ukraine;;11;0108;11153107;;3200;8;15;Europe/Simferopol;2022-10-27;Ukraine;45.25171, 33.37194
692175;Sursko-Mykhailivka;Sursko-Mykhailivka;Surs'ko-Mikhajlivka,Surs'ko-Mykhaylivka,Sursko-Mihailivka,Sursko-Mihajlivka,Sursko-Mihajļivka,Sursko-Mikhajlovka,Sursko-Mikhaylovka,Sursko-Mychajlivka,Sursko-Mychajliwka,Sursko-Myh'ailivka,Sursko-Myhailivka,Sursko-Mykhailivka,Sursko-Mykhajlivka,Sursko-Mîhailivka,Surskо-Myh’аilіvkа,Surs’ko-Mykhaylivka,Surśko-Mychajliwka,su er xi ke-mi hai li fu ka,Сурско-Михайловка,Сурсько-Михайлівка,蘇爾西科-米海利夫卡;P;PPL;UA;Ukraine;;04;1202;;;2552;;67;Europe/Kyiv;2022-10-27;Ukraine;48.27437, 34.72655
692860;Stara Ushytsya;Stara Ushytsya;Stara Ouchytsia,Stara Ushicja,Staraja Ushica,Стара Ушиця,Старая Ушица;P;PPL;UA;Ukraine;;09;6802;;;2097;262;250;Europe/Kyiv;2022-10-27;Ukraine;48.59427, 27.07487
692882;Murafa;Murafa;Murafa,Staraya Murafa,Zhdanovo,Мурафа;P;PPL;UA;Ukraine;;23;0506;;;2739;224;237;Europe/Kyiv;2022-10-27;Ukraine;48.76734, 28.21519
693010;Sribne;Sribne;Srebnoe,Srebnoye,Sribne,Sribnoye,Сребное,Срібне;P;PPLA3;UA;Ukraine;;02;7408;;;3534;;166;Europe/Kyiv;2023-11-23;Ukraine;50.66384, 32.91867
693231;Solone;Solone;Soljonoe,Solone,Soloné,Солоне,Солёное;P;PPLA2;UA;Ukraine;;04;1202;;;7557;109;111;Europe/Kyiv;2022-10-27;Ukraine;48.20907, 34.87585
693381;Snizhne;Snizhne;Shezhnoye,Snezhnoe,Snezhnoye,Snizhne,Снежное,Сніжне;P;PPL;UA;Ukraine;;05;1406;;;55587;;290;Europe/Kyiv;2022-10-27;Ukraine;48.02612, 38.77225
693791;Synevyr;Synevyr;Alsoszinever,Alsószinevér,Sinevir,Siniyvir,Sinovir,Synevyr,Синевир;P;PPL;UA;Ukraine;;25;2112;;;4623;;647;Europe/Kyiv;2022-12-13;Ukraine;48.49947, 23.62179
693843;Shyshkivtsi;Shyshkivtsi;Shishkivci,Shishkovcy,Shishkovtsy,Shyshkivtsi,Shyshkovtse,Siscauti,Șișcăuți,Шишковцы,Шишківці;P;PPL;UA;Ukraine;;03;7306;;;1598;233;243;Europe/Kyiv;2022-10-27;Ukraine;48.55048, 25.63242
694017;Shyrivtsi;Shyrivtsi;Chyrivtsi,Shirivci,Shirovcy,Sirautii de Sus,Șirăuții de Sus,Шировцы,Ширівці;P;PPL;UA;Ukraine;;03;7304;;;1806;301;239;Europe/Kyiv;2022-10-27;Ukraine;48.42395, 26.29729
694278;Shchyrets;Shchyrets;Chtchyrets,Rosenberg,Schtschirez,Schtschyrez,Sciiret,Scirets,Scyrec,Shcherzhets,Shchezhets,Shchirets,Shchyrehc',Shchyrets,Shchyrets',Shchyrets’,Shhirec,Shhiret',Shirets,Sjtsjyrets,Szczerzec,shchrts,sz'z'z,xi lei ci,Şçırets,Ščyrec,Șciîreț,Шчырэць,Щиреть,Щирец,שטשעריץ,שצ'ז'ץ,شچرتس,希雷茨;P;PPL;UA;Ukraine;;15;4606;;;5733;;268;Europe/Kyiv;2022-10-27;Ukraine;49.65296, 23.85826
694290;Shcherbynivka;Shcherbynivka;Serbinivka,Shcherbinovka,Shcherbynivka,Shherbinivka,Щербинівка;P;PPL;UA;Ukraine;;05;1402;;;3868;;101;Europe/Kyiv;2022-10-27;Ukraine;48.39489, 37.79102
695104;Ruska Poliana;Ruska Poliana;Rus'ka Poljana,Ruska Poliana,Russkaja Poljana,Русская Поляна,Руська Поляна;P;PPL;UA;Ukraine;;01;7108;;;7780;;116;Europe/Kyiv;2022-10-27;Ukraine;49.417, 31.92009
695441;Rozkishne;Rozkishne;Imeni Tel'mana,Imeni Tel’mana,Kozlyach'ye,Kozlyach’ye,Roskoshnoe,Roskoshnoye,Rozkishne,Rozkisne,Tel'mana,Tel’mana,Vasil'yevka,Vasil’yevka,Розкішне,Роскошное;P;PPL;UA;Ukraine;;14;4406;;;6205;;55;Europe/Kyiv;2022-12-13;Ukraine;48.48959, 39.27881
695844;Rakoshyno;Rakoshyno;Beregrakos,Beregrákos,Rakoshin,Rakoshino,Rakoshyn,Rakoshyno,Rakosin,Rakosino,Rakosjyno,Rakosyno,Rakoszyno,Rakoŝino,Rakoşino,Rakošino,Rakošín,Rakoșîno,Rаkоšynо,la ke shen nuo,Ракошин,Ракошино,Ռակոշինո,拉科什諾;P;PPL;UA;Ukraine;;25;2104;;;3145;;114;Europe/Kyiv;2022-12-13;Ukraine;48.46631, 22.59692
695935;Radekhiv;Radekhiv;Radekhiv,Radekhov,Radzekhov,Radzekhuv,Radziechow,Radziechów,Радехів;P;PPL;UA;Ukraine;;15;4612;;;9680;;227;Europe/Kyiv;2023-05-01;Ukraine;50.28249, 24.64279
696239;Privetnoye;Privetnoye;Dzhuma-Ehli,Privetnoe,Privetnoye,Privitne,Джума́-Эли́,Приветное,Привітне;P;PPLA3;UA;Ukraine;;11;0118;11152900;;2592;147;139;Europe/Simferopol;2022-10-27;Ukraine;45.11969, 35.0596
696787;Pohorilivka;Pohorilivka;Pogorelovka,Pogorilivka,Pogorl'outi,Pogorl’outi,Pogoryluvka,Pogrylowka,Pohorilivka,Pohorlauti,Pohorlāuţi,Pohoryloowka,Pohorylóowka,Погорілівка;P;PPL;UA;Ukraine;;03;7306;;;1605;229;220;Europe/Kyiv;2022-10-27;Ukraine;48.54744, 25.96418
698200;Ostrovskoye;Ostrovskoye;Kijat,Ostrovs'ke,Ostrovskoe,Ostrovskoye,Кия́т,Островское,Островське;P;PPLA3;UA;Ukraine;;11;0112;11153014;;1123;17;18;Europe/Simferopol;2022-10-27;Ukraine;45.74232, 34.06607
698428;Orikhiv;Orikhiv;Orekhov,Orichiw,Orihiv,Orikhiv,Орехов,Оріхів;P;PPLA2;UA;Ukraine;;26;2310;;;14479;61;52;Europe/Kyiv;2022-12-19;Ukraine;47.57613, 35.78333
698462;Opishnya;Opishnya;Opichnia,Opishnja,Oposhnja,Опошня,Опішня;P;PPL;UA;Ukraine;;18;5308;;;5278;208;179;Europe/Kyiv;2022-10-27;Ukraine;49.95948, 34.60634
698943;Novi Bilokorovychi;Novi Bilokorovychi;Novi Bilokorovichi,Novi Bilokorovychi,Novye Belokorovichi,Novyye Belokorovichi,Novyye Belorovichi,Новые Белокоровичи,Нові Білокоровичі;P;PPL;UA;Ukraine;;27;1806;;;3251;;189;Europe/Kyiv;2022-10-27;Ukraine;51.11548, 28.05463
699333;Novopokrovka;Novopokrovka;Buzavchi,Novopokrovka,Бузавчи́,Новопокровка;P;PPLA3;UA;Ukraine;;11;0112;11152922;;1212;41;40;Europe/Simferopol;2022-10-27;Ukraine;45.42198, 34.45052
699499;Novokrasne;Novokrasne;Novokrasne,Novokrasnoe,Novokrasné,Новокрасне,Новокрасное;P;PPL;UA;Ukraine;;16;4808;;;1696;136;138;Europe/Kyiv;2022-10-27;Ukraine;48.02426, 31.36147
699680;Novoarkhanhelsk;Novoarkhanhelsk;Arkhangelogorod,Novoarkhangel's'k,Novoarkhangel'sk,Novoarkhanhelsk,Архангелогород,Новоархангельск,Новоархангельськ;P;PPLA2;UA;Ukraine;;10;3502;;;6121;134;114;Europe/Kyiv;2022-10-27;Ukraine;48.66187, 30.80705
699917;Nosivka;Nosivka;Nosivka,Nosovka,Nosowka,Носовка,Носівка;P;PPL;UA;Ukraine;;02;7404;;;12908;;121;Europe/Kyiv;2023-05-01;Ukraine;50.93152, 31.58282
700261;Netishyn;Netishyn;Neteshin,Netichyn,Netischyn,Netishin,Netishyn,Netisin,Netišin,Nétichyn,Нетешин,Нетишин,Нетішин;P;PPL;UA;Ukraine;;09;6806;;;36492;177;197;Europe/Kyiv;2023-05-01;Ukraine;50.32863, 26.64872
700292;Nerubayske;Nerubayske;Neroubaiske,Nerubaiske,Nerubajs'ke,Nerubajske,Nerubajskoe,Nerubajśke,Nerubayske,Néroubaïske,nie lu bai xi ke,Нерубайское,Нерубайське,涅魯拜西克;P;PPL;UA;Ukraine;;17;5110;;;8558;40;45;Europe/Kyiv;2022-10-27;Ukraine;46.54445, 30.62921
700301;Nepolokivtsi;Nepolokivtsi;Nepolocauti,Nepolocăuți,Nepolokivci,Nepolokivtsi,Nepolokovcy,Népolokivtsi,Неполоковцы,Неполоківці;P;PPL;UA;Ukraine;;03;7306;;;2471;194;193;Europe/Kyiv;2022-10-27;Ukraine;48.38809, 25.6353
700550;Mysovoe;Mysovoe;Kazantip,Misove,Mysovoe,Казанти́п,Мисове,Мысовое;P;PPLA3;UA;Ukraine;;11;0110;11129805;;429;;-1;Europe/Simferopol;2022-10-27;Ukraine;45.44788, 35.83528
701487;Mazanka;Mazanka;Mazanka,Мазанка;P;PPLA3;UA;Ukraine;;11;0116;11152608;;2564;346;337;Europe/Simferopol;2022-10-27;Ukraine;45.0055, 34.25581
701792;Markivka;Markivka;Markiuka,Markivka,Markiwka,Markovka,Markowka,Màrkivka,Márkivka,Novo-Markovka,ma er ji fu ka,mrqybqh,Μάρκιβκα,Марковка,Марківка,Маркіўка,מרקיבקה,馬爾基夫卡;P;PPL;UA;Ukraine;;14;4414;;;7087;;115;Europe/Kyiv;2022-12-13;Ukraine;49.52285, 39.57069
702094;Novoorzhytske;Novoorzhytske;Novoorjytske,Novoorjytské,Novoorzhic'ke,Novoorzhickoe,Новооржицкое,Новооржицьке;P;PPL;UA;Ukraine;;18;5304;;;1780;118;117;Europe/Kyiv;2022-10-27;Ukraine;50.02617, 32.72543
702417;Lyubotyn;Lyubotyn;Ljubotin,Lyobotin,Lyubotin,Lyubotyn,Люботин;P;PPL;UA;Ukraine;;07;6312;;;20001;;182;Europe/Kyiv;2023-05-03;Ukraine;49.94691, 35.92907
702459;Lyubymivka;Lyubymivka;Lioubymivka,Ljubimivka,Ljubimovka,Любимовка,Любимівка;P;PPL;UA;Ukraine;;08;6506;;;5611;58;60;Europe/Kyiv;2022-10-27;Ukraine;46.81048, 33.56845
703910;Krutoiarivka;Krutoiarivka;Krutoiarivka,Krutojarivka,Krutoyarivka,Krutoyarovka,Moldavka,Moldova,Крутоярівка;P;PPL;UA;Ukraine;;17;5104;;;1933;80;70;Europe/Kyiv;2022-10-27;Ukraine;46.35744, 29.82075
704251;Krasnoznamenka;Krasnoznamenka;Krasnoznam'janka,Krasnoznamenka,Краснознаменка,Краснознам’янка;P;PPLA3;UA;Ukraine;;11;0112;11152915;;1201;87;85;Europe/Simferopol;2022-10-27;Ukraine;45.28676, 34.00036
704335;Krasnosilka;Krasnosilka;Gil'dendorf,Gil’dendorf,Kolendorovo,Krasnoselka,Krasnosilka,Krasnosjolka,Krasnosëlka,Красносёлка,Красносілка;P;PPL;UA;Ukraine;;17;5110;;;5187;32;31;Europe/Kyiv;2022-10-27;Ukraine;46.62273, 30.77148
704381;Krasnogvardeyskoye;Krasnogvardeyskoye;Krasnogvardejskoe,Krasnogvardeyskoye,Krasnogvardijs'ke,Kurman-Kemel'chi,Красногвардейское,Красногвардійське,Курма́н-Кемельчи́;P;PPLA2;UA;Ukraine;;11;0112;11152906;;11134;46;36;Europe/Simferopol;2022-10-27;Ukraine;45.50271, 34.30134
704670;Kotsiubynske;Kotsiubynske;Berkovets,Imeni Kotsyubinskogo,Kacjubynskeh,Kociubynske,Kociubynśke,Kocjubins'ke,Kocjubinski,Kocjubinskoe,Kocjubyns'keh,Kocjubynske,Kotiubinske,Kotsioubynske,Kotsioumpinske,Kotsiubynske,Kotsubinske,Kotsuebinske,Kotsyubinskogo,Kotsyubinskoye,Kotsyubyns'ke,Kotsyubyns’ke,Kotsübınske,Kozjubynske,Koțiubînske,ke qiu bin si kai,kotsuiubinsuke,Κοτσιουμπίνσκε,Кацюбынскэ,Коцюбински,Коцюбинское,Коцюбинське,Коцюбынськэ,Կոցյուբինսկոե,コツィウビンスケ,科秋宾斯凯;P;PPL;UA;Ukraine;;12;;;;17623;;156;Europe/Kyiv;2023-05-01;Ukraine;50.48836, 30.32957
705034;Kopaihorod;Kopaihorod;Kapajgarad,Kopaihorod,Kopajgorod,Kopajgrod,Kopajgród,Kopajhorod,Kopaygorod,Kopayhorod,Kopaïhorod,ke pai huo luo de,qwpyyhwrwd,Капайгарад,Копайгород,Կոպայգորոդ,קופייהורוד,科派霍罗德,科派霍羅德;P;PPL;UA;Ukraine;;23;0506;;;1247;260;248;Europe/Kyiv;2022-10-27;Ukraine;48.85367, 27.80178
705459;Kolinkivtsy;Kolinkivtsy;Colencauti,Colencăuţi,Klishkautsy,Kolenkovcy,Kolinkivci,Kolinkivtsi,Коленковцы,Колінківці;P;PPL;UA;Ukraine;;03;7306;;;5245;217;210;Europe/Kyiv;2022-10-27;Ukraine;48.41254, 26.12462
705660;Klevan;Klevan;Klevan,Klevan',Klevan’,Klewan,Klewań,Клевань;P;PPL;UA;Ukraine;;19;5606;;;1458;;202;Europe/Kyiv;2022-10-27;Ukraine;50.74305, 25.97628
706289;Khorol;Khorol;Khorol,Хорол;P;PPL;UA;Ukraine;;18;5304;;;12540;130;128;Europe/Kyiv;2023-05-03;Ukraine;49.78286, 33.27184
706483;Kharkiv;Kharkiv;Carcovia,Carcóvia,Charcovia,Charkiv,Charkiw,Charkov,Charkovas,Charkow,Charków,HRK,Harkiv,Harkiva,Harkivo,Harkov,Harkova,Jarkov,Khar'kov,Kharkiv,Kharkov,Khar’kov,ha er ke fu,haleukiu,harikofu,hrqwb,kaleukipeu,kalipeu,kharkwf,Ĥarkivo,Ĥarkov,Харков,Харків,Харьков,חרקוב,خاركوف,ხარკოვი,ハリコフ,哈爾科夫,카르키프,카리프,하르키우;P;PPLA;UA;Ukraine;;07;6312;;;1433886;;113;Europe/Kyiv;2023-01-22;Ukraine;49.98081, 36.25272
706604;Kaydaki;Kaydaki;Koydaki,Starye Kodaki,Старые Кодаки;P;PPL;UA;Ukraine;;04;1202;;;1619;;134;Europe/Kyiv;2022-10-27;Ukraine;48.37678, 35.12398
707058;Kamyanka;Kamyanka;Kam'janka,Kamenka,Kamianka,Petriceni,Кам'янка,Каменка;P;PPL;UA;Ukraine;;03;7306;;;6847;348;352;Europe/Kyiv;2022-10-27;Ukraine;48.02786, 25.89964
707240;Mirnoye;Mirnoye;Mirne,Mirnoe,Mirnoye,Sarajly-Kijat,Мирне,Мирное,Сарайлы́-Кия́т;P;PPLA3;UA;Ukraine;;11;0116;11152609;;9284;221;214;Europe/Simferopol;2022-10-27;Ukraine;44.9833, 34.0616
707465;Ivanopil;Ivanopil;Ivanopil,Ivanopil',Ivanopil’,Ivanopol,Ivanopol',Ivanopol’,Ivanpol',Ivanpol’,Iwanopil,Januschpol,Janushpil',Janushpol',Januszpul,Yanushpil',Yanushpil’,Yanushpol',Yanushpol’,yi wan nuo pi er,İvanopil,Іванопіль,Иванополь,Янушполь,Янушпіль,Իվանոպոլ,איוונופיל,伊万诺皮尔;P;PPL;UA;Ukraine;;27;1802;;;2937;;260;Europe/Kyiv;2023-05-02;Ukraine;49.8606, 28.21561
709353;Romaniv;Romaniv;Dsershinsk,Dzerzhinsk,Dzerzhyns'k,Dzerzhyns’k,Romaniv,Romanov,Романів;P;PPLA3;UA;Ukraine;;27;1804;;;7318;;239;Europe/Kyiv;2022-10-27;Ukraine;50.14802, 27.93124
709368;Dymka;Dymka;Dimca,Dimka,Dymka,Trestiana,Димка,Дымка;P;PPL;UA;Ukraine;;03;7306;;;1855;374;413;Europe/Kyiv;2022-10-27;Ukraine;48.09363, 25.96784
709746;Dovzhok;Dovzhok;Doljoc,Dolzhok,Dovzhok,Довжок,Должок;P;PPL;UA;Ukraine;;03;7306;;;1023;185;210;Europe/Kyiv;2022-10-27;Ukraine;48.34201, 26.33066
710033;Dmytrivka;Dmytrivka;Dimitrovka,Dmitrivka,Dmitrovka,Dmytrivka,Dmytriwka,Dmytryuka,Dmytrіvkа,Dmıtrivka,Dumitresti,Dumitrești,de mi te li fu ka,dmytryfka,Димитровка,Дмитровка,Дмитрівка,Дмытрыўка,دميتريفكا,德米特里夫卡;P;PPL;UA;Ukraine;;17;5106;;;4806;56;58;Europe/Kyiv;2022-10-27;Ukraine;45.96904, 28.98849
710229;Debaltseve;Debaltseve;Debal'ceve,Debal'cevo,Debal'tseve,Debal'tsevo,Debaltseve,Debaltsevo,Debalzewe,Debalzewo,Debal’tseve,Debal’tsevo,Дебальцеве,Дебальцево;P;PPL;UA;Ukraine;;05;1406;;;24209;;323;Europe/Kyiv;2023-09-02;Ukraine;48.34072, 38.4049
710615;Chortomlyk;Chortomlyk;Chartamlyk,Chertomlyk,Chortomlik,Chortomlyk,Ciortomlik,Ciortomlîk,Cortomlik,Cortomlyk,Tchortomlyk,Tschortomlyk,qiao er tuo mu li ke,Çortomlık,Čortomlyk,Чартамлык,Чертомлык,Чортомлик,Չերտոմլիկ,喬爾托姆利克;P;PPL;UA;Ukraine;;04;1208;;;1332;33;33;Europe/Kyiv;2022-10-27;Ukraine;47.62424, 34.14129
710660;Chernyakhivka;Chernyakhivka;Chernjakhovka,Chernyakhivka,Черняховка;P;PPL;UA;Ukraine;;13;3204;;;1002;;124;Europe/Kyiv;2022-10-27;Ukraine;50.21882, 31.93082
710716;Chornobay;Chornobay;Chernobaj,Chornobaj,Tchornobai,Tchornobaï,Чернобай,Чорнобай;P;PPL;UA;Ukraine;;01;7104;;;7162;121;121;Europe/Kyiv;2023-01-20;Ukraine;49.67074, 32.3236
710816;Cheresh;Cheresh;Cheresh,Cires,Cireș,Череш;P;PPL;UA;Ukraine;;03;7306;;;1374;377;377;Europe/Kyiv;2022-10-27;Ukraine;48.09735, 25.61543
712587;Bilohirsk;Bilohirsk;Belagorsk,Belogorsk,Bielogorsk,Biełogorsk,Bilagirsk,Bilochirsk,Bilogirs'k,Bilogirsk,Bilohirs'k,Bilohirsk,Bilohirs’k,Biłohirśk,Karassu Basar,Karassubazar,Karasu,Karasu-Bazar,Karasubazar,Karasubozar,Kuarasuvbazar,Qarasuvbazar,bylwhyrsk,Μπιλοχίρσκ,Белагорск,Белогорск,Білагірск,Білогірськ,Къарасувбазар,Կարասու-Բազար,بيلوهيرسك;P;PPLA2;UA;Ukraine;;11;0104;11152825;;16428;;182;Europe/Simferopol;2022-10-27;Ukraine;45.05679, 34.60386
712992;Baherove;Baherove;Bagerove,Bagerovo,Baguerovo,Baherove,ba ge luo wei,bahyrwfy,Багерове,Багерово,باهيروفي,巴格羅韋;P;PPLA3;UA;Ukraine;;11;0110;11128211;;4315;;85;Europe/Simferopol;2022-10-27;Ukraine;45.37417, 36.29705
713681;Oleksandrivka;Oleksandrivka;Aleksandrovka,Alexandreni,Alexăndreni,Oleksandrivka,Oleksandriwka,ao lie ke sang de li fu ka,Александровка,Олександрівка,奧列克桑德里夫卡;P;PPL;UA;Ukraine;;17;5104;;;1834;71;78;Europe/Kyiv;2022-10-27;Ukraine;46.44254, 29.45463
713716;Alchevsk;Alchevsk;Alcevsk,Alchevs'k,Alchevsk,Alchevskoe,Alchevs’k,Alčevsk,Kommunarsk,Voroshilovsk,Woroschilowsk,Алчевск,Алчевськ;P;PPLA2;UA;Ukraine;;14;4402;;;106062;;211;Europe/Kyiv;2023-01-22;Ukraine;48.46893, 38.81669
6974567;Levadki;Levadki;Levadki,Левадки;P;PPL;UA;Ukraine;;11;0116;11152624;;1036;329;320;Europe/Simferopol;2022-10-27;Ukraine;44.87083, 34.04278
8524551;Prolisky;Prolisky;Proleski,Proliski,Prolisky,Проліски;P;PPL;UA;Ukraine;;12;;;;1852;;129;Europe/Kyiv;2022-09-01;Ukraine;50.39118, 30.78
8999050;Krasnokamenka;Krasnokamenka;Kiziltash,Krasnokam'janka,Krasnokamenka,Kyzyltash,Краснокаменка,Краснокам’янка;P;PPL;UA;Ukraine;;11;0118;;;1150;334;230;Europe/Simferopol;2022-10-27;Ukraine;44.92446, 35.0754
11805246;Troiandove;Troiandove;Kirove,Kirovo,Trajandaveh,Troiandove,Trojandove,Trojandovoe,Trojandowe,Troyandove,te luo yang duo wei,Кирово,Кірове,Траяндавэ,Трояндове,Трояндовое,特羅揚多韋;P;PPL;UA;Ukraine;;17;5110;;;1623;75;81;Europe/Kyiv;2023-09-09;Ukraine;46.89371, 30.85753
686778;Zybiny;Zybiny;Arginchik,ArƔyncyq,ArƔynčyq,Zibini,Zybiny,Аргинчи́к,Зибини,Зыбины;P;PPLA3;UA;Ukraine;;11;0104;11152833;;1220;90;81;Europe/Simferopol;2022-10-27;Ukraine;45.23674, 34.64987
686803;Zvenihorodka;Zvenihorodka;Swenyhorodka,Zvenigorodka,Zvenihorodka,Zvenogorodka,Zvenyhorodka,Zvenîhorodka,Zvenõgorodka,Zvenıgorodka,Zvényhorodka,Zwinogrodka,Zwinogródka,zbnygwrwdqh,zfynyhwrwdka,zi wei ni ge luo de ka,zwnyhwrwdka,Звенигородка,Զվենիգորոդկա,זבניגורודקה,زفينيهورودكا,زونیهورودکا,ზვეინიგოროდკა,茲韋尼戈羅德卡;P;PPLA2;UA;Ukraine;;01;7102;;;16490;148;151;Europe/Kyiv;2023-01-23;Ukraine;49.07765, 30.96074
686852;Zorynsk;Zorynsk;Yelenovka,Yelënovka,Zorins'k,Zorinsk,Zoryns'k,Zorynsk,Zoryns’k,Зоринск,Зоринськ;P;PPL;UA;Ukraine;;14;4402;;;7096;;265;Europe/Kyiv;2023-05-02;Ukraine;48.41194, 38.62361
686866;Zolotoye Pole;Zolotoye Pole;Cjurikhtal',Dzhajlav-Saraj,Zolote Pole,Zolotoe Pole,Zolotoye Pole,Джайла́в-Сара́й,Золоте Поле,Золотое Поле,Цюрихта́ль;P;PPLA3;UA;Ukraine;;11;0118;11152895;;2543;117;119;Europe/Simferopol;2022-10-27;Ukraine;45.12774, 34.99148
686895;Zolochiv;Zolochiv;Solotschiw,Zolachyu,Zolochev,Zolochiv,Zolociv,Zoloczow,Zolocʻev,Zolotchiv,Zolotsiv,Zolotsjiv,Zoloçiv,Zoločiv,Zołoczow,zuo luo qiao fu,zwlwtshyf,Ζόλοτσιβ,Золачыў,Золочев,Золочів,Զոլոչև,زولوتشيف,佐洛喬夫;P;PPL;UA;Ukraine;;07;6302;;;7744;;140;Europe/Kyiv;2023-05-01;Ukraine;50.27985, 35.98179
686932;Zlynka;Zlynka;Novoukrainsk,Zlinka,Zlynka,Злинка,Злынка;P;PPL;UA;Ukraine;;10;3506;;;4981;;171;Europe/Kyiv;2022-10-27;Ukraine;48.48529, 31.54227
687277;Zghurivka;Zghurivka;Shuriwka,Z.hurivka,Zghurivka,Zgurivka,Zgurovka,Zguryuka,Zhourivka,Zhurivka,Zhuriwka,Z·hurivka,ci hu li fu ka,zhwryfka,zhwryfka  kyyyfska,Згуровка,Згурыўка,Згурівка,زهوريفكا,زهوريفكا، كيييفسكا,兹胡里夫卡;P;PPL;UA;Ukraine;;13;3206;;;4868;;126;Europe/Kyiv;2023-05-03;Ukraine;50.50276, 31.78492
687656;Zarechnoye;Zarechnoye;Ajan,Shumkhaj,Zarechnoe,Zarechnoye,Zarichne,Заречное,Зарічне,Шумха́й;P;PPL;UA;Ukraine;;11;0116;11152587;;2022;368;398;Europe/Simferopol;2022-10-27;Ukraine;44.85048, 34.26426
688373;Yasynuvata;Yasynuvata;IAsinovataia,Iasinovataia,Iasinovàtaia,Iasinuvata,Iasînuvata,Jasinoevata,Jasinovataja,Jasinuvata,Jasnuvata,Jassonuvata,Jassynuwata,Jassõnuvata,Jasynuvata,Jasynuwata,Yasinovatara,Yasinovataya,Yasinuvata,Yassynouvata,Yasynuvata,Yasınuvata,ya xi nu wa ta,yasynwfata,ysynwata,Јасинувата,Ясиноватая,Ясинувата,Յասինովատայա,یاسینوفاتا,یسینواتا,იასინოვატაია,亞西努瓦塔;P;PPL;UA;Ukraine;;05;1408;;;37600;;263;Europe/Kyiv;2023-06-12;Ukraine;48.1298, 37.8594
688896;Voinyliv;Voinyliv;Voinyliv,Vojniliv,Vojnilov,Voïnyliv,Wojnilow,Wojniłów,Войнилов,Войнилів;P;PPL;UA;Ukraine;;06;2606;;;2619;273;288;Europe/Kyiv;2023-03-04;Ukraine;49.12893, 24.49198
688910;Voyevodske;Voyevodske;Voevods'ke,Voevodskoe,Voievodske,Voïévodské,Воеводское,Воєводське;P;PPL;UA;Ukraine;;16;4808;;;1452;107;120;Europe/Kyiv;2022-10-27;Ukraine;48.06917, 31.2275
689190;Vilne;Vilne;Prosjana,Prosyana,Vil'ne,Vil'ny,Vil'nyy,Vilne,Vil’ne,Vil’ny,Vil’nyy,Vol'noe,Vol'noye,Vol’noye,Вольное,Вільне,Просяна;P;PPL;UA;Ukraine;;04;1208;;;5432;;84;Europe/Kyiv;2022-10-27;Ukraine;47.63788, 34.81667
689491;Vyshneve;Vyshneve;Karagach,Noul-Caragaci,Novij Karagach,Vishneve,Vishnjovoe,Vychneve,Vychnévé,wei shen nie wei,Вишневе,Вишнёвое,Карагач,Новий Карагач,維什涅韋;P;PPL;UA;Ukraine;;17;5104;;;1415;7;9;Europe/Kyiv;2022-10-27;Ukraine;45.80661, 29.77381
689558;Vinnytsya;Vinnytsya;VIN,Vinica,Vinicja,Vinitsa,Vinnica,Vinnicja,Vinnytsia,Winnica,Winnyzja,binnicha,fynytsa,vuin'nuitsuya,wen ni cha,wwynyzʻ,wynytsa,wynyzh,Βίνιτσα,Винница,Вінниця,וויניצע,ויניצה,فينيتسا,وینیتسا,ヴィーンヌィツャ,文尼察,빈니차;P;PPLA;UA;Ukraine;;23;0502;;;369839;248;260;Europe/Kyiv;2022-10-27;Ukraine;49.2322, 28.46871
690184;Velyki Birky;Velyki Birky;Borki Wielkie,Vehlyki Birky,Veliki Birki,Velikie Birki,Velikie Borki,Velikiye Borki,Velyki Birky,Velîki Birkî,Velıki Birkı,Vélyki Birky,Welyki Birky,da bi er ji,fylyky byrky,Великие Бирки,Великие Борки,Великі Бірки,Вэлыкі Біркы,فيليكى بيركى,فيليكي بيركي,大比爾基;P;PPL;UA;Ukraine;;22;6104;;;3395;324;320;Europe/Kyiv;2022-10-27;Ukraine;49.52456, 25.75491
690295;Velykosillya;Velykosillya;Pilipauti,Pilipăuți,Velikosel'e,Velikosillja,Velykossillia,Vélykossillia,Великоселье,Великосілля;P;PPL;UA;Ukraine;;03;7306;;;1019;170;196;Europe/Kyiv;2022-10-27;Ukraine;48.1573, 26.30032
690335;Vasyshcheve;Vasyshcheve;Vasishchevo,Vasishheve,Vasishhevo,Vasyshcheve,Васищеве,Васищево;P;PPL;UA;Ukraine;;07;6312;;;5862;;127;Europe/Kyiv;2022-10-27;Ukraine;49.83465, 36.33123
690401;Vasyliv;Vasyliv;Vasilau,Vasilev,Vasiliv,Vasilău,Vassyliv,Wassileu,Wasylow,Wasylów,Василев,Василів;P;PPL;UA;Ukraine;;03;7306;;;1229;149;149;Europe/Kyiv;2023-03-23;Ukraine;48.6058, 25.84324
690771;Ukrainsk;Ukrainsk;Koloniya Lisovka,Lesovka,Lisovka,Ukrains'k,Ukrainsk,Ukrayins'k,Ukrayins’k,Украинск,Українськ;P;PPL;UA;Ukraine;;05;1416;;;10655;;206;Europe/Kyiv;2024-02-08;Ukraine;48.09777, 37.36526
691331;Trokhizbenka;Trokhizbenka;Tr'ochizbenka,Tr'okhizbenka,Trekhizbenka,Trjochisbenka,Trjohhizbenka,Troh'izbenka,Trohizbenka,Trokhizbenka,Tr´ochizbenka,Trëkhizbenka,Trоh’іzbеnkа,Tr’okhizbenka,te liao xi ci ben ka,Трехизбенка,Трьохізбенка,特廖希兹本卡;P;PPL;UA;Ukraine;;14;4416;;;2054;;49;Europe/Kyiv;2022-12-13;Ukraine;48.75739, 38.96507
691355;Toshkivka;Toshkivka;Rudnik Toshkovka,Toshkivka,Toshkovka,Toshkovskiy,Toshkovskiy Rudnik,Toskivka,Ustinovka,Тошковка,Тошківка;P;PPL;UA;Ukraine;;14;4412;;;4926;;142;Europe/Kyiv;2022-12-13;Ukraine;48.78303, 38.56332
691578;Tetiiv;Tetiiv;Tetiev,Tetiiv,Tetiyev,Tetiyiv,Tetyjow,Tetyjów,Тетиев,Тетіїв;P;PPLA2;UA;Ukraine;;13;3202;;;14388;;193;Europe/Kyiv;2022-10-27;Ukraine;49.36947, 29.67789
691741;Boykivske;Boykivske;Boikivske,Bojkivs'ke,Bojkiwske,Bojkiwśke,Bojkovskoe / Tel'manovo,Boïkivske,Ostgajm,Ostgeym,Ostheim,Tel'manove,Tel'manovo,Telmanowe,Tel’manove,Tel’manovo,jie li ma nuo wei,Бойковское / Тельманово,Бойківське,Остгайм,Тельманове,Тельманово,捷利馬諾韋,捷利马诺韦;P;PPLA2;UA;Ukraine;;05;1410;;;4423;103;104;Europe/Kyiv;2023-03-31;Ukraine;47.40994, 38.02476
692604;Stepanivka;Stepanivka;Stepanivka,Stepanovka,Stépanivka,Степановка,Степанівка;P;PPL;UA;Ukraine;;17;5114;;;1844;9;10;Europe/Kyiv;2022-10-27;Ukraine;46.79489, 29.98684
693726;Syvaske;Syvaske;Rizdvjanka,Rozhdestvens'kij,Rozhdestvenskyy,Sivas'ke,Sivashs'ke,Sivashskoe,Syvaske,Syvaské,Рождественський,Різдвянка,Сиваське,Сивашское,Сивашське;P;PPL;UA;Ukraine;;08;6504;;;4242;10;20;Europe/Kyiv;2022-10-27;Ukraine;46.38503, 34.54683
693903;Shturmovoye;Shturmovoye;Novye Shuli,Shturmove,Shturmovoe,Shturmovoye,Новые Шули,Штурмове,Штурмовое;P;PPL;UA;Ukraine;;20;712927;11153385;;1535;18;13;Europe/Simferopol;2016-05-23;Ukraine;44.56767, 33.62245
695221;Rudky;Rudky;Rudki,Rudky,Рудки;P;PPL;UA;Ukraine;;15;4608;;;5278;;265;Europe/Kyiv;2022-12-24;Ukraine;49.65306, 23.48702
695584;Rodatychi;Rodatychi;Rodatichi,Rodatyche,Rodatychi,Rodatycze,Родатичи,Родатичі;P;PPL;UA;Ukraine;;15;4606;;;1912;;244;Europe/Kyiv;2022-10-27;Ukraine;49.79862, 23.53336
695859;Rakhiv;Rakhiv;Rachiw,Rahau,Rahiv,Rahău,Rakhiv,Rakhov,Рахов,Рахів;P;PPLA2;UA;Ukraine;;25;2106;;;15621;430;437;Europe/Kyiv;2022-12-19;Ukraine;48.05472, 24.20314
696017;Putyla;Putyla;Poutyla,Putila,Putyla,Putyła,Putıla,Storonets Putilla,pu ji la,pwtylh,Путила,Путыла,פוטילה,普季拉;P;PPL;UA;Ukraine;;03;7302;;;3434;628;620;Europe/Kyiv;2023-01-18;Ukraine;47.99343, 25.08757
696114;Pryamobalka;Pryamobalka;Dennevic,Dennewitz,Hamburg,Preamobalka,Priamobalka,Prjamobalka,pu li ya mo ba er ka,Денневіц,Прямобалка,普里亞莫巴爾卡;P;PPL;UA;Ukraine;;17;5106;;;1075;62;61;Europe/Kyiv;2022-10-27;Ukraine;45.89069, 29.30175
697613;Manhush;Manhush;Mangush,Manhush,Pershotravneve,Pershotravnevoe,Pershotravnevoye,Pershotravnevyy,Pervomayskoye,Мангуш,Першотравневе,Першотравневое;P;PPL;UA;Ukraine;;05;1414;;;7731;;50;Europe/Kyiv;2023-05-04;Ukraine;47.05625, 37.31193
697653;Pereval'noye;Pereval'noye;Angara,Anguara,Anğara,Pereval'ne,Pereval'noe,Pereval'noye,Ангара́,Ангъара,Перевальне,Перевальное;P;PPL;UA;Ukraine;;11;0116;11152587;;3426;438;418;Europe/Simferopol;2022-10-27;Ukraine;44.84838, 34.31271
697871;Pavlivka;Pavlivka;Pavlivka,Pavlovka,Павлівка;P;PPL;UA;Ukraine;;16;4802;;;1119;29;44;Europe/Kyiv;2022-10-27;Ukraine;47.06411, 32.85069
698131;Ovruch;Ovruch;Ouruch,Ovroutch,Ovruc,Ovruch,Ovruci,Ovrucs,Ovruts,Ovrutsj,Ovrutš,Ovruç,Ovruč,Owrucz,Owrutsch,ao fu lu qi,awwrwch,ovuruchi,Овруч,Оўруч,Օվրուչ,אוורוטש,اووروچ,オーヴルチ,奧夫魯奇;P;PPL;UA;Ukraine;;27;1806;;;15332;;165;Europe/Kyiv;2022-10-27;Ukraine;51.3246, 28.80351
698651;Oktyabr'skoye;Oktyabr'skoye;Oktjabr'skoe,Oktjabrs'ke,Oktyabr'skoye,Октябрське,Октябрьское;P;PPLA3;UA;Ukraine;;11;0110;11131409;;1415;;46;Europe/Simferopol;2022-10-27;Ukraine;45.36215, 36.36803
698837;Nyrkiv;Nyrkiv;Nirkiv,Nyrkiv,Nyrkov,Nyrkow,Nyrkuv,Nyrków,Нирків,Нырков;P;PPL;UA;Ukraine;;22;6106;;;1013;;330;Europe/Kyiv;2022-10-27;Ukraine;48.81433, 25.59909
698840;Nuino;Nuino;Nuino,Nujno,Nuyno,Нуйно;P;PPL;UA;Ukraine;;24;0704;;;1681;;161;Europe/Kyiv;2022-10-27;Ukraine;51.54628, 24.91018
699016;Dubki;Dubki;Dubki,Novoe Budke,Дубки,Но́вое Будке́;P;PPL;UA;Ukraine;;11;0116;11152617;;2256;269;282;Europe/Simferopol;2022-10-27;Ukraine;44.93581, 34.02355
699590;Novohradkivka;Novohradkivka;Neyburg,Novogradkivka,Novogradkovka,Novohradkivka,Новоградківка;P;PPL;UA;Ukraine;;17;5110;;;1865;20;20;Europe/Kyiv;2022-10-27;Ukraine;46.35851, 30.48088
699804;Novopokrovka;Novopokrovka;Novaya Pokrovka,Novopokrovka,Новопокровка;P;PPL;UA;Ukraine;;11;0118;11152893;;1350;41;42;Europe/Simferopol;2022-10-27;Ukraine;45.16389, 35.25374
699823;Nova Mayachka;Nova Mayachka;Nova Maiatchka,Nova Majachka,Nova Maïatchka,Novaja Majachka,Velika Majachka,Велика Маячка,Нова Маячка,Новая Маячка;P;PPL;UA;Ukraine;;08;6510;;;6811;14;13;Europe/Kyiv;2022-10-27;Ukraine;46.59938, 33.22429
700967;Mliiv;Mliiv;Gorodishhe-Mleev,Imliiv,Mgliiv,Mliev,Mliiv,Імліїв,Городище-Млеев,Мгліїв,Млиев,Мліїв;P;PPL;UA;Ukraine;;01;7108;;;4158;;94;Europe/Kyiv;2023-03-31;Ukraine;49.33691, 31.51704
701113;Miliyeve;Miliyeve;Milie,Milieve,Milievo,Miliieve,Miliïévé,Милиево,Мілієве;P;PPL;UA;Ukraine;;03;7302;;;2071;279;279;Europe/Kyiv;2022-10-27;Ukraine;48.32731, 25.28925
701262;Mikhalkove;Mikhalkove;Mihaileanca,Mihăileanca,Mikhalkove,Mikhalkovo,Mykhalkove,Mykhalkové,Михалкове,Михалково;P;PPL;UA;Ukraine;;03;7304;;;2139;246;240;Europe/Kyiv;2022-10-27;Ukraine;48.56672, 27.29662
701281;Michurinskoye;Michurinskoye;Kaburchak,Michurins'ke,Michurinskoe,Michurinskoye,Кабурча́к,Мичуринское,Мічурінське;P;PPLA3;UA;Ukraine;;11;0104;11152838;;723;231;231;Europe/Simferopol;2022-10-27;Ukraine;45.0743, 34.70672
702337;Makariv;Makariv;Makariv,Makarov,Макарів;P;PPLA3;UA;Ukraine;;13;3208;;;9589;;168;Europe/Kyiv;2022-10-27;Ukraine;50.46408, 29.81128
702557;Luzhany;Luzhany;Loujany,Lujeni,Luzhani,Luzhany,Luzheny,Лужани,Лужаны;P;PPL;UA;Ukraine;;03;7306;;;4837;179;175;Europe/Kyiv;2022-10-27;Ukraine;48.35923, 25.78292
702798;Lotskyne;Lotskyne;Lockine,Lockino,Lotskyne,Lotskyné,Лоцкине,Лоцкино;P;PPL;UA;Ukraine;;16;4802;;;1629;68;68;Europe/Kyiv;2022-10-27;Ukraine;47.20529, 32.39137
702814;Loshchynivka;Loshchynivka;Cairaclia,Kajraklija,Lochtchynivka,Loschynivka,Loshhinivka,Loshhinovka,luo xi ni fu ka,Кайраклия,Лощиновка,Лощинівка,洛希尼夫卡;P;PPL;UA;Ukraine;;17;5108;;;1350;31;23;Europe/Kyiv;2022-10-27;Ukraine;45.4745, 28.82093
703502;Kuyalnyk;Kuyalnyk;Kouialnyk,Kouïalnyk,Kujal'nik,Kuyal'nik,Kuyal’nik,Куяльник;P;PPL;UA;Ukraine;;17;5112;;;1482;241;241;Europe/Kyiv;2022-10-27;Ukraine;47.7303, 29.56181
704000;Krolevets;Krolevets;Korolevets,Krolevec,Krolevec',Krolevets,Krolevets',Krolevets’,Krolovets,Кролевец,Кролевець;P;PPL;UA;Ukraine;;21;5902;;;24115;;166;Europe/Kyiv;2022-10-27;Ukraine;51.54775, 33.38475
704048;Kryva Hora;Kryva Hora;Kriva Gora,Krivaja Gora,Krivaya Gora,Kryva Hora,Крива Гора,Кривая Гора;P;PPLQ;UA;Ukraine;;13;;;;3461;;109;Europe/Kyiv;2022-09-01;Ukraine;51.38495, 30.19978
705139;Konoplyane;Konoplyane;Konoplevo,Konopliane,Konopliané,Konopljane,Konoplyanoye,Конопляне;P;PPL;UA;Ukraine;;17;5102;;;1707;26;25;Europe/Kyiv;2022-10-27;Ukraine;47.04619, 30.47812
705689;Klavdiievo-Tarasove;Klavdiievo-Tarasove;Dachi Klavdiyevo,Klaudzieva-Tarasaveh,Klavdievo-Tarasove,Klavdievo-Tarasovo,Klavdiievo-Tarasove,Klavdiievo-Tarassove,Klavdijevo-Tarasove,Klavdiyevo-Tarasove,Klavdiyevo-Tarasovo,Klavdiïevo-Tarassove,Klavntievo-Tarasove,Klawdijewo-Tarasowe,Klawdijewo-Tarassowe,Kławdijewo-Tarasowe,ke la fu di ye wo-ta la suo wei,Κλάβντιεβο-Ταράσοβε,Клавдиево-Тарасово,Клавдіэво-Тарасове,Клавдієво-Тарасове,Клаўдзіева-Тарасавэ,克拉夫迪耶沃-塔拉索韦;P;PPL;UA;Ukraine;;13;3208;;;4685;;168;Europe/Kyiv;2022-10-27;Ukraine;50.58416, 30.01134
705836;Kyrnychky;Kyrnychky;Fantana-Zanelor,Fântâna-Zânelor,Kirnichki,Kyrnytchky,ji er ni qi ji,Кирнички,基爾尼奇基;P;PPL;UA;Ukraine;;17;5108;;;2245;48;39;Europe/Kyiv;2022-10-27;Ukraine;45.70537, 29.06911
707308;Izmail;Izmail;Hacidar,Ismail,Ismajil,Ismasil,Izmail,Izmaił,Izmajil,Izmajila,Izmajilas,Izmayil,Izmaíl,Izmaïl,Smeilu,Tuchkov,ayzmayyl,ijeumail,izmaili,izumairu,İzmayil,İşmasıl,ʼyzmʼyl,Ізмаїл,Измаил,Тучков,Իզմայիլ,איזמאיל,ایزمائیل,იზმაილი,イズマイール,이즈마일;P;PPL;UA;Ukraine;;17;5108;;;69932;;30;Europe/Kyiv;2023-05-04;Ukraine;45.35058, 28.83751
707679;Ilovays’k;Ilovays'k;Ilovaiskaia,Ilovajs'k,Ilovajsk,Ilovays'k,Ilovayskaya,Ilovays’k,Іловайськ,Иловайск;P;PPL;UA;Ukraine;;05;1408;;;15447;;194;Europe/Kyiv;2022-10-27;Ukraine;47.92498, 38.20235
707775;Hvardiyske;Hvardiyske;Gvardejskoe,Gvardijs'ke,Hvardiiske,Hvardiïské,Гвардейское,Гвардійське;P;PPL;UA;Ukraine;;04;1210;;;6191;65;64;Europe/Kyiv;2022-10-27;Ukraine;48.73251, 35.30929
708284;Lesnovka;Lesnovka;Goropashnik,Lesnovka,Lisnivka,Novosjolovka,Горопа́шник,Лесновка,Ліснівка,Новосёловка;P;PPLA3;UA;Ukraine;;11;0108;11153095;;2476;21;22;Europe/Simferopol;2022-10-27;Ukraine;45.1535, 33.61889
709450;Duliby;Duliby;Dulibi,Duliby,Дуліби;P;PPL;UA;Ukraine;;15;4610;;;3533;;296;Europe/Kyiv;2023-09-06;Ukraine;49.23117, 23.81707
709546;Dubliany;Dubliany;Dublany,Dubliany,Dubljani,Dublyany,Дубляни;P;PPL;UA;Ukraine;;15;4606;;;9793;;258;Europe/Kyiv;2022-10-27;Ukraine;49.90411, 24.08637
709740;Domanivka;Domanivka;Damaniuka,Domanevka,Domanivka,Domaniwka,Domanjovka,Domaņivka,duo ma ni fu ka,dwmanyfka,dwmanyfka  bwrghas,dwmnwbqh,Даманіўка,Доманевка,Доманивка,Доманёвка,Доманівка,דומנובקה,دومانيفكا,دومانيفكا، بورغاس,多馬尼夫卡;P;PPL;UA;Ukraine;;16;4804;;;5972;71;60;Europe/Kyiv;2023-01-22;Ukraine;47.62865, 30.98648
709994;Dmytrivka;Dmytrivka;Dmitrivka,Dmitrovka,Dmytrivka,Dmytriwka,Dumitresti,Dumitrești,de mi te li fu ka,Дмитровка,Дмитрівка,德米特里夫卡;P;PPL;UA;Ukraine;;17;5108;;;3144;15;17;Europe/Kyiv;2022-10-27;Ukraine;45.64193, 29.37223
710376;Chuhynka;Chuhynka;Chuginka,Chuginskoy,Chugynka,Chuhynka,Nizhnyaya Chuginka,Nyzhnya Chugynka,Verkhne-Chuginka,Verkhnya Chugynka,Verkhnyaya Chuginka,Чугинка;P;PPL;UA;Ukraine;;14;4416;;;1720;;90;Europe/Kyiv;2022-12-13;Ukraine;48.92192, 39.66675
711057;Buzinove;Buzinove;Bouzynove,Bouzynové,Buzinove,Бузинове;P;PPL;UA;Ukraine;;17;5102;;;1077;18;18;Europe/Kyiv;2022-10-27;Ukraine;46.98762, 30.48569
711369;Brianka;Brianka;Brianka,Brjanka,Bryanka,Bryanskiy,Bryanskiy Rudnik,Брянка;P;PPL;UA;Ukraine;;14;4402;;;44760;;219;Europe/Kyiv;2023-06-11;Ukraine;48.511, 38.67222
711667;Borysivka;Borysivka;Borisauca,Borisauka,Borisivka,Borisouca,Borisovka,Borysivka,Борисівка;P;PPL;UA;Ukraine;;17;5104;;;1803;27;21;Europe/Kyiv;2022-10-27;Ukraine;45.79023, 29.63849
712160;Bilhorod-Dnistrovskyi;Bilhorod-Dnistrovskyi;Akkerman,Akkirmən,Aqkermen,Belgorod Dnestrovski,Belgorod-Dnestrovskaj,Belgorod-Dnestrovski,Belgorod-Dnestrovskij,Belgorod-Dnestrovskiy,Bialogrod nad Dniestrem,Bialogroda  Album Castrum,Białogród nad Dniestrem,Bilgarad-Dnistrouski,Bilgorod-Dnistrovs'kij,Bilgorod-Dnistrovski,Bilhorod-Dnistrovs'kyj,Bilhorod-Dnistrovski,Bilhorod-Dnistrovskij,Bilhorod-Dnistrovsky,Bilhorod-Dnistrovskyi,Bilhorod-Dnistrovskyj,Bilhorod-Dnistrovskyï,Bilhorod-Dnistrowskyj,Bilhorod-Dnjistrovski,Bilhorod-Dnyisztrovszkij,Bilhoroda-Dnistrovska,Bilhoroda-Dņistrovska,Bílhorod-Dnistrovski,Cetatea Alba,Cetatea Albă,Dniestro Bilhorodas,Moncastro,Turla  Akkerman,Tyras  Ofiousa  Asprokastron  Mavrokastron,Tyras  Ophiusa  Asprokastron  Maurokastron,belgorod-dnestʼrovskʼi,bi er ge luo de-de ni si te luo fu xi ji,bilholodeudeuniseuteulouseuki,bylhwrwd dnystrwfskyy,ʼqrmn,Τύρας  Οφιούσα  Ἀσπρόκαστρον  Μαυρόκαστρον,Аккерман,Аккирмән,Белгород Днестровски,Белгород-Днестровскай,Белгород-Днестровский,Билгород-Дњистровски,Білгарад-Дністроўскі,Білгород-Дністровський,Բելգորոդ-Դնեստրովսկի,אקרמן,بيلهورود دنيستروفسكيي,ბელგოროდ-დნესტროვსკი,比爾戈羅德-德尼斯特羅夫西基,빌호로드드니스트로우스키;P;PPLA2;UA;Ukraine;;17;5104;;;47727;;19;Europe/Kyiv;2023-01-23;Ukraine;46.19484, 30.34827
713146;Ostanino;Ostanino;Ojsul,Ostanine,Ostanino,Ойсу́л,Останино,Останіне;P;PPLA3;UA;Ukraine;;11;0110;11131623;;1327;;20;Europe/Simferopol;2022-10-27;Ukraine;45.32731, 35.91295
831263;Brusenky;Brusenky;Broussenky,Brusenchi,Brusenki,Брусенки;P;PPL;UA;Ukraine;;03;7302;;;1110;336;324;Europe/Kyiv;2022-10-27;Ukraine;48.26416, 25.53425
6988115;Mel’nichnoye;Mel'nichnoye;Mel'nichne,Mel'nichnoe,Mel'nichnoye,Mel’nichnoye,Terekli-Shejkh-Ehli,Мельничне,Мельничное,Терекли́-Шейх-Эли́;P;PPLA3;UA;Ukraine;;11;0104;11152837;;746;157;158;Europe/Simferopol;2022-10-27;Ukraine;45.19885, 34.42012
7406717;Pervomayskoye;Pervomayskoye;Karagoz,Pervomajs'ke,Pervomajskoe,Pervomayskoye,Караго́з,Первомайское,Первомайське;P;PPLA3;UA;Ukraine;;11;0118;11152899;;2880;124;179;Europe/Simferopol;2022-10-27;Ukraine;45.06191, 35.16395
8519952;Chabany;Chabany;Chabani,Chabany,Чабани,Чабаны;P;PPL;UA;Ukraine;;13;3214;;;5100;;188;Europe/Kyiv;2022-10-27;Ukraine;50.34071, 30.42356
9642545;Soltanivka;Soltanivka;Soltanivka,Soltanovka,Солтанівка;P;PPL;UA;Ukraine;;17;5112;;;1319;193;189;Europe/Kyiv;2022-10-27;Ukraine;47.86065, 30.1147
687080;Karakurt;Karakurt;Caracurt,Karakourt,Karakurt,Karakurti,Zhovtneve,Zhovtnevoe,Zovtnevoe,ruo fu te nie wei,Жовтневе,Жовтневое,Каракурт,Ժովտնևոե,若夫特涅韋;P;PPL;UA;Ukraine;;17;5106;;;2707;24;34;Europe/Kyiv;2023-03-23;Ukraine;45.64063, 28.70511
687256;Stara Zhadova;Stara Zhadova;Stara Jadova,Stara Zhadova,Staraja Zhadova,Стара Жадова,Старая Жадова;P;PPL;UA;Ukraine;;03;7306;;;2392;397;421;Europe/Kyiv;2022-10-27;Ukraine;48.2, 25.51667
688361;Yasky;Yasky;Iaski,Iaskî,Jas'ki,Jasky,Jaśky,Yasko,Yasky,ya xi ji,Яськи,亞西基;P;PPL;UA;Ukraine;;17;5110;;;4145;2;3;Europe/Kyiv;2022-10-27;Ukraine;46.50966, 30.07587
688602;Yahilnytsia;Yahilnytsia;Jagel'nica,Jagielnica,Jagil'nicja,Yagel'nitsa,Yagel’nitsa,Yagielnitsa,Yahil'nytsya,Yahilnytsia,Yahil’nytsya,Ягельница,Ягільниця;P;PPL;UA;Ukraine;;22;6106;;;1200;;274;Europe/Kyiv;2022-12-23;Ukraine;48.94145, 25.749
688805;Vvedenka;Vvedenka;Vvedenka,Vvedenskoye,Vvehdehnka,Wwedenka,Wwendenka,wei deng ka,Введенка,Ввэдэнка,Վվեդենկա,韦登卡;P;PPL;UA;Ukraine;;07;6314;;;2628;;97;Europe/Kyiv;2022-10-27;Ukraine;49.82372, 36.50312
689200;Vilnohirsk;Vilnohirsk;Vil'nogirs'k,Vilnohirsk,Vol'nogorsk,Вольногорск,Вільногірськ;P;PPL;UA;Ukraine;;04;1204;;;22079;178;176;Europe/Kyiv;2023-05-01;Ukraine;48.48416, 34.01708
689625;Vikno;Vikno;Ocna,Okna,Okno,Vikno,Вікно;P;PPL;UA;Ukraine;;03;7306;;;1592;194;187;Europe/Kyiv;2022-10-27;Ukraine;48.57129, 25.97255
690131;Velykyy Kuchuriv;Velykyy Kuchuriv;Bol'shoy Kochurov,Bol’shoy Kochurov,Cuciurul Mare,Velikij Kuchuriv,Velikij Kuchurov,Velykyi Koutchouriv,Vélykyï Koutchouriv,Великий Кучуров,Великий Кучурів;P;PPL;UA;Ukraine;;03;7306;;;1422;232;250;Europe/Kyiv;2022-10-27;Ukraine;48.1901, 25.89593
690427;Vashkivtsi;Vashkivtsi;Vachkivtsi,Vascauti,Vashkivci,Vashkovcy,Văscăuţi,Вашковцы,Вашківці;P;PPL;UA;Ukraine;;03;7304;;;3662;252;257;Europe/Kyiv;2022-10-27;Ukraine;48.4094, 27.13221
692105;Dovzhansk;Dovzhansk;Dovzhans'k,Dovzhansk,Imeni Sverdlova,Selo Imeni Sverdlova,Selo imeni Sverdlova,Sverdlovs'k,Sverdlovsk,Довжанськ,Свердловск,Свердловськ,Село имени Свердлова;P;PPLA2;UA;Ukraine;;14;4404;;;62691;;271;Europe/Kyiv;2023-01-25;Ukraine;48.08964, 39.65243
692863;Stara Tsarychanka;Stara Tsarychanka;Boguns'ke,Stara Carichanka,Stara Tsarytchanka,Staraja Carichanka,Tariceanca-Veche,Tsarychanka Antigua,Tăriceanca-Veche,jiu cha li chang ka,Богунське,Стара Царичанка,Старая Царичанка,舊察里昌卡;P;PPL;UA;Ukraine;;17;5104;;;1831;61;52;Europe/Kyiv;2022-10-27;Ukraine;46.28873, 29.86709
693193;Solonka;Solonka;Solonka,Solonka Vel'ka,Solonka Velikaya,Солонка;P;PPL;UA;Ukraine;;15;4606;;;3391;;318;Europe/Kyiv;2022-10-27;Ukraine;49.75621, 24.01028
694029;Shyroke;Shyroke;Chebabcea,Kebabcha,Kebakchi,Kebaktschy,Kibabcha,Shiroke,Shirokoye,Shyroke,shen luo ke,Кібабча,Широке,什羅克;P;PPL;UA;Ukraine;;17;5104;;;1374;8;7;Europe/Kyiv;2022-10-27;Ukraine;45.96499, 30.0903
694204;Sloboda-Komarivtsi;Sloboda-Komarivtsi;Sloboda Komarivtsi,Sloboda-Komarivci,Sloboda-Komarovcy,Slobozia Comarestilor,Slobozia Comăreștilor,Слобода-Комаровцы,Слобода-Комарівці;P;PPL;UA;Ukraine;;03;7306;;;1120;382;422;Europe/Kyiv;2022-10-27;Ukraine;48.22842, 25.62757
694423;Sevastopol;Sevastopol;Akhiar,Akhtyar,Akujar,Akyar,Aqjar,Aqyar,Sebastopol,Sebastopoli,Sebastopolis,Sebastopolo,Sebastòpol,Sevastopal',Sevastopol,Sevastopol',Sevastopole,Sevastopolis,Sevastopolj,Sevastopolo,Sevastopoľ,Sevastoupoli,Sewastopol,Sivastopol,Szevasztopol,Sébastopol,UKS,sai wa si tuo bo er,sbstwpwl,sebaseutopol,sevhastopola,sevuasutopori,swastwpwl,syfastwbwl,Σεβαστούπολη,Акъяр,Севастопаль,Севастопол,Севастополь,Севастопољ,סבסטופול,سواستوپول,سيفاستوبول,सेव्हास्तोपोल,ဆီပတ်စတိုပိုမြို့,სევასტოპოლი,セヴァストポリ,塞瓦斯托波爾,세바스토폴;P;PPLA;UA;Ukraine;;20;;;;547820;50;35;Europe/Simferopol;2023-01-22;Ukraine;44.60795, 33.52134
694468;Serhiivka;Serhiivka;Odabasha,Sergeyevka,Sergheevca,Serghieste,Serghieşte,Sergiivka,Serhiivka,Serhiyivka,Serzheshte,Siergiejewka,xie er ji yi fu ka,Одабаша,Сергіївка,謝爾吉伊夫卡;P;PPL;UA;Ukraine;;17;5104;;;1420;30;21;Europe/Kyiv;2022-10-27;Ukraine;46.00055, 29.95801
694508;Serby;Serby;Serbi,Serby,Серби,Сербы;P;PPL;UA;Ukraine;;17;5112;;;1920;173;162;Europe/Kyiv;2022-10-27;Ukraine;48.10061, 29.0646
695464;Romny;Romny;Rommy,Romnai,Romni,Romny,Romnî,Romnı,lomni,luo mu nei,romni,romunui,rwmny,Ромни,Ромны,Ռոմնի,רומני,رومنی,რომნი,ロムヌィ,羅姆內,롬니;P;PPLA2;UA;Ukraine;;21;5906;;;38305;;157;Europe/Kyiv;2023-01-23;Ukraine;50.75104, 33.47471
695821;Ralivka;Ralivka;Radlovichi,Ralevka,Ralivka,Ралевка,Ралівка;P;PPL;UA;Ukraine;;15;4608;;;3926;;296;Europe/Kyiv;2022-10-27;Ukraine;49.49982, 23.23739
696169;P'yatypill'ya;P'yatypill'ya;P'jatipillja,P'jatypill'ja,Piatypillia,Pjatipol'e / Proletarskoe,Pjatypillja,Proletariy,Proletars'ke,Proletarskij,Proletarskoe,Proletarskoye,Proletarsky,Proletarsskij,Proletarssky,Proletars’ke,Pyatipilla,Pyatipol'ye,Pyatipol’ye,Pyatıpillâ,pu luo lie ta er xi ke,П'ятипілля,Пролетарське,Пятиполье / Пролетарское,Պրոլետարսկոե,普罗列塔尔西克,普羅列塔爾西克;P;PPL;UA;Ukraine;;05;1408;;;3158;;212;Europe/Kyiv;2023-03-31;Ukraine;48.0159, 38.09979
696989;Pidbuzh;Pidbuzh;Pidbuzh,Podbuz,Podbuzh,Podbuż,Подбуж,Підбуж;P;PPL;UA;Ukraine;;15;4602;;;2739;;398;Europe/Kyiv;2022-12-24;Ukraine;49.33194, 23.25117
698483;Onokivtsi;Onokivtsi;Anokiuci,Felsodomonya,Felsődomonya,Onokivci,Onokivti,Onokivtsi,Onokivți,Onokiwci,Onokiwzi,Onokovce,Onokovcy,Onokovtse,Onokovtsy,Анокіўці,Оnоkіvtsі,Оноковцы,Оноківці,Օնոկովցի;P;PPL;UA;Ukraine;;25;2110;;;2187;;127;Europe/Kyiv;2022-12-13;Ukraine;48.65763, 22.34183
698634;Okunevka;Okunevka;Beshi,Okunevka,Okunivka,Okunjovka,Tarpanchi,Беши́,Окунёвка,Окунівка,Тарпанчи́;P;PPLA3;UA;Ukraine;;11;0108;11153141;;522;17;18;Europe/Simferopol;2022-10-27;Ukraine;45.36855, 32.76357
698690;Okhotskoye;Okhotskoye;Alikech,Okhots'ke,Okhotskoe,Okhotskoye,Алике́ч,Охотское,Охотське;P;PPLA3;UA;Ukraine;;11;0104;11152976;;1328;11;13;Europe/Simferopol;2022-10-27;Ukraine;45.48612, 34.86401
700390;Nechayane;Nechayane;Nechajane,Nechajannoe,Netchaiane,Nétchaïané,Нечаяне,Нечаянное;P;PPL;UA;Ukraine;;16;4806;;;1874;18;12;Europe/Kyiv;2022-10-27;Ukraine;46.94416, 31.55113
700829;Molodohvardiisk;Molodohvardiisk;Molodogvardejsk,Molodogvardejskoe,Molodogvardeysk,Molodogvardeyskoye,Molodogvardijs'k,Molodohvardiisk,Molodohvardiys'k,Molodohvardiys’k,Молодогвардейск,Молодогвардейское,Молодогвардійськ;P;PPL;UA;Ukraine;;14;4406;;;22449;;215;Europe/Kyiv;2023-05-01;Ukraine;48.34511, 39.65244
700848;Molochansk;Molochansk;Gal'bshtadt,Halbstadt,Molochans'k,Molochansk,Molotchansk,Гальбштадт,Молочанск,Молочанськ;P;PPL;UA;Ukraine;;26;2310;;;6099;32;36;Europe/Kyiv;2023-05-01;Ukraine;47.20405, 35.59789
700974;Mizoch;Mizoch;Misotsch,Mizach,Mizoc,Mizoch,Mizoci,Mizocz,Mizotch,Mizotj,Mizotsj,Mizoç,Mizoč,Mízoch,mi zuo qi,myzwch,myzwz',Мизоч,Мізач,Мізоч,מיזאָטש,מיזוץ',میزوچ,米佐奇;P;PPL;UA;Ukraine;;19;5606;;;3365;;257;Europe/Kyiv;2022-10-27;Ukraine;50.4, 26.15
701947;Maly Mayak;Maly Mayak;Bijuk-Lambat,Buejuek Lambat,Büjük Lambat,Malij Majak,Maly Mayak,Malyj Majak,Бию́к-Ламба́т,Малий Маяк,Малый Маяк;P;PPL;UA;Ukraine;;11;0120;;;2298;290;253;Europe/Simferopol;2022-10-27;Ukraine;44.61356, 34.36469
702011;Muromskoye;Muromskoye;Malyj Burunduk,Muroms'ke,Muromskoe,Muromskoye,Ма́лый Бурунду́к,Муромское,Муромське;P;PPLA3;UA;Ukraine;;11;0104;11152839;;755;209;213;Europe/Simferopol;2022-10-27;Ukraine;45.09051, 34.849
702356;Mahdalynivka;Mahdalynivka;Magdalinivka,Magdalinovka,Magdalinowka,Magdalinowka Pervaya,Magdalinowka Vtoraya,Mahdalynivka,Магдалиновка,Магдалинівка;P;PPL;UA;Ukraine;;04;1210;;;6119;;97;Europe/Kyiv;2023-05-05;Ukraine;48.91204, 34.91395
703438;Ladan;Ladan;Ladan,Ladin,Lantan,la dan,Λάνταν,Ладан,Լադան,拉丹;P;PPL;UA;Ukraine;;02;7408;;;6719;;155;Europe/Kyiv;2022-10-27;Ukraine;50.51959, 32.58178
703520;Kutsurub;Kutsurub;Kotsurub,Kucurub,Kutsorub,Kutsurub,Куцуруб;P;PPL;UA;Ukraine;;16;4806;;;2136;1;38;Europe/Kyiv;2022-10-27;Ukraine;46.65299, 31.61886
703555;Kushuhum;Kushuhum;Kouchouhoum,Kuschuhum,Kushugum,Kushuhum,Kusjuhum,Kusugum,Kusuhum,Kusuhuma,Kuszuhum,Kuşugum,Kušuhum,Kušuhuma,Kușuhum,Velika Katerinivka,Velyka Katerynivka,ku shu hu mu,Велика Катеринівка,Кушугум,Կուշուգում,库舒胡姆;P;PPL;UA;Ukraine;;26;2306;;;7886;60;56;Europe/Kyiv;2022-12-13;Ukraine;47.70963, 35.21644
703646;Kurakhovo;Kurakhovo;Kurakhovo,Kurakhovstroy,Novo-Ulakly,Petrovka,Курахово;P;PPL;UA;Ukraine;;05;1416;;;20700;;132;Europe/Kyiv;2022-10-27;Ukraine;47.98522, 37.2821
703847;Hrushivka;Hrushivka;Grusauti,Grushevka,Grushivka,Grușăuți,Hrouchivka,Грушевка,Грушівка;P;PPL;UA;Ukraine;;03;7306;;;1187;271;272;Europe/Kyiv;2022-10-27;Ukraine;48.18022, 25.96726
703867;Krymskoye;Krymskoye;Avel',Krims'ke,Krymskoe,Krymskoye,Аве́ль,Кримське,Крымское;P;PPLA3;UA;Ukraine;;11;0108;11153094;;1822;69;69;Europe/Simferopol;2022-10-27;Ukraine;45.18836, 33.80106
704072;Krynychne;Krynychne;Chishma Varuita,Chushmelija,Cismeaua-Varuita,Cișmeaua-Văruită,Krinichne,Krinichnoe,Krynytchne,Krynytchné,Krynytschne,ke li ni qi nie,Криничне,Криничное,Чишма Варуіта,Чушмелия,克里尼奇涅;P;PPL;UA;Ukraine;;17;5106;;;4348;33;8;Europe/Kyiv;2022-10-27;Ukraine;45.53755, 28.66618
704079;Krynychky;Krynychky;Girnyc'ke,Krinichki,Krinichky,Kriniciki,Krinicki,Krinički,Krynychky,Krynycky,Krynyczky,Krynytchky,Krynytschky,Krynyčky,Krînîcikî,Krınıçkı,ke li ni qi ji,Кринички,Крынычкы,Կրինիչկի,克里尼奇基;P;PPL;UA;Ukraine;;04;1204;;;3970;;89;Europe/Kyiv;2023-05-02;Ukraine;48.37438, 34.46202
704147;Kremenchuk;Kremenchuk;KHU,Kermenchuk,Kramjanchug,Kremenchug,Kremenchuk,Kremenciuk,Kremencsuk,Kremencug,Kremencuk,Kremencuka,Kremencukas,Krementchouk,Krementjuk,Krementschuk,Krementsjoek,Krementsjuk,Krementsuk,Krementxuk,Krementšuk,Kremençug,Kremençuk,Kremenĉuk,Kremenčuk,Kremenčuka,Kremenčukas,Krzemienczuk,Krzemieńczuk,ke lie mian qiu ge,keulemenchukeu,krmnchwk,kuremenchuku,kʼremenchugi,qrmnzwg,Керменчӳк,Кирмәнчек,Крамянчуг,Кременчуг,Кременчук,Կրեմենչուգ,קרמנצוג,کرمنچوک,კრემენჩუგი,クレメンチューク,克列緬丘格,크레멘추크;P;PPLA2;UA;Ukraine;;18;5302;;;217710;90;72;Europe/Kyiv;2023-01-22;Ukraine;49.06253, 33.40484
704393;Krasnohorivka;Krasnohorivka;Krasnogorivka,Krasnogorovka,Krasnogorowka,Krasnohorivka,Красногоровка,Красногорівка;P;PPL;UA;Ukraine;;05;1416;;;14666;;160;Europe/Kyiv;2023-05-04;Ukraine;48.00603, 37.50968
704697;Kotlovyna;Kotlovyna;Bolboaca,Bolboaka,Bolboca,Bolboka,Bulboka,Kotlovina,Kotlovyna,Kotlovına,Kotlowyna,Kоtlоvynа,ke te luo wei na,Котловина,Կոտլովինա,科特洛維納;P;PPL;UA;Ukraine;;17;5108;;;2643;30;33;Europe/Kyiv;2022-10-27;Ukraine;45.50692, 28.57438
705265;Komarno;Komarno;Komarno,Комарно;P;PPL;UA;Ukraine;;15;4606;;;3707;;260;Europe/Kyiv;2022-12-25;Ukraine;49.62785, 23.69866
705532;Kobyletska Polyana;Kobyletska Polyana;Carpinis,Cărpiniș,Gyertyanliget,Gyertyánliget,Kabylehc'ka Paljana,Kobilec'ka Poljana,Kobilecka Poljana,Kobiletska Polana,Kobylecka Polana,Kobylecka Poljana,Kobyleckaja Poljana,Kobyletska Poliana,Kobyletska Poljana,Kobyletska Polyana,Kobylezka Poljana,Kobyłecka Polana,Kobıletska Polâna,ke bi lie qi ka bo li ya na,Кабылэцька Паляна,Кобилецька Поляна,Кобылецка Поляна,Кобылецкая Поляна,Կոբիլեցկա Պոլյանա,קובילצקה-פוליאנה,科比列齊卡波利亞納;P;PPL;UA;Ukraine;;25;2106;;;3483;411;403;Europe/Kyiv;2022-12-13;Ukraine;48.06085, 24.0719
705765;Podviryvka;Podviryvka;Chisla-Zamjieva,Chișla-Zamjieva,Kishlo-Zamzhievo,Podvir'ivka,Podvirivka,Podvirïvka,Podvor'evka,Кишло-Замжієво,Подворьевка,Подвір'ївка;P;PPL;UA;Ukraine;;03;7304;;;2310;188;166;Europe/Kyiv;2022-10-27;Ukraine;48.31969, 26.78609
706900;Kaniv;Kaniv;Kaneu,Kanev,Kaniow,Kaniv,Kaniva,Kanivas,Kaniw,Kaniów,Kaņiva,Kániv,ka ni fu,kaniu,kanyf,qnyb,Канев,Канеў,Канив,Канів,Կանև,קניב,کانیف,კანევი,カニウ,卡尼夫,카니우;P;PPLA2;UA;Ukraine;;01;7108;;;23503;85;90;Europe/Kyiv;2023-09-02;Ukraine;49.75187, 31.47003
706987;Kamiani Potoky;Kamiani Potoky;Kamyani Potoky,Kam'jani Potoki,Kameani Potoki,Kameani Potokî,Kamenie Potoki,Kamenni Potoki,Kamenno-Pototskoye,Kamennye Potoki,Kamennyye Potok,Kamennyye Potoki,Kamiani Potoky,Kamjani Potoky,Kam”yani Potoky,Kаmjanі Pоtоky,Каменни Потоки,Каменные Потоки,Кам’яні Потоки,Կամենիե Պոտոկի;P;PPL;UA;Ukraine;;18;5302;;;3662;;67;Europe/Kyiv;2022-10-27;Ukraine;48.98, 33.52557
707198;Kalinino;Kalinino;Kalinindorf,Kalinine,Kalinino,Калининдо́рф,Калинино,Калініне;P;PPLA3;UA;Ukraine;;11;0112;11152911;;1120;38;37;Europe/Simferopol;2022-10-27;Ukraine;45.59521, 34.2203
708393;Hirnyk;Hirnyk;Girnik,Gornyak,Gruda,Hirnyk,Hryda,Kurahivka,Гірник,Курахівка;P;PPL;UA;Ukraine;;15;4612;;;2820;;195;Europe/Kyiv;2023-05-02;Ukraine;50.33148, 24.19538
708430;Horishni Sherivtsi;Horishni Sherivtsi;Gorishni Sherivci,Gorishniye Sherovtsy,Horichni Cherivtsi,Horichni Chérivtsi,Horishni Sherivtsi,Obersheroutsi,Горішні Шерівці;P;PPL;UA;Ukraine;;03;7306;;;2793;260;218;Europe/Kyiv;2022-10-27;Ukraine;48.39671, 25.95269
709643;Drabiv;Drabiv;Drabiu,Drabiv,Drabiw,Drabov,de la bi fu,dorabivu ding,drabyf,drabyf  lybyk,Драбов,Драбів,Драбіў,درابيف,درابيف، ليبيك,ドラビヴ町,德拉比夫;P;PPL;UA;Ukraine;;01;7104;;;6358;121;117;Europe/Kyiv;2023-01-18;Ukraine;49.95891, 32.15028
710778;Chornivka;Chornivka;Cernauca,Cernăuca,Chernovka,Chornivka,Tchornivka,Черновка,Чорнівка;P;PPL;UA;Ukraine;;03;7306;;;2364;240;239;Europe/Kyiv;2022-10-27;Ukraine;48.41751, 26.01216
710981;Bytkiv;Bytkiv;Bitkiv,Bitkow,Bitków,Bytkiv,Bytkov,Битків,Бытков;P;PPL;UA;Ukraine;;06;2612;;;4354;475;507;Europe/Kyiv;2022-10-27;Ukraine;48.63092, 24.47118
711506;Boikivshchyna;Boikivshchyna;Bajkovshhina,Baykovshchina,Boikivshchyna,Bojkivshhina,Boykivshchyna,Boykovshchina,Байковщина,Бойківщина;P;PPL;UA;Ukraine;;01;7104;;;1580;;114;Europe/Kyiv;2022-12-04;Ukraine;49.91035, 32.25007
711845;Martynivske;Martynivske;Martinivs'ke,Martynivske,Martynivské,Martynovskoe,Мартинівське,Мартыновское;P;PPL;UA;Ukraine;;16;4804;;;2654;83;116;Europe/Kyiv;2022-10-27;Ukraine;47.47077, 31.27731
712312;Berezivka;Berezivka;Beresovka,Beresowka,Berezivka,Berezovka,Berëzovka,Bérézivka,Березовка,Березівка;P;PPLA2;UA;Ukraine;;17;5102;;;9644;8;11;Europe/Kyiv;2022-10-27;Ukraine;47.20037, 30.90943
712582;Bilohirya;Bilohirya;Belogor'e,Bilogir'ja,Bilohiria,Ljakhivci,Белогорье,Білогір’я,Ляхівці;P;PPLA2;UA;Ukraine;;09;6806;;;5244;236;242;Europe/Kyiv;2022-10-27;Ukraine;49.99894, 26.41442
712619;Bilyne;Bilyne;Belino,Biline,Bilyne,Poselok Belino,Posëlok Belino,Белино,Білине;P;PPL;UA;Ukraine;;17;5112;;;2074;225;232;Europe/Kyiv;2023-09-07;Ukraine;47.87478, 29.62535
712629;Bilyky;Bilyky;Beliki,Biliki,Bilyky,Белики,Білики;P;PPL;UA;Ukraine;;18;5308;;;4913;81;119;Europe/Kyiv;2022-10-27;Ukraine;49.25147, 34.2706
712715;Bazaliya;Bazaliya;Basalija,Bazali,Bazalia,Bazaliia,Bazalija,Bazaliya,Bazaliïa,ba zha li ya,bazalya,Базали,Базалия,Базалія,Բազալիյա,بازاليا,巴扎利亞;P;PPL;UA;Ukraine;;09;6804;;;1484;295;318;Europe/Kyiv;2022-10-27;Ukraine;49.71106, 26.46594
712819;Barativka;Barativka;Barativka,Baratova,Baratovka,Баратівка;P;PPL;UA;Ukraine;;16;4802;;;1088;15;23;Europe/Kyiv;2022-10-27;Ukraine;46.94606, 32.77938
713202;Aromatnoye;Aromatnoye;Aromatne,Aromatnoe,Aromatnoye,Rozental',Ароматне,Ароматное,Розента́ль;P;PPLA3;UA;Ukraine;;11;0104;11152826;;1772;318;318;Europe/Simferopol;2022-10-27;Ukraine;45.03678, 34.39921
687231;Zhdeniyevo;Zhdeniyevo;Jdeniievo,Jdéniïévo,Szarvashaza,Szarvasháza,Zdenijewo,Zhdenievo,Żdenijewo,Ждениево,Жденієво;P;PPL;UA;Ukraine;;25;2104;;;1102;542;414;Europe/Kyiv;2022-12-13;Ukraine;48.7734, 22.97228
687292;Zinkiv;Zinkiv;Zen'kov,Zin'kiv,Zinkiv,Зеньков,Зіньків;P;PPLA2;UA;Ukraine;;18;5308;;;9514;121;121;Europe/Kyiv;2022-10-27;Ukraine;50.20987, 34.35952
687516;Zavetnoye;Zavetnoye;Saurchi,Zavetnoe,Zavetnoye,Zavitne,Заветное,Завітне,Саурчи́;P;PPLA3;UA;Ukraine;;11;0118;11153122;;1628;36;37;Europe/Simferopol;2022-10-27;Ukraine;45.32697, 34.80837
687744;Zamostia;Zamostia;Zamost'ye,Zamoste,Zamostia,Zamostja,Zamostya,Zamost’ye,Замостя;P;PPL;UA;Ukraine;;03;7302;;;2106;265;258;Europe/Kyiv;2022-10-27;Ukraine;48.35372, 25.42106
688423;Yaroslavka;Yaroslavka;Iaroslava,Jaroslava,Jaroslavka,Yaroslavka,ya luo si la fu ka,Ярославка,亞羅斯拉夫卡;P;PPL;UA;Ukraine;;17;5104;;;1376;35;35;Europe/Kyiv;2022-10-27;Ukraine;46.07618, 29.87163
688746;Vynohradiv;Vynohradiv;Nagyszolos,Nagyszőlős,Seleusu Mare,Seleușu Mare,Vinogradiv,Vinogradov,Vinohradiv,Vinohradiva,Vynagradziu,Vynohradiv,Vynohradivas,Vınogradiv,Wynohradiw,fynwghradyf,vinogradovi,wei nuo ji la ji fu,wynwhradyf,wynwhrdyb,Виноградив,Виноградов,Виноградів,Вынаградзіў,Վինոգրադով,וינוהרדיב,فينوغراديف,وینوهرادیف,ვინოგრადოვი,維諾吉拉季夫;P;PPL;UA;Ukraine;;25;2102;;;25317;117;137;Europe/Kyiv;2023-04-27;Ukraine;48.14126, 23.03623
689363;Vlasivka;Vlasivka;Vlasivka,Vlasovka,Vlassivka,Власовка,Власівка;P;PPL;UA;Ukraine;;10;3508;;;7587;73;70;Europe/Kyiv;2022-10-27;Ukraine;49.11832, 33.27971
689431;Vyzyrka;Vyzyrka;Vizirka,Vyzyrka,Визирка;P;PPL;UA;Ukraine;;17;5110;;;1175;31;35;Europe/Kyiv;2022-10-27;Ukraine;46.68655, 30.9991
689551;Vinogradnoye;Vinogradnoye;Chokul russkij,Vinogradne,Vinogradnoe,Vinogradnoye,Виноградне,Виноградное,Чоку́л ру́сский;P;PPLA3;UA;Ukraine;;11;0110;11128281;;1044;;35;Europe/Simferopol;2022-10-27;Ukraine;45.29332, 35.84451
689595;Vilino;Vilino;Burljuk,Viline,Vilino,Бурлю́к,Вилино,Віліне;P;PPLA3;UA;Ukraine;;11;0102;11152804;;6960;37;34;Europe/Simferopol;2023-12-29;Ukraine;44.8456, 33.67161
690164;Velyki Korovyntsi;Velyki Korovyntsi;Bol'shiye Korovintsy,Bol’shiye Korovintsy,Veliki Korovinci,Velikiye Korovintsy,Velyki Korovyntsi,Великі Коровинці;P;PPL;UA;Ukraine;;27;1804;;;2152;;261;Europe/Kyiv;2022-10-27;Ukraine;49.98197, 28.29531
690197;Velykyy Bereznyy;Velykyy Bereznyy;Nagyberezna,Veliki Berezni,Velikij Bereznij,Velikij Bereznyj,Velikyj Bereznyj,Velke Berezne,Velky Berezny,Velký Berezný,Velykyi Bereznyi,Veľké Berezné,Vélykyï Béreznyï,Welykyj Beresnyj,Wielkie Berezne,Великий Березний,Великий Березный,Великый Березный;P;PPL;UA;Ukraine;;25;2110;;;7713;210;207;Europe/Kyiv;2023-08-02;Ukraine;48.8934, 22.46121
690395;Vasylivka;Vasylivka;Vaisal,Vajsal,Vasilevka,Vasilivka,Vassylivka,Wassyliwka,wa xi li fu ka,wsylywka,Вайсал,Василевка,Василівка,Վասիլևկա,وسیلیوکا,瓦西利夫卡;P;PPL;UA;Ukraine;;17;5106;;;3902;41;33;Europe/Kyiv;2022-10-27;Ukraine;45.64334, 28.83298
690469;Varva;Varva;Varva,Варва;P;PPL;UA;Ukraine;;02;7408;;;7689;;128;Europe/Kyiv;2022-10-27;Ukraine;50.49503, 32.71968
690548;Uzhhorod;Uzhhorod;Oezjhorod,Oujhorod,UDJ,Ujgorod,Ujhorod,Ujhorodo,Ujqorod,Ungvar,Ungvár,Ungwar,Uschgorod,Uschhorod,Uzgorod,Uzhgarad,Uzhgorod,Uzhhorod,Uzhorod,Uzhorodas,Uzhorodum,Uzjhorod,Uĵhorodo,Użhorod,Užgorod,Užhorod,Užhorodas,awzhhwrwd,ujuholodeu,ujuhorodo,uzhgorodi,wu ri huo luo de,Úzhgorod,ʼwngwwʼr,Ужгарад,Ужгород,אוז'הורוד,אונגוואר,اوژهورود,უჟგოროდი,ウージュホロド,乌日霍罗德,우주호로드;P;PPLA;UA;Ukraine;;25;2110;;;115449;120;118;Europe/Kyiv;2023-12-10;Ukraine;48.6242, 22.2947
690873;Tysmenytsia;Tysmenytsia;Tismenicja,Tysmenycja,Tysmernytsia,Tysmienica,Tysmérnytsia,Tyśmienica,Тисмениця;P;PPLA2;UA;Ukraine;;06;2604;;;9287;248;251;Europe/Kyiv;2022-12-24;Ukraine;48.9036, 24.84695
691019;Tukhlia;Tukhlia;Tuchla,Tukhlia,Tukhlja,Tukhlya,Тухля;P;PPL;UA;Ukraine;;15;4610;;;1826;560;536;Europe/Kyiv;2022-10-27;Ukraine;48.91634, 23.47386
692638;Stebliv;Stebliv;Steblev,Stebliv,Stebliva,Stebliw,Stebljov,Steblow,Steblyov,Steblëv,Steblów,Stehbliu,Stébliv,si tai bu li fu,stblwb,Стеблев,Стеблёв,Стеблів,Стэбліў,Ստեբլյով,סטבלוב,斯泰布利夫;P;PPL;UA;Ukraine;;01;7102;;;3350;153;124;Europe/Kyiv;2022-10-27;Ukraine;49.40163, 31.09557
692684;Stavchany;Stavchany;Stauceni,Stavchane,Stavchani,Stavchany,Stăuceni,Ставчани,Ставчаны;P;PPL;UA;Ukraine;;03;7306;;;2168;235;234;Europe/Kyiv;2022-10-27;Ukraine;48.51011, 25.68101
694259;Shebutyntsi;Shebutyntsi;Cheboutyntsi,Chéboutyntsi,Shebutinci,Shebutintsi,Shebutintsy,Shebutyntsi,Шебутинці;P;PPL;UA;Ukraine;;03;7304;;;1463;233;250;Europe/Kyiv;2022-10-27;Ukraine;48.51945, 27.17144
694491;Seredyna-Buda;Seredyna-Buda;Iseredinabuda,Seredina-Buda,Seredyna-Buda,Середина-Буда;P;PPL;UA;Ukraine;;21;5910;;;7161;;194;Europe/Kyiv;2023-11-23;Ukraine;52.18886, 34.03613
694548;Sencha;Sencha;Sencha,Сенча;P;PPL;UA;Ukraine;;18;5306;;;2953;;111;Europe/Kyiv;2022-10-27;Ukraine;50.25482, 33.34602
695298;Rozvadiv;Rozvadiv;Razvandov,Rozvadiv,Rozvadov,Rozvaduv,Rozwadow,Rozwadów,Розвадов,Розвадів;P;PPL;UA;Ukraine;;15;4610;;;3098;;254;Europe/Kyiv;2023-09-06;Ukraine;49.50305, 23.95819
696127;Prudianka;Prudianka;Prudianka,Prudjanka,Prudyanka,Прудянка;P;PPL;UA;Ukraine;;07;6312;;;1924;;133;Europe/Kyiv;2022-10-27;Ukraine;50.23606, 36.16835
696323;Prybuzhany;Prybuzhany;Kantakuzenka,Pribuzhani,Pribuzhany,Pryboujany,Prybuzhany,Staraya Kantakuzenka,Кантакузенка,Прибужани;P;PPL;UA;Ukraine;;16;4804;;;2013;45;29;Europe/Kyiv;2022-10-27;Ukraine;47.53085, 31.32975
697035;Pnikut;Pnikut;Pnikut,Пникут,Пнікут;P;PPL;UA;Ukraine;;15;4614;;;1101;247;227;Europe/Kyiv;2022-10-27;Ukraine;49.71006, 23.1329
697839;Pavlivka;Pavlivka;Pavlivka,Pavlovka,Павловка,Павлівка;P;PPL;UA;Ukraine;;14;4410;;;1135;;107;Europe/Kyiv;2022-12-13;Ukraine;49.60978, 38.70107
698138;Ovidiopol;Ovidiopol;Ovidiopol,Ovidiopol',Ovidiopol’,Owidiopol,Овидиополь,Ові́діополь;P;PPL;UA;Ukraine;;17;5110;;;11572;16;5;Europe/Kyiv;2022-10-27;Ukraine;46.24721, 30.43746
698391;Orlinoye;Orlinoye;Bajdar,Bajdary,Orline,Orlinoe,Orlinoye,Байда́ры,Орлине,Орлиное;P;PPLA3;UA;Ukraine;;20;712927;11153387;;2106;285;280;Europe/Simferopol;2017-03-28;Ukraine;44.44685, 33.77588
698438;Ordzhonikidze;Ordzhonikidze;Ordzhonikidze,Орджоникидзе,Орджонікідзе;P;PPL;UA;Ukraine;;11;0118;;;2572;25;19;Europe/Simferopol;2022-10-27;Ukraine;44.96401, 35.35576
698825;Obertyn;Obertyn;Obertin,Obertyn,Обертин;P;PPL;UA;Ukraine;;06;2604;;;2957;294;290;Europe/Kyiv;2022-10-27;Ukraine;48.69954, 25.16901
698866;Novy Svet;Novy Svet;Novij Svit,Novy Svet,Novyj Svet,Новий Світ,Новый Свет;P;PPL;UA;Ukraine;;11;0118;;;1248;33;39;Europe/Simferopol;2022-10-27;Ukraine;44.83087, 34.9137
699756;Novhorodka;Novhorodka;Novgorodka,Novhorodka,Новгородка;P;PPLA2;UA;Ukraine;;10;3504;;;5675;131;119;Europe/Kyiv;2022-10-27;Ukraine;48.36089, 32.65469
700410;Navariia;Navariia;Navaria,Navarija,Navariya,Nawaria,Навария,Наварія;P;PPL;UA;Ukraine;;15;4606;;;1493;290;307;Europe/Kyiv;2022-12-24;Ukraine;49.74952, 23.92746
700844;Molochnoye;Molochnoye;Molochne,Molochnoe,Molochnoye,Terekly-Konrat,Молочне,Молочное,Тереклы-Конра́т;P;PPLA3;UA;Ukraine;;11;0108;11153097;;2174;5;6;Europe/Simferopol;2022-10-27;Ukraine;45.1996, 33.22233
701247;Mykhaylo-Laryne;Mykhaylo-Laryne;Mikhajlo-Larine,Mikhajlo-Larino,Mykhailo-Laryne,Mykhaïlo-Laryné,Михайло-Ларине,Михайло-Ларино;P;PPL;UA;Ukraine;;16;4806;;;1918;27;36;Europe/Kyiv;2022-10-27;Ukraine;47.10757, 32.20426
701450;Medvedevo;Medvedevo;Medvedeve,Medvedevo,Tabuldy-Ass,Медведеве,Медведево,Табулды́-Асс;P;PPLA3;UA;Ukraine;;11;0108;11153137;;1707;33;29;Europe/Simferopol;2022-10-27;Ukraine;45.38597, 33.004
701453;Medvedevka;Medvedevka;Auz-Kirk,Medvedevka,Medvedivka,Ау́з-Кирк,Медведевка,Медведівка;P;PPLA3;UA;Ukraine;;11;0106;11152856;;1270;9;8;Europe/Simferopol;2022-10-27;Ukraine;45.88389, 34.55562
701722;Maryanivka;Maryanivka;Mar'janivka,Marianivka,Мар'янівка;P;PPL;UA;Ukraine;;17;5102;;;1301;62;60;Europe/Kyiv;2022-10-27;Ukraine;47.44371, 30.15011
701852;Krinichnoye;Krinichnoye;Krinichne,Krinichnoe,Krinichnoye,Криничне,Криничное;P;PPLA3;UA;Ukraine;;11;0104;11152834;;898;231;234;Europe/Simferopol;2022-10-27;Ukraine;45.02428, 34.61202
703013;Lypovets;Lypovets;Lipovec,Lipovec',Lipowiec,Lypovets,Липовец,Липовець;P;PPLA2;UA;Ukraine;;23;0502;;;8303;242;241;Europe/Kyiv;2022-10-27;Ukraine;49.22776, 29.05669
703079;Lykhivka;Lykhivka;Likhivka,Likhovka,Lykhivka,Лиховка,Лихівка;P;PPL;UA;Ukraine;;04;1204;;;1960;67;79;Europe/Kyiv;2022-10-27;Ukraine;48.67739, 33.93197
703397;Lanivtsi;Lanivtsi;Lanivci,Lanivtsi,Lanovcy,Lanowce,Łanowce,Лановцы,Ланівці;P;PPL;UA;Ukraine;;22;6102;;;8434;272;274;Europe/Kyiv;2023-01-19;Ukraine;49.86103, 26.09052
703455;Kvasy;Kvasy;Kvasi,Kvasy,Tiszaborkut,Tiszaborkút,Кваси,Квасы;P;PPL;UA;Ukraine;;25;2106;;;1200;;546;Europe/Kyiv;2022-12-13;Ukraine;48.15747, 24.28115
704052;Kryva Balka;Kryva Balka;Cair,Caira,Kairi,Kaliiry,Kriva Balka,Krivaja Balka,Kryva Balka,ke li wa ba er ka,Калииры,Каїри,Крива Балка,Кривая Балка,克里瓦巴爾卡;P;PPL;UA;Ukraine;;17;5104;;;1574;35;35;Europe/Kyiv;2022-10-27;Ukraine;46.19085, 29.89426
704492;Krasyliv;Krasyliv;Krasiliv,Krasilov,Krasilow,Krasiłów,Krassyliv,Красилов,Красилів;P;PPLA2;UA;Ukraine;;09;6804;;;18868;291;289;Europe/Kyiv;2022-10-27;Ukraine;49.65376, 26.97211
705164;Kondratyevo;Kondratyevo;Aksjuru-Konrat,Kindratove,Kondrat'evo,Kondratyevo,Аксюру́-Конра́т,Кондратьево,Кіндратове;P;PPLA3;UA;Ukraine;;11;0106;11152850;;803;18;19;Europe/Simferopol;2022-10-27;Ukraine;45.63125, 34.47387
705263;Komariv;Komariv;Comarova,Gomarova,Komariv,Komarov,Komarova,Kumarova,Комарів;P;PPL;UA;Ukraine;;03;7304;;;1804;272;270;Europe/Kyiv;2022-10-27;Ukraine;48.56125, 26.9887
705673;Klenovyi;Klenovyi;Klenovij,Klenovyi,Klenovyy,Кленовий;P;PPL;UA;Ukraine;;14;4404;;;2259;;284;Europe/Kyiv;2022-12-13;Ukraine;48.11934, 39.4588
705809;Holubivka;Holubivka;Golubivka,Golubovka,Holubivka,Kirovs'k,Kirovsk,Kirovs’k,Kirowsk,Голубівка,Кировск,Кіровськ;P;PPL;UA;Ukraine;;14;4402;;;26654;;196;Europe/Kyiv;2023-08-28;Ukraine;48.63751, 38.6428
706181;Khriatska;Khriatska;Hreatca,Hreațca,Khiatska,Khriatska,Khrjac'ka,Khrjacka,Khryatska,Хряцка,Хряцька;P;PPL;UA;Ukraine;;03;7306;;;1992;217;275;Europe/Kyiv;2022-10-27;Ukraine;48.1655, 26.18714
706369;Khmelnytskyi;Khmelnytskyi;Chmelnyzkyj,Chmielnicki,HMJ,Hmeljnicki,Khmel'nic'kij,Khmel'nickij,Khmelnytskyi,Khmelnytskyï,Ploskuriv,Ploskurov,Ploskurow,Płoskurów,Плоскуров,Плоскурів,Хмельницкий,Хмельницький;P;PPLA;UA;Ukraine;;09;6804;;;274582;295;308;Europe/Kyiv;2023-01-22;Ukraine;49.41835, 26.97936
706451;Yarivka;Yarivka;Hajdeu de Sus,Jarivka,Jarovka,Yarivka,Яровка,Ярівка;P;PPL;UA;Ukraine;;03;7304;;;1223;208;195;Europe/Kyiv;2022-10-27;Ukraine;48.35915, 26.52994
706867;Novofedorivka;Novofedorivka;Novofedorivka,Novofjodorovka,Novofédorivka,Новофедорівка,Новофёдоровка;P;PPL;UA;Ukraine;;16;4806;;;1015;35;41;Europe/Kyiv;2022-10-27;Ukraine;46.77089, 31.30912
706924;Komyshivka;Komyshivka;Hagi-Curda,Kamishovka,Kamyshovka,Khadzhi-Kurda,Komishivka,Komychivka,Komyschiwka,ke mi shen fu ka,Камишовка,Камышовка,Комишівка,Хаджи-Курда,科米什夫卡;P;PPL;UA;Ukraine;;17;5108;;;3491;14;9;Europe/Kyiv;2022-10-27;Ukraine;45.51876, 29.12375
707069;Kamyanka;Kamyanka;Kam'janka,Kamenka,Kamianka,Mangeym,Кам’янка;P;PPL;UA;Ukraine;;17;5110;;;1390;89;76;Europe/Kyiv;2022-10-27;Ukraine;46.63528, 30.24121
707750;Hradenytsi;Hradenytsi;Gradenici,Gradenicy,Gradenitsa,Gradenitsy,Hradenytsi,Граденицы,Градениці;P;PPL;UA;Ukraine;;17;5110;;;4668;12;12;Europe/Kyiv;2022-10-27;Ukraine;46.59691, 30.00244
708898;Hayvoron;Hayvoron;Gajvoron,Haivoron,Haïvoron,Гайворон;P;PPLA2;UA;Ukraine;;10;3502;;;14523;159;155;Europe/Kyiv;2022-10-27;Ukraine;48.34323, 29.86592
709587;Trybukhivtsi;Trybukhivtsi;Druzhba,Tribuhivci,Tribuhivti,Tribukhivci,Tribukhovcy,Tribukhovtsy,Trybuchiwzi,Trybuchowce,Trybuh'ivtsi,Trybuh’іvtsі,Trybujivtsi,Trybukhivtsi,Trîbuhivți,te li bu xi fu qi,trybwkywtsy,Дружба,Трибуховцы,Трибухівці,تریبوکیوتسی,特里布希夫齊;P;PPL;UA;Ukraine;;22;6106;;;1586;;335;Europe/Kyiv;2022-10-27;Ukraine;49.04099, 25.45551
709954;Dniprovka;Dniprovka;Dneprovka,Dniprovka,Днепровка,Дніпровка;P;PPL;UA;Ukraine;;26;2304;;;3873;;22;Europe/Kyiv;2022-12-13;Ukraine;47.42844, 34.61824
710531;Znamyanka;Znamyanka;Chervonoznam'janka,Chervonoznamenka,Chervonoznamianka,Katarzhino,Stalino,Znam'janka,Znamianka,Знам’янка,Червонознам’янка;P;PPL;UA;Ukraine;;17;5102;;;4134;15;15;Europe/Kyiv;2022-10-27;Ukraine;47.01667, 30.29485
711515;Boiarka;Boiarka;Boiarka,Bojarka,Boyarka,Boyarka-Budayevka,Budayevka,Боярка;P;PPL;UA;Ukraine;;13;3214;;;34394;;181;Europe/Kyiv;2023-06-11;Ukraine;50.31911, 30.29728
711536;Borzna;Borzna;Borsna,Borzna,bo er zi na,boruzuna,borzna,bwrzna,Борзна,Բորզնա,بورزنا,ბორზნა,ボルズナー,博爾茲納;P;PPL;UA;Ukraine;;02;7404;;;9454;;130;Europe/Kyiv;2023-05-02;Ukraine;51.25464, 32.4269
711595;Borivtsi;Borivtsi;Borauti,Borivci,Borivtsi,Borovtse,Borovtsy,Borăuti,Борівці;P;PPL;UA;Ukraine;;03;7306;;;1601;239;242;Europe/Kyiv;2022-10-27;Ukraine;48.58529, 25.63979
712389;Berezan;Berezan;Beresan,Berezan,Berezan',Berezan’,Березань;P;PPL;UA;Ukraine;;13;3206;;;16202;;104;Europe/Kyiv;2022-10-27;Ukraine;50.3112, 31.46712
712521;Bilovods'k;Bilovods'k;Belovodsk,Belowodskoje,Bilovods'k,Беловодск;P;PPL;UA;Ukraine;;14;4414;;;8626;;64;Europe/Kyiv;2022-12-13;Ukraine;49.20846, 39.58975
712533;Bilousivka;Bilousivka;Beloushovka,Belousovka,Bilo'oussivka,Bilousivka,Білоусівка;P;PPL;UA;Ukraine;;03;7304;;;3057;264;264;Europe/Kyiv;2022-10-27;Ukraine;48.5356, 27.33933
712808;Bilozirka;Bilozirka;Barmashove,Barmashovo,Belozjorka,Bilozirka,Бармашове,Белозёрка,Білозірка;P;PPL;UA;Ukraine;;16;4806;;;1757;57;56;Europe/Kyiv;2022-10-27;Ukraine;47.08769, 32.45117
713120;Avdiivka;Avdiivka;Avdeevka,Avdeyevka,Avdiivka,Avdiyivka,a fu ji yi fu ka,avdeevkʼa,Авдеевка,Авдіївка,ავდეევკა,阿夫季伊夫卡;P;PPL;UA;Ukraine;;02;7406;;;2012;171;169;Europe/Kyiv;2022-10-27;Ukraine;51.7766, 32.79988
713678;Oleksandrivka;Oleksandrivka;Aleksandrovka,Oleksandrivka,Олександрівка;P;PPL;UA;Ukraine;;17;5110;;;3660;27;40;Europe/Kyiv;2022-10-27;Ukraine;46.61147, 30.86444
865729;Tavriysk;Tavriysk;Tavriisk,Tavrijs'k,Tavrijsk,Tavriïsk,Таврийск,Таврійськ;P;PPL;UA;Ukraine;;08;6506;;;10108;26;25;Europe/Kyiv;2023-05-03;Ukraine;46.75432, 33.41665
6981547;Solnechnoye;Solnechnoye;Solnechnoe,Solnechnoye,Sonjachne,Солнечное,Сонячне;P;PPL;UA;Ukraine;;11;0116;11152610;;1015;199;182;Europe/Simferopol;2022-10-27;Ukraine;45.04767, 34.0838
7039965;Vinnitskoye;Vinnitskoye;Vinnic'ke,Vinnickoe,Vinnitskoye,Винницкое,Вінницьке;P;PPL;UA;Ukraine;;11;0116;11152611;;1048;82;82;Europe/Simferopol;2022-10-27;Ukraine;44.98129, 33.7392
7040139;Zheleznodorozhnoye;Zheleznodorozhnoye;Zaliznichne,Zheleznodorozhnoe,Zheleznodorozhnoye,Железнодорожное,Залізничне;P;PPLA3;UA;Ukraine;;11;0102;11152809;;970;109;106;Europe/Simferopol;2022-10-27;Ukraine;44.7171, 33.80417
9983758;Lymanka;Lymanka;Limanka,Lymanka,Mizikevicha,Mizikevycha,Лиманка,Мізікевича;P;PPL;UA;Ukraine;;17;5110;;;13085;46;46;Europe/Kyiv;2022-10-27;Ukraine;46.38564, 30.67736
12156613;Hrushivka;Hrushivka;Grushevka,Grushivka,Hrouchivka,Грушевка,Грушівка;P;PPL;UA;Ukraine;;16;4808;;;1150;97;91;Europe/Kyiv;2022-10-27;Ukraine;48.02453, 30.93492
686812;Zuya;Zuya;Zuja,Zuya,Зуя;P;PPLA3;UA;Ukraine;;11;0104;11152832;;6230;257;253;Europe/Simferopol;2022-10-27;Ukraine;45.05418, 34.32152
686956;Zymohiria;Zymohiria;Cherkas'ke,Symohirja,Zimogir'ja,Zimogiria,Zimogirya,Zimogor'e,Zimogorie,Zimohiria,Zimohirja,Zimohorja,Zymagir'ja,Zymohiria,Zymohirja,Zymoһir'ja,Zîmohiria,Zımogirya,zimogorie,zymwhyrya,Зимогорье,Зимогір’я,Зымагір’я,Зымоһирья,Черкаське,Զիմոգորիե,زيموهيريا,زیموهیریا,ზიმოგორიე;P;PPL;UA;Ukraine;;14;4402;;;9557;;53;Europe/Kyiv;2023-04-30;Ukraine;48.58528, 38.9375
687005;Zhuravki;Zhuravki;Juravki,Juravkî,Seit-Ehli,Zhurauky,Zhuravki,Zjuravki,Zuravki,zhwrafky  krym,Журавки,Жураўкы,Сеи́т-Эли́,زهورافكي، كريم;P;PPLA3;UA;Ukraine;;11;0118;11152893;;2666;78;83;Europe/Simferopol;2022-10-27;Ukraine;45.12629, 35.21513
687539;Zavodivka;Zavodivka;Zavadovka,Zavodivka,Zavodovka,Заводівка;P;PPL;UA;Ukraine;;17;5102;;;1349;9;8;Europe/Kyiv;2022-10-27;Ukraine;47.22533, 30.81498
687645;Zarichchia;Zarichchia;Saritschtschja,Zarech'e,Zarech'ye,Zarechye,Zarech’ye,Zarehchcha,Zaricca,Zariccja,Zarichchia,Zarichchja,Zarichchya,Zarichja,Zaricicea,Zaricscsja,Zaritchtchia,Zaritsjtsja,Zaritstsja,Zariççâ,Zariččja,Zarzecze,Zazheche,Zаrіtštšja,zarichia,zarytshyy  afanw-frankyfska,zha li qi qia,Заречье,Заричя,Зарэчча,Заріччя,Зарѣча,זאריטש,زاريتشيي، إفانو-فرانكيفسكا,ზარიჩია,扎里奇恰;P;PPL;UA;Ukraine;;06;2612;;;3832;;433;Europe/Kyiv;2022-10-27;Ukraine;48.51828, 24.64681
688288;Yavoriv;Yavoriv;Iavoriv,Javoriv,Javoriva,Javorov,Jaworiw,Jaworow,Jaworów,Yavoriv,Yavorov,Yavoruv,iavorovi,ya wo li fu,yafwrwf,ybwryb,Јаворов,Яворов,Яворів,Յավորով,יבוריב,یافوروف,იავოროვი,亞沃里夫;P;PPLA2;UA;Ukraine;;15;4614;;;12785;;231;Europe/Kyiv;2023-01-23;Ukraine;49.93864, 23.38254
688587;Yahotyn;Yahotyn;Jagotin,Yagotin,Yahotyn,Яготин;P;PPL;UA;Ukraine;;13;3204;;;18995;;130;Europe/Kyiv;2023-05-03;Ukraine;50.27975, 31.76246
688723;Vyshhorod;Vyshhorod;Vishgorod,Vishorod,Višhorod,Vychhorod,Vyshgorod,Vyshgorodskogo,Vyshhorod,Wyschhorod,Вишгород,Вышгород,Вышгородского;P;PPLA2;UA;Ukraine;;13;3210;;;22080;;112;Europe/Kyiv;2023-06-12;Ukraine;50.58476, 30.4898
689492;Vishennoye;Vishennoye;Mushash,Vishenne,Vishennoe,Vishennoye,Вишенне,Вишенное,Муша́ш;P;PPLA3;UA;Ukraine;;11;0104;11152829;;1753;141;141;Europe/Simferopol;2022-10-27;Ukraine;45.14509, 34.59691
689736;Vesele;Vesele;Vesele,Vesjoloe,Vessele,Vessélé,Веселе,Весёлое;P;PPLA2;UA;Ukraine;;26;2308;;;9719;77;77;Europe/Kyiv;2022-12-13;Ukraine;47.00973, 34.91843
689854;Verkhnia Bilka;Verkhnia Bilka;Verkhnia Bilka,Verkhnja Bilka,Verkhnjaja Belka,Verkhnya Bilka,Verkhnyaya Belka,Verkhnyaya Bilka,Верхня Білка,Верхняя Белка;P;PPL;UA;Ukraine;;15;4606;;;1508;228;236;Europe/Kyiv;2022-10-27;Ukraine;49.81575, 24.30328
689900;Verkhnotoretske;Verkhnotoretske;Skotovataya,Skotovatkaya,Skotovatoye,Verkhn'otorec'ke,Verkhn'otorets'ke,Verkhnetoreckoe,Verkhnetoretskoye,Verkhnotoretske,Verkhn’otorets’ke,Верхнеторецкое,Верхньоторецьке;P;PPL;UA;Ukraine;;05;1416;;;2819;;118;Europe/Kyiv;2023-05-03;Ukraine;48.22187, 37.8798
690773;Ukrainka;Ukrainka;Ignatovka,Ihnativka,Ukrainka,Ukrayinka,Zlodeevka,Zlodeyevka,Злодеевка,Игнатовка,Украинка,Українка;P;PPL;UA;Ukraine;;13;3212;;;13636;;98;Europe/Kyiv;2023-03-31;Ukraine;50.14317, 30.74612
690784;Ukrayinka;Ukrayinka;Oukrainka,Oukraïnka,Puzyri,Ukrainka,Украинка,Українка;P;PPL;UA;Ukraine;;16;4806;;;1170;44;45;Europe/Kyiv;2022-10-27;Ukraine;46.82595, 32.14239
691386;Toporivtsi;Toporivtsi;Toporauti,Toporivci,Toporivtsi,Toporovcy,Toporăuți,Топоровцы,Топорівці;P;PPL;UA;Ukraine;;03;7306;;;4425;233;235;Europe/Kyiv;2022-10-27;Ukraine;48.38575, 26.09087
691803;Tatarbunary;Tatarbunary;Tatarbounary,Tatarbunar,Tatarbunari,Tatarbunary,Tatarbunarı,Tatarpinari,Tatarpınarı,da da bu na lei,tatarbwnary,Татарбунар,Татарбунари,Татарбунары,Տատարբունարի,تاتاربوناری,ტატარბუნარი,韃靼布納雷;P;PPL;UA;Ukraine;;17;5104;;;10836;14;19;Europe/Kyiv;2023-05-01;Ukraine;45.83861, 29.61123
692118;Svatove;Svatove;Svatove,Svatovo,Swatowe,Swatowo,aswatwfh,sbtwbh,si wa tuo wei,Сватове,Сватово,Սվատովո,סבטובה,اسواتوفه,სვატოვო,斯瓦托韋;P;PPLA2;UA;Ukraine;;14;4410;;;16145;;89;Europe/Kyiv;2023-01-23;Ukraine;49.40719, 38.15362
692194;Sumy;Sumy;Soemi,Soemy,Soumy,Sumad,Sumae,Sumai,Sumi,Sumio,Sumo,Sumy,Sumî,Sumõ,Sumı,Szumi,UMY,su mei,sumi,sumui,swmy,Суми,Сумы,Սումի,סומי,سومي,سومی,სუმი,スームィ,蘇梅,수미;P;PPLA;UA;Ukraine;;21;5908;;;259660;;143;Europe/Kyiv;2023-01-22;Ukraine;50.9216, 34.80029
692316;Sucheveny;Sucheveny;Soutcheveny,Soutchévény,Suceveni,Sucheveni,Sucheveny,Сучевени,Сучевены;P;PPL;UA;Ukraine;;03;7306;;;1661;332;332;Europe/Kyiv;2022-10-27;Ukraine;48.05557, 25.84032
692563;Stepkivka;Stepkivka;Stepkivka,Stepkovka,Степковка,Степківка;P;PPL;UA;Ukraine;;16;4808;;;1130;136;132;Europe/Kyiv;2022-10-27;Ukraine;47.89134, 30.90553
692702;Staryi Sambir;Staryi Sambir;Starij Sambir,Stary Sambor,Staryi Sambir,Staryj Sambor,Staryy Sambir,Staryy Sambor,Старий Самбір,Старый Самбор;P;PPLA2;UA;Ukraine;;15;4608;;;5603;337;344;Europe/Kyiv;2022-12-24;Ukraine;49.44199, 23.00185
692799;Starosillya;Starosillya;Frumusica-Veche,Frumușica-Veche,Starosel'e,Starosillia,Starosillja,Starossillia,jiu xi er li ya,Староселье,Старосілля,舊西爾利亞;P;PPL;UA;Ukraine;;17;5104;;;1634;71;91;Europe/Kyiv;2022-10-27;Ukraine;46.33129, 29.46926
693953;Sholokhove;Sholokhove;Sholokhove,Sholokhovo,Шолохове,Шолохово;P;PPL;UA;Ukraine;;04;1208;;;3097;;35;Europe/Kyiv;2022-10-27;Ukraine;47.69805, 34.03347
694615;Semenivka;Semenivka;Semenivka,Semjonovka,Séménivka,Семенівка,Семёновка;P;PPL;UA;Ukraine;;16;4808;;;1937;102;91;Europe/Kyiv;2022-10-27;Ukraine;47.94661, 31.06115
695624;Revne;Revne;Ravna,Revne,Revno,Revné,Râvna,Ревне,Ревно;P;PPL;UA;Ukraine;;03;7306;;;1067;174;178;Europe/Kyiv;2022-10-27;Ukraine;48.33333, 25.8
695912;Radomyshl;Radomyshl;Radomishl,Radomishl',Radomyshl,Radomyshl',Radomyshl’,Radomysl,Radomyśl,Радомишль,Радомышль;P;PPLA3;UA;Ukraine;;27;1804;;;15252;;163;Europe/Kyiv;2022-10-27;Ukraine;50.49613, 29.22911
696128;Prudy;Prudy;Ablesh,Prudi,Prudy,Абле́ш,Пруди,Пруды;P;PPLA3;UA;Ukraine;;11;0118;11153127;;1876;139;87;Europe/Simferopol;2022-10-27;Ukraine;45.23922, 34.70217
696660;Polonne;Polonne;Polonne,Polonnoe,Polonné,Полонне,Полонное;P;PPLA2;UA;Ukraine;;09;6806;;;20785;237;241;Europe/Kyiv;2022-10-27;Ukraine;50.11944, 27.50856
696928;Pidkamin;Pidkamin;Pidkamien,Pidkamin,Pidkamin',Pidkamiň,Podkamen',Podkamene,Podkamen’,Podkamien,Podkamień,pi de ka ming,Подкамень,Підкамінь,Պոդկամենե,פידקאמין,皮德卡明;P;PPL;UA;Ukraine;;15;4604;;;1895;;368;Europe/Kyiv;2023-05-01;Ukraine;49.94599, 25.31672
697184;Pyrizhna;Pyrizhna;Chirozhna,Pirizhna,Pirozhnaja,Pyrijna,Пирожная,Пиріжна;P;PPL;UA;Ukraine;;17;5112;;;1322;207;200;Europe/Kyiv;2022-10-27;Ukraine;48.16161, 29.09932
697576;Pervomaiskyi;Pervomaiskyi;Lichatschewo,Likacheve,Likhacheve,Likhachjovo,Likhachove,Pervomaiskyi,Pervomajs'kij,Pervomajski,Pervomajskij,Pervomays'kyy,Pervomaysk,Pervomayskiy,Pervomays’kyy,Perwomajskyj,Лихачеве,Лихачёво,Первомайский,Первомайський;P;PPL;UA;Ukraine;;07;6310;;;28510;;172;Europe/Kyiv;2023-06-16;Ukraine;49.37646, 36.21848
698023;Panka;Panka;Panca,Panka,Панка;P;PPL;UA;Ukraine;;03;7306;;;2469;363;363;Europe/Kyiv;2022-10-27;Ukraine;48.17435, 25.64795
698360;Orlovskoye;Orlovskoye;Baj-Bolush,Orlivs'ke,Orlovskoe,Orlovskoye,Syrt-Bij-Bolush,Бай-Болу́ш,Орловское,Орлівське,Сырт-Бий-Болу́ш;P;PPLA3;UA;Ukraine;;11;0114;11152954;;1014;9;9;Europe/Simferopol;2022-10-27;Ukraine;45.8107, 33.97308
698648;Oktyabr’skoye;Oktyabr'skoye;Judendorf,Oktjabr'skoe,Oktjabrs'ke,Oktyabr'skoye,Oktyabr’skoye,Октябрське,Октябрьское,Юдендо́рф;P;PPLA3;UA;Ukraine;;11;0112;11153013;;1192;49;49;Europe/Simferopol;2022-10-27;Ukraine;45.65531, 33.94918
699675;Novoazovs'k;Novoazovs'k;Budennovka,Budennowka,Budenovka,Budyanovka,Budyenovka,Budënnovka,Novoazovs'k,Novoazovsk,Novoazovskoye,Novonikolayevskaya,Nowo-Nikolajewskaja,Новоазовск;P;PPL;UA;Ukraine;;05;1410;;;11051;;24;Europe/Kyiv;2023-05-01;Ukraine;47.11389, 38.08599
700489;Nahirne;Nahirne;Caragacii-Vechi,Karaagach,Karagach,Nagirne,Nagornoe,Nahirne,Nahirné,Караагач,Карагач,Нагорное,Нагірне;P;PPL;UA;Ukraine;;17;5108;;;2611;26;7;Europe/Kyiv;2022-10-27;Ukraine;45.42998, 28.44852
700646;Mukachevo;Mukachevo;Moukatchevo,Moukatchévo,Mukaceve,Mukacevo,Mukacheve,Mukachevo,Mukaczewo,Mukatschewe,Mukatschewo,Mukačeve,Mukačevo,Munkacevo,Munkacs,Munkatsch,Munkačevo,Munkács,Мукачеве,Мукачево,מונקאטש,מונקאץ';P;PPLA2;UA;Ukraine;;25;2104;;;85569;120;126;Europe/Kyiv;2023-01-22;Ukraine;48.44248, 22.718
701067;Myrnopillia;Myrnopillia;Fridenstal',Fridenstal’,Friedenstal,Mirnopillja,Mirnopol'ye,Mirnopole,Mirnopol’ye,Myrnopillia,Myrnopillja,Myrnopillya,Мирнополе,Мирнопілля;P;PPL;UA;Ukraine;;17;5106;;;2043;36;29;Europe/Kyiv;2022-10-27;Ukraine;46.0584, 29.39282
701894;Mankivka;Mankivka;Man'kiuka,Man'kivka,Man'kovka,Mankivka,Mankiwka,Mankowka,Mańkówka,Maňkivka,ma ni ji fu ka,mankiuka,mankyfka,Маньковка,Маньківка,Манькіўка,מאנקובקה,مانكيفكا,マンキウカ,马尼基夫卡;P;PPL;UA;Ukraine;;01;7106;;;7634;218;221;Europe/Kyiv;2023-01-20;Ukraine;48.96391, 30.33626
702231;Mala Danylivka;Mala Danylivka;Mal.Danilovka,Mala Danilivka,Mala Danyliuka,Mala Danylivka,Mala Danyliwka,Mala Danılivka,Malaja Danilovka,Malaya Danilovka,xiao dan ni li fu ka,Мал.Даниловка,Мала Данилівка,Мала Даныліўка,Малая Даниловка,Մալայա Դանիլովկա,小丹尼利夫卡;P;PPL;UA;Ukraine;;07;6312;;;7211;;117;Europe/Kyiv;2022-10-27;Ukraine;50.06354, 36.16564
702606;Lukavtsi;Lukavtsi;Loukavtsi,Lucavat,Lucavăț,Lukavci,Lukavcy,Lukavets,Nyzhni Lukivtsi,Verkhni Lukivtsi,Лукавцы,Лукавці;P;PPL;UA;Ukraine;;03;7302;;;2608;413;418;Europe/Kyiv;2022-10-27;Ukraine;48.20224, 25.41234
702679;Luhyny;Luhyny;Lugini,Luginy,Luhyny,Лугини;P;PPL;UA;Ukraine;;27;1806;;;4561;;176;Europe/Kyiv;2022-10-27;Ukraine;51.08203, 28.40057
702931;Lityn;Lityn;Litin,Lityn,lytyn,Литин,Літин,ליטין;P;PPLA2;UA;Ukraine;;23;0502;;;6652;254;270;Europe/Kyiv;2022-10-27;Ukraine;49.32711, 28.08698
704046;Kryva Luka;Kryva Luka;Kriva Luka,Krivaya Luka,Kryva Luka,Крива Лука;P;PPLA3;UA;Ukraine;;05;1412;;;0;;67;Europe/Kyiv;2022-10-27;Ukraine;48.87382, 37.90327
704454;Krasnaya Polyana;Krasnaya Polyana;Kizil-Chonrav,Krasna Poljana,Krasnaja Poljana,Krasnaya Polyana,Кизи́л-Чонра́в,Красна Поляна,Красная Поляна;P;PPLA3;UA;Ukraine;;11;0108;11153135;;1048;60;58;Europe/Simferopol;2022-10-27;Ukraine;45.48241, 32.9379
704856;Korsuntsi;Korsuntsi;Korsunci,Korsuntsi,Korsuntsy,Корсунці;P;PPL;UA;Ukraine;;17;5110;;;2107;11;13;Europe/Kyiv;2022-10-27;Ukraine;46.59081, 30.76486
704920;Korolevo;Korolevo;Craihaza,Karalehva,Kiralyhaza,Királyháza,Korolevo,Korolewo,Koroljovo,Korolyovo,Korolévo,ke luo lai wo,qwrwlbw,Каралэва,Королево,Королёво,Կորոլյովո,קורולבו,科罗莱沃;P;PPL;UA;Ukraine;;25;2102;;;10385;178;144;Europe/Kyiv;2023-05-02;Ukraine;48.15731, 23.13769
705222;Dobroslav;Dobroslav;Antono-Kodintsevo,Antono-Kodintsovo,Dobroslav,Kominternivs'ke,Kominternivske,Kominternovskoye,Доброслав,Комінтернівське;P;PPLA2;UA;Ukraine;;17;5110;;;6847;80;51;Europe/Kyiv;2023-03-07;Ukraine;46.82095, 30.94518
705493;Kodyma;Kodyma;Codama,Codâma,Kodima,Kodyma,Кодима,Кодыма;P;PPL;UA;Ukraine;;17;5112;;;8514;266;283;Europe/Kyiv;2022-10-27;Ukraine;48.10306, 29.12598
705681;Klembivka;Klembivka;Klembivka,Klembovka,Клембівка;P;PPL;UA;Ukraine;;23;0508;;;3692;;147;Europe/Kyiv;2022-10-27;Ukraine;48.38732, 28.40998
705812;Kropyvnytskyy;Kropyvnytskyy;Elisavet,Elisavetgrad,Elizabethgrad,Elizavetgrad,Jelisawetgrad,Jelizawietgrad,KGO,Kiravagrad,Kirivograd,Kirovo,Kirovograd,Kirovogrado,Kirovohrad,Kirovohrada,Kirovohradas,Kirovohrado,Kirovoqrad,Kirowograd,Kirowohrad,Kropivnic'kij,Kropivnicki,Kropivnickij,Kropyvnytskyi,Kropyvnytskyï,Kropywnycki,Kropywnyzkyj,Yelisavetgrad,Zinov'evs'k,Zinov'evsk,Zinovievsk,Zinovyevsk,Zinowjewsk,ji luo wo ge lei,ke luo pei fu ni ci ji,kiloboheuladeu,kirovuofurado,kyrwwhrad,qrwpybnyzqy,qyrwbw,qyrwbwgrd,ylysbtgrd,zynwbyybsq,Єлизаветград,Єлисавет,Елисаветград,Зиновьевск,Зінов'євськ,Кирово,Кировоград,Кропивницкий,Кропивницький,Кіраваград,Кірово,Кіровоград,Կիրովոգրադ,זינובייבסק,יליסבטגרד,קירובו,קירובוגרד,קרופיבניצקי,کیرووهراد,کیرووہراد,კიროვოგრადი,キロヴォフラード,克洛佩夫尼茨基,基洛沃格勒,키로보흐라드;P;PPLA;UA;Ukraine;;10;3504;;;219676;113;114;Europe/Kyiv;2023-01-22;Ukraine;48.50834, 32.26618
706566;Kozatske;Kozatske;Kazackoe,Kozac'ke,Kozatske,Kozatské,Казацкое,Козацьке;P;PPL;UA;Ukraine;;08;6506;;;3746;53;24;Europe/Kyiv;2022-10-27;Ukraine;46.78551, 33.35002
706596;Kozachi Laheri;Kozachi Laheri;Kazach'i,Kazach'i Lageri,Kazach’i,Kazach’i Lageri,Kosatschi Laheri,Kozachi Lageri,Kozachi Laheri,Kozaci Lageri,Kozaci Laheri,Kozaczi Laheri,Kozaczi Łaheri,Kozatji Laheri,Kozatsi Laheri,Kozatsji Laheri,Kozatši Laheri,Kozači Laheri,Kоzаtšі Lаhеrі,ke zha qi la jie li,Казачьи Лагери,Козачі Лагері,科扎奇拉傑里;P;PPL;UA;Ukraine;;08;6510;;;3587;;16;Europe/Kyiv;2022-10-27;Ukraine;46.70538, 32.98194
706985;Kamyanyy Mist;Kamyanyy Mist;Kam'janij Mist,Kamennyj Most,Kamennyy Most,Kamianyi Mist,Kamianyï Mist,Кам'яний Міст,Каменный Мост;P;PPL;UA;Ukraine;;16;4808;;;1092;73;71;Europe/Kyiv;2022-10-27;Ukraine;47.96289, 30.81543
707025;Kamin-Kashyrskyi;Kamin-Kashyrskyi;Kamen' Koshirski,Kamen'-Kashirsk,Kamen'-Kashirskij,Kamen'-Kashirskiy,Kamen'-Koshirskiy,Kamen-Koschyrski,Kamen’ Koshirski,Kamen’-Kashirsk,Kamen’-Kashirskiy,Kamen’-Koshirskiy,Kamien Koszyrski,Kamień Koszyrski,Kamin'-Kashirs'kij,Kamin'-Kashyrs'kyy,Kamin-Kashyrskyi,Kamin’-Kashyrs’kyy,Камень-Каширский,Камінь-Каширський;P;PPLA2;UA;Ukraine;;24;0704;;;11042;;153;Europe/Kyiv;2022-10-27;Ukraine;51.62412, 24.95864
707304;Izobil’noye;Izobil'noye;Izobil'ne,Izobil'noe,Izobil'noye,Izobil’noye,Tamak,Ізобільне,Изобильное,Тама́к;P;PPLA3;UA;Ukraine;;11;0104;11152969;;991;6;11;Europe/Simferopol;2022-10-27;Ukraine;45.57019, 34.94469
707313;Yizhivtsi;Yizhivtsi;Idzesti,Igesti,Igești,Izhevtsy,Izhivci,Izhivcy,Yizhivtsi,Їжівці,Иживцы;P;PPL;UA;Ukraine;;03;7306;;;5987;383;410;Europe/Kyiv;2022-10-27;Ukraine;48.02526, 25.64626
707587;Yordaneshty;Yordaneshty;Ardanesti,Ardănești,Iordaneshte,Iordanesti,Iordanovtsy,Iordănești,Jordaneshti,Pidlisne,Yordaneshty,Йорданешти;P;PPL;UA;Ukraine;;03;7306;;;2263;337;336;Europe/Kyiv;2022-10-27;Ukraine;48.1038, 25.81099
707746;Hvizdivtsi;Hvizdivtsi;Gvazdauts',Gvazdauts’,Gvizdivci,Gvozdovtsy,Hvizdivtsi,Гвіздівці;P;PPL;UA;Ukraine;;03;7304;;;1732;264;263;Europe/Kyiv;2022-10-27;Ukraine;48.44019, 27.30145
708273;Hirske;Hirske;Girs'ke,Gorskoe,Gorskoye,Hirs'ke,Hirske,Hirs’ke,Горское,Гірське;P;PPL;UA;Ukraine;;14;4412;;;9274;;163;Europe/Kyiv;2022-12-13;Ukraine;48.74981, 38.49518
708725;Hlyboke;Hlyboke;Eksipolos,Eschipolos,Eskhiopolos,Eskipolos,Gliboke,Glubokoye,Hlyboke,Глибоке;P;PPL;UA;Ukraine;;17;5104;;;1232;4;4;Europe/Kyiv;2022-10-27;Ukraine;45.73036, 29.60853
709022;Halytsynove;Halytsynove;Galicinove,Galicynovo,Halytsynove,Halytsynové,Галицинове,Галицыново;P;PPL;UA;Ukraine;;16;4806;;;2196;12;6;Europe/Kyiv;2022-10-27;Ukraine;46.80045, 31.95125
709114;Fontanka;Fontanka;Fontanka,Makagonka,Фонтанка;P;PPL;UA;Ukraine;;17;5110;;;6260;40;43;Europe/Kyiv;2023-09-10;Ukraine;46.57016, 30.85469
709932;Kamyanske;Kamyanske;Dniprodzerzhins'k,Dniprodzerzhynsk,Kam'jans'ke,Kamenskoe,Kamianske,Kamianské,Kamjanske,Дніпродзержинськ,Кам'янське,Каменское;P;PPLA2;UA;Ukraine;;04;1204;;;226845;120;78;Europe/Kyiv;2023-01-23;Ukraine;48.51716, 34.60617
709992;Dmytrivka;Dmytrivka;Chekhutovo,Dmitrievka,Dmitrivka,Dmitriyevka,Dmitrovka,Dmytrivka,Дмитрівка;P;PPL;UA;Ukraine;;16;4806;;;1193;39;38;Europe/Kyiv;2022-10-27;Ukraine;46.63185, 31.73879
710202;Deliatyn;Deliatyn;Dehljatyn,Delatin,Delatyn,Deleatin,Deleatîn,Deliatyn,Deljatin,Deljaton,Deljatyn,Deljatõn,Delyatin,Delyatyn,Delâtın,Diljatin,dai li ya ting,deriatin,dylyatyn,Делятин,Дэлятын,Ділятин,דלאטין,דעלאטין,ديلياتين,デリアティン,代利亚廷;P;PPL;UA;Ukraine;;06;2612;;;8276;419;422;Europe/Kyiv;2022-12-29;Ukraine;48.5248, 24.62566
711348;Buchach;Buchach;Bitshutsh,Boetsjatsj,Boutchatch,Bucac,Bucaca,Bucacas,Buceaci,Buchach,Buczacz,Butjatj,Butsats,Butschatsch,Butsjatsj,Butšatš,Buçaç,Buĉaĉ,Bučač,Bučača,Bučačas,bu qia qi,buchachi,bwchach,bwtshatsh,bwzʼz,Бучач,Բուչաչ,בוצאץ,بوتشاتش,بوچاچ,ბუჩაჩი,布恰奇;P;PPL;UA;Ukraine;;22;6106;;;12171;291;274;Europe/Kyiv;2023-04-30;Ukraine;49.06234, 25.39496
712276;Berezovo;Berezovo;Beresowo,Berezna,Berezove,Berezovo,Berjozovo,Beryozovo,Bеrеzоvо,Березове,Березово,Берёзово,Բերյոզովո,בערעזיוו;P;PPL;UA;Ukraine;;25;2112;;;2885;;251;Europe/Kyiv;2022-12-13;Ukraine;48.29973, 23.47885
712569;Bilokurakyne;Bilokurakyne;Belokurakino,Bilokurakine,Bilokurakyne,Белокуракино,Білокуракине;P;PPL;UA;Ukraine;;14;4410;;;7712;;103;Europe/Kyiv;2022-12-13;Ukraine;49.53458, 38.72723
711518;Boiany;Boiany;Bajany,Bayan,Bayany,Boian,Boiany,Bojani,Bojany,Boyan,Boyani,Boyany,Bоjany,bo ya ni,bwyany,Баяны,Бояни,Бояны,Բոյանի,באיאן,בויאן,بوياني,博亞尼;P;PPL;UA;Ukraine;;03;7306;;;4742;158;149;Europe/Kyiv;2022-10-27;Ukraine;48.26685, 26.12556
712477;Bili Oslavy;Bili Oslavy;Belyye Oslavy,Bili Oslavi,Bili Oslavy,Oslav Byaly,Oslaw Bialy,Oslawy Biale,Osław Biały,Osławy Białe,Білі Ослави;P;PPL;UA;Ukraine;;06;2612;;;4351;;512;Europe/Kyiv;2022-10-27;Ukraine;48.4819, 24.69848
712886;Balta;Balta;Balta,Balta i Ukraina,Bałta,ba er ta,balta,balta  awkrayn,Балта,Բալտա,באלטה,بالتا,بالتا، اوکراین,ბალტა,巴爾塔;P;PPLA2;UA;Ukraine;;17;5112;;;18511;160;123;Europe/Kyiv;2022-10-27;Ukraine;47.93596, 29.62225
713122;Avdiivka;Avdiivka;Audzeeuka,Audziiuka,Avdeevka,Avdeyevka,Avdiivka,Avdijivka,Avdiyivka,Avdiïvka,Awdejewka,Awdijiwka,a fu di fu ka,abeu debeu ka,afdyyyfka,audiiuka,avdeevkʼa,awdyyyfka,ʼbdyybqh,Авдеевка,Авдијивка,Авдіївка,Аўдзееўка,Аўдзііўка,Ավդեևկա,אבדייבקה,آودیئیفکا,أفديييفكا,ავდეევკა,アウディーイウカ,阿夫迪夫卡,아브 데브 카;P;PPL;UA;Ukraine;;05;1416;;;35826;;212;Europe/Kyiv;2023-06-12;Ukraine;48.13989, 37.74255
713389;Andrushivka;Andrushivka;Andruschowka,Andrushevka,Andrushivka,Andrushjovka,Andrushovka,Андрушёвка,Андрушівка;P;PPLA3;UA;Ukraine;;27;1802;;;8458;;212;Europe/Kyiv;2022-10-27;Ukraine;50.02288, 29.02023
6982932;Zalesye;Zalesye;Zales'e,Zalesye,Zalissja,Залесье,Залісся;P;PPL;UA;Ukraine;;11;0116;11152617;;1063;432;422;Europe/Simferopol;2022-10-27;Ukraine;44.88687, 34.10168
6983708;Urozhaynoye;Urozhaynoye;Brusilovo,Chojunchi,Chujuncha,Cujuncu,Urozhajne,Urozhajnoe,Urozhaynoye,Čujunču,Бруси́лово,Урожайне,Урожайное,Чоюнчи́,Чуюнча́;P;PPLA3;UA;Ukraine;;11;0116;11152623;;3350;175;203;Europe/Simferopol;2022-10-27;Ukraine;45.04522, 34.13511
6997290;Drofino;Drofino;Bol'shoj Matis,Drofine,Drofino,Malyj Matis,Большой Матис,Дрофине,Дрофино,Малый Матис;P;PPLA3;UA;Ukraine;;11;0104;11152962;;779;62;62;Europe/Simferopol;2022-10-27;Ukraine;45.28629, 34.61589
12156370;Prypruttya;Prypruttya;Lehacenii Tautului,Lehăcenii Tăutului,Priprut'e,Pripruttja,Pryprouttia,Припруття,Припрутье;P;PPL;UA;Ukraine;;03;7306;;;2206;142;152;Europe/Kyiv;2022-10-27;Ukraine;48.25521, 26.16782
505257;Urzuf;Urzuf;Ourzouf,Owrzuf,Primorskoye,Ursuf,Urzuf,Urzufa,Urzufskiye,Zelenoye,wu er zu fu,Урзуф,Ուրզուֆ,烏爾祖夫;P;PPL;UA;Ukraine;;05;1414;;;2904;;6;Europe/Kyiv;2022-10-27;Ukraine;46.91495, 37.10426
686875;Zolotonosha;Zolotonosha;Solotonoscha,Zolotonocha,Zolotonosa,Zolotonosha,Zolotonoša,zʼlʼtʼnʼsʼ,Золотоноша,זאלאטאנאשא;P;PPLA2;UA;Ukraine;;01;7104;;;27818;99;96;Europe/Kyiv;2023-08-26;Ukraine;49.66926, 32.03637
686924;Mostove;Mostove;Mostove,Mostovoe,Mostové,Мостове,Мостовое;P;PPL;UA;Ukraine;;16;4804;;;2008;55;27;Europe/Kyiv;2022-10-27;Ukraine;47.4179, 30.99232
686967;Zhytomyr;Zhytomyr;Jitomir,Jytomyr,Jytómyr,Jîtomîr,Jıtomır,Schytomyr,Shitomir,ZTR,Zhitomir,Zhitomiru,Zhytomir,Zhytomyr,Zitomir,Zitomiria,Zjytomyr,Zotomor,Zsitomir,Zytomierz,Zytomyr,Zytomyras,jitomileu,jitomuiru,jytwmyr,ri tuo mi er,z'ytwmyr,zhytwmyr,Ĵitomir,Żytomierz,Žitomir,Žytomyr,Žytomyras,Žõtomõr,Житомир,Житомиръ,Жытомир,Жытомір,Ժիտոմիր,ז'יטומיר,זשיטאמיר,جيتومير,ژیتومیر,ჟიტომირი,ジトームィル,日托米尔,지토미르;P;PPLA;UA;Ukraine;;27;1804;;;261624;;228;Europe/Kyiv;2023-01-22;Ukraine;50.26487, 28.67669
687526;Zavallya;Zavallya;Zaval'e,Zavallia,Zavallja,Завалля,Завалье;P;PPL;UA;Ukraine;;10;3502;;;4623;150;155;Europe/Kyiv;2022-10-27;Ukraine;48.21674, 30.01741
687556;Karolino-Buhaz;Karolino-Buhaz;Bugaz,Kar'yer Devyatnadtsat' Kilometrov,Karalino Bugaz,Karolino-Bugaz,Karolino-Buhaz,Kar’yer Devyatnadtsat’ Kilometrov,Zatoka,Каролино-Бугаз,Кароліно-Бугаз;P;PPL;UA;Ukraine;;17;5104;;;2241;22;10;Europe/Kyiv;2022-10-27;Ukraine;46.14993, 30.54124
687872;Zahvizdia;Zahvizdia;Sahwisdja,Zagvizda,Zagvizdja,Zagvozd'e,Zagvozd'ye,Zagvozd’ye,Zagvuz'dzh,Zagvuz’dzh,Zagwozdz,Zagwóźdź,Zahvizdea,Zahvizdia,Zahvizdja,Zahvizdya,Zаhvіzdja,zha he wei ci jia,Загвоздье,Загвіздя,扎赫维兹佳;P;PPL;UA;Ukraine;;06;2604;;;3546;;255;Europe/Kyiv;2022-10-27;Ukraine;48.92266, 24.66356
688309;Yats’kivka;Yats'kivka;Yats'kivka,Yatskovka,Yatskovo,Yats’kivka;P;PPLA3;UA;Ukraine;;05;1412;;;0;;85;Europe/Kyiv;2023-04-05;Ukraine;49.17996, 37.52379
688717;Vyshkovo;Vyshkovo;Vascova,Vishkovo,Visk,Vychkovo,Vyshkovo,Vășcova,Вишково,Вышково;P;PPL;UA;Ukraine;;25;2112;;;8243;200;192;Europe/Kyiv;2022-12-13;Ukraine;48.04885, 23.41986
689460;Vysunsk;Vysunsk;Visuns'k,Visunsk,Vyssounsk,Vysunsk,Висунск,Висунськ;P;PPL;UA;Ukraine;;16;4802;;;2191;26;18;Europe/Kyiv;2022-10-27;Ukraine;47.26105, 32.82324
690509;Valky;Valky;Valki,Valky,Валки;P;PPL;UA;Ukraine;;07;6302;;;10381;;138;Europe/Kyiv;2022-10-27;Ukraine;49.83597, 35.61223
690890;Tynne;Tynne;Tinne,Tynne,Tynnoye,Тинне;P;PPL;UA;Ukraine;;19;5606;;;4123;;216;Europe/Kyiv;2022-10-27;Ukraine;50.60145, 26.18486
691149;Tsebrykove;Tsebrykove;Cebrikove,Hoffnungstal,Tsebrikovo,Tsebrykove,Tsébrykové,Zebrykowed,Цебрикове;P;PPL;UA;Ukraine;;17;5114;;;2806;38;38;Europe/Kyiv;2022-10-27;Ukraine;47.1464, 30.10787
691230;Troyitske;Troyitske;Svyato-Troitskoye,Troic'ke,Troitske,Troïtské,Volkhonskoye,Троїцьке;P;PPL;UA;Ukraine;;17;5112;;;2314;52;53;Europe/Kyiv;2022-10-27;Ukraine;47.6394, 30.29025
691693;Terebovlia;Terebovlia;Terebovlia,Terebovlja,Trembowla,Térébovlia,Теребовля;P;PPLA2;UA;Ukraine;;22;6104;;;13425;262;266;Europe/Kyiv;2022-12-24;Ukraine;49.29967, 25.68886
691915;Tarakaniv;Tarakaniv;Tarakaniv,Tarakanov,Tarakanuv,Тараканов,Тараканів;P;PPL;UA;Ukraine;;19;5604;;;1634;197;204;Europe/Kyiv;2022-10-27;Ukraine;50.37961, 25.70843
692129;Svalyava;Svalyava;Svalava,Svaleava,Svaliava,Svaljava,Svaľava,Swalawa,Swaljawa,Szolyva,Свалява;P;PPL;UA;Ukraine;;25;2104;;;17068;204;203;Europe/Kyiv;2023-04-30;Ukraine;48.54735, 22.98673
692254;Sukhodilsk;Sukhodilsk;Sukhodil's'k,Sukhodilsk,Sukhodil’s’k,Sukhodol'sk,Sukhodol’sk,Суходільськ;P;PPL;UA;Ukraine;;14;4404;;;20390;;201;Europe/Kyiv;2023-11-23;Ukraine;48.35022, 39.72698
692657;Stavkove;Stavkove;Khutor Veysovka,Stavkove,Stavkovoye,Stavkovyy,Veysovka,Ставкове;P;PPL;UA;Ukraine;;17;5102;;;1026;115;114;Europe/Kyiv;2022-10-27;Ukraine;47.17961, 30.63545
692747;Stari Broskivtsi;Stari Broskivtsi;Broscautii Vechi,Broscăuții Vechi,Stari Broskivci,Stari Broskivtsi,Starye Broskovcy,Старые Бросковцы,Старі Бросківці;P;PPL;UA;Ukraine;;03;7306;;;2503;260;261;Europe/Kyiv;2022-10-27;Ukraine;48.23912, 25.74668
694369;Shalyhyne;Shalyhyne;Chalyhyne,Saligine,Saligino,Salihine,Salyhyne,Schalyhyne,Shalgino,Shaligine,Shalygino,Shalygyneh,Shalyhyne,Shul'gino,Shul’gino,Szalyhyne,Szałyhyne,sha li xi nei,Şalıgıne,Šalyhyne,Șalîhîne,Шалигине,Шалыгино,Шалыгынэ,Շալիգինո,沙利希内;P;PPL;UA;Ukraine;;21;5910;;;3031;;160;Europe/Kyiv;2022-10-27;Ukraine;51.57167, 34.12167
694403;Siversk;Siversk;Seversk,Sivers'k,Siversk,Sivers’k,Yama,Северск,Сіверськ;P;PPL;UA;Ukraine;;05;1402;;;10875;;90;Europe/Kyiv;2023-05-02;Ukraine;48.86588, 38.09779
694495;Serebryanka;Serebryanka;Oktjabr'dorf,Serebrjanka,Serebryanka,Октябрьдо́рф,Серебрянка;P;PPLA3;UA;Ukraine;;11;0114;11153038;;833;94;95;Europe/Simferopol;2022-10-27;Ukraine;45.63937, 33.49632
694752;Savyntsi;Savyntsi;Savinci,Savincy,Savintsi,Savintsy,Savynci,Savyntsi,Savıntsi,Sawinzy,Sawynci,Sawynzi,Sàvintsi,sa wen qi,Σάβιντσι,Савинцы,Савинці,Савынці,Սավինցի,薩溫齊;P;PPL;UA;Ukraine;;07;6304;;;5326;;106;Europe/Kyiv;2022-10-27;Ukraine;49.40505, 37.05517
695469;Romashkino;Romashkino;Ikor,Romashkine,Romashkino,Sokur-Koj,Ико́р,Ромашкине,Ромашкино,Соку́р-Кой;P;PPLA3;UA;Ukraine;;11;0108;11153104;;1427;38;38;Europe/Simferopol;2022-10-27;Ukraine;45.25647, 33.25517
697637;Pereiaslav;Pereiaslav;Pereiaslav,Perejaslav,Perejaslavl',Perejaslaw,Perejaslawl,Pereyaslav,Переяслав,Переяславль;P;PPL;UA;Ukraine;;13;3204;;;26273;;88;Europe/Kyiv;2023-08-28;Ukraine;50.06739, 31.44969
697676;Peresichna;Peresichna;Peresechnaja,Peresechnaya,Peresechnoye,Peresichna,Пересечная,Пересічна;P;PPL;UA;Ukraine;;07;6312;;;6894;;121;Europe/Kyiv;2022-10-27;Ukraine;50.02452, 35.97871
697802;Pechenizhyn;Pechenizhyn;Pecenijin,Pecenijîn,Pecenizin,Pecenizyn,Pechenezhin,Pechenizhyn,Peczenizyn,Peczeniżyn,Pehchehnizhyn,Petchenijyn,Petjenizjyn,Petschenischyn,Peçenijın,Pečenižyn,Pétchénijyn,pei qie ni ren,pz'nyz'yn,Печенежин,Печеніжин,Пэчэнижын,Пэчэніжын,פעטשיניזשין,פצ'ניז'ין,佩切尼任;P;PPL;UA;Ukraine;;06;2608;;;5240;319;332;Europe/Kyiv;2022-10-27;Ukraine;48.51668, 24.88317
698235;Ostrytsya;Ostrytsya;Ostrica,Ostricja,Ostrita,Ostrița,Ostrytsia,Острица,Остриця;P;PPL;UA;Ukraine;;03;7306;;;3986;196;180;Europe/Kyiv;2022-10-27;Ukraine;48.25792, 26.05186
699185;Novoselivka;Novoselivka;Novoselivka,Novoselovka,Новоселовка;P;PPLA3;UA;Ukraine;;05;1412;;;0;;103;Europe/Kyiv;2022-10-27;Ukraine;49.0701, 37.69517
699217;Novoselivka;Novoselivka;Enichioi,Enikioj,Novoselivka,Novosjolovka,Novosselivka,Novossélivka,Yenikueue,Yeniküü,xin xie li fu ka,Єнікіой,Новоселівка,Новосёловка,新謝利夫卡;P;PPL;UA;Ukraine;;17;5108;;;1647;14;20;Europe/Kyiv;2022-10-27;Ukraine;45.67576, 29.26511
699746;Novytsia;Novytsia;Novica,Novicja,Novitea,Novitsa,Novytsia,Novytsja,Novytsya,Novîțea,Nowica,Nowyzja,Nоvytsja,nuo wei cha,Новица,Новиця,诺维察;P;PPL;UA;Ukraine;;06;2606;;;3564;;320;Europe/Kyiv;2022-10-27;Ukraine;48.96075, 24.33312
699882;Nova Borova;Nova Borova;Bobryk Nowy,Nava Barava,Nova Borova,Novaja Borovaja,Novaya Borovaya,Novaya Borovaya Rudnya,Novi Borovi,Nowa Borowa,Yangi Borova,xin bo luo wa,Νοβά Μποροβά,Нава Барава,Нова Борова,Новая Боровая,Нови Борови,Նովայա Բորովայա,新博羅瓦;P;PPL;UA;Ukraine;;27;1804;;;5494;;192;Europe/Kyiv;2022-10-27;Ukraine;50.69296, 28.63446
699942;Nizhyn;Nizhyn;Neshin,Nezhin,Nezhyn,Nezin,Niezyn,Nieżyn,Nijin,Nijino,Nijyn,Nijîn,Nijın,Nischyn,Nizhin,Nizhyn,Nizin,Nizjyn,Nizon,Nizyn,Nizynas,Niĵino,Nižin,Nižyn,Nižynas,Nižõn,nie ren,nyzhyn,Нежин,Нежын,Нижин,Ніжин,Нїжин,Նեժին,نیژین,涅任;P;PPLA2;UA;Ukraine;;02;7404;;;66983;;128;Europe/Kyiv;2023-01-22;Ukraine;51.04801, 31.88688
700119;Mykolaivka;Mykolaivka;Mikolaiv,Mikolaivka,Mykolaiv,Mykolaivka,Mykolayivka,Nikolaevka,Nikolayev,Nikolayevka,Миколаїв,Миколаївка,Николаевка;P;PPL;UA;Ukraine;;05;1412;;;14210;;107;Europe/Kyiv;2023-11-23;Ukraine;48.85461, 37.7728
700432;Nasypnoe;Nasypnoe;Nasipne,Nasypkoj,Nasypnoe,Nasypnoye,Насипне,Насыпко́й,Насыпное;P;PPL;UA;Ukraine;;11;0118;;;1581;64;45;Europe/Simferopol;2022-10-27;Ukraine;45.05285, 35.29415
700978;Mityayevo;Mityayevo;Mitjaeve,Mitjaevo,Mityayevo,Novyj Karagurt,Митяево,Митяєве,Но́вый Карагу́рт;P;PPLA3;UA;Ukraine;;11;0108;11153096;;2085;28;29;Europe/Simferopol;2022-10-27;Ukraine;45.23423, 33.7015
702507;Lysa Hora;Lysa Hora;Lisa Gora,Lysa Hora,Lysaja Gora,Lysaya Gora,Lyssa Hora,Лиса Гора,Лысая Гора;P;PPL;UA;Ukraine;;16;4808;;;4502;106;104;Europe/Kyiv;2022-10-27;Ukraine;48.17059, 31.10994
702723;Lubny;Lubny;Loubny,Lubnai,Lubni,Lubnie,Lubny,Lubnî,Lubnı,lu bu ni,lubni,lwbny,Łubnie,Лубни,Лубны,Լուբնի,לובני,لوبنی,ლუბნი,盧布尼;P;PPLA2;UA;Ukraine;;18;5304;;;44595;158;157;Europe/Kyiv;2023-01-23;Ukraine;50.01413, 32.99975
702844;Lopatyn;Lopatyn;Lopatin,Lopatyn,Łopatyn,Лопатин;P;PPL;UA;Ukraine;;15;4612;;;3418;;216;Europe/Kyiv;2022-12-23;Ukraine;50.22022, 24.84831
704106;Krest’yanovka;Krest'yanovka;Krest'janovka,Krest'yanovka,Krestjanivka,Krest’yanovka,Larindorf,Крестьяновка,Крестянівка,Лариндо́рф;P;PPLA3;UA;Ukraine;;11;0112;11152998;;1450;25;29;Europe/Simferopol;2022-10-27;Ukraine;45.72268, 33.93938
704525;Kozova;Kozova;Kozova,Kozowa,Козова;P;PPLA2;UA;Ukraine;;22;6104;;;8989;355;369;Europe/Kyiv;2022-10-27;Ukraine;49.43206, 25.14547
705156;Kinetspil;Kinetspil;Kinec'pil',Kinets'pil',Kinetspil,Kinets’pil’,Konecpol',Konetspol',Konetspol’,Конецполь,Кінецьпіль;P;PPL;UA;Ukraine;;16;4808;;;3518;78;79;Europe/Kyiv;2022-10-27;Ukraine;48.00426, 30.78659
707244;Kakhovka;Kakhovka;Kachovka,Kachowka,Kahovka,Kajovka,Kakhovka,Kaxovka,ka huo fu ka,kakhwfka,Каховка,Կախովկա,کاخوفکا,კახოვკა,卡霍夫卡;P;PPLA2;UA;Ukraine;;08;6506;;;35983;29;28;Europe/Kyiv;2023-06-11;Ukraine;46.81601, 33.47862
707299;Izvaryne;Izvaryne;Iswaryne,Izvarine,Izvarino,Izvarone,Izvaryne,Izvarîne,Izvarõne,Izvorino,Izvàrine,Izvárine,Izwaryne,yi zi wa li nie,İzvarıne,Ιζβαρύνε,Ізварине,Изварино,Իզվարինո,伊茲瓦里涅;P;PPL;UA;Ukraine;;14;4404;;;1560;;116;Europe/Kyiv;2023-05-02;Ukraine;48.28696, 39.89428
707752;Horodok;Horodok;Gorodok,Horodok,Городок;P;PPLA2;UA;Ukraine;;09;6804;;;16046;285;258;Europe/Kyiv;2022-10-27;Ukraine;49.17209, 26.56357
708380;Horodenka;Horodenka;Gorodenka,Horodenka,Городенка;P;PPL;UA;Ukraine;;06;2608;;;8812;280;282;Europe/Kyiv;2023-05-02;Ukraine;48.669, 25.5033
709112;Foros;Foros;Foros,Foroso,Phoros,fu luo si,Форос,Ֆորոս,福羅斯;P;PPL;UA;Ukraine;;11;0120;;;1844;32;67;Europe/Simferopol;2022-10-27;Ukraine;44.39312, 33.78816
709275;Buran;Buran;Bouran,Buran,Engel'sove,Engel'sovo,Engel’sovo,Enhelsove,Shakhta Imeni Engel'sa,Shakhta Imeni Engel’sa,bu lan,yan ge li suo wei,Буран,Енгельсове,布蘭,延格利索韋;P;PPL;UA;Ukraine;;14;4406;;;1023;;172;Europe/Kyiv;2022-12-13;Ukraine;48.30003, 39.61526
709789;Dolinnoye;Dolinnoye;Dolinne,Dolinnoe,Dolinnoye,Topchikoj,Долинне,Долинное,Топчико́й;P;PPLA3;UA;Ukraine;;11;0102;11152808;;1551;127;104;Europe/Simferopol;2022-10-27;Ukraine;44.7532, 33.77766
709808;Dovhe;Dovhe;Dolga,Dolgoye,Dolha,Dovge,Dovhe,Довге;P;PPL;UA;Ukraine;;25;2112;;;6541;;173;Europe/Kyiv;2022-12-13;Ukraine;48.36504, 23.28029
709916;Dobrooleksandrivka;Dobrooleksandrivka;Aleksandrogil'f,Aleksandrogil’f,Dobroaleksandrovka,Dobrooleksandrivka,Доброолександрівка;P;PPL;UA;Ukraine;;17;5110;;;1886;17;16;Europe/Kyiv;2022-10-27;Ukraine;46.33747, 30.48784
710652;Cherniatyn;Cherniatyn;Cherniatyn,Chernjatin,Chernyatin,Chernyatyn,Czerniatyn,Чернятин;P;PPL;UA;Ukraine;;06;2608;;;3046;;295;Europe/Kyiv;2022-10-27;Ukraine;48.66034, 25.44832
710715;Chornobaivka;Chornobaivka;Cernobayevka,Charnabaiuka,Chernoayevka,Chernobaevka,Chernobaevkae,Chernobayevka,Chernovayevka,Chornobaivka,Chornobajivka,Chornobayivka,Ciornobaiivka,Cornobaivka,Cornobajivka,Czornobajiwka,Tchornobaivka,Tchornobaïvka,Tschornobajiwka,Tsjornobajivka,Tsornobajivka,Txornobaivka,Txornobaїvka,Tšornobajivka,Tšоrnоbаjivkа,chorunobaiivuka,qiao er nuo ba yi fu ka,Çernobayevka,Ĉornobajivka,Čornobajivka,Čornobaïvka,Чарнабаіўка,Чернобаевкæ,Чернобаевка,Чорнобаївка,Чорнобајивка,ჩორნობაივკა,チョルノバイイヴカ,乔尔诺巴伊夫卡;P;PPL;UA;Ukraine;;08;6510;;;8954;;34;Europe/Kyiv;2022-10-27;Ukraine;46.69641, 32.5471
710951;Chapayevka;Chapayevka;Chapaevka,Chapayevka,Cherkez-Tobaj,Чапаевка,Чапаєвка,Черке́з-Тоба́й;P;PPLA3;UA;Ukraine;;11;0118;11153130;;930;35;38;Europe/Simferopol;2022-10-27;Ukraine;45.28119, 34.89428
712430;Berehomet;Berehomet;Barhumet,Beregomet,Berehomet,Bergomet,Berhomet,Berhomet pe Siret,Berhomete pe Siret,Berhometh am Sereth,Berkhomet,Béréhomet,Берегомет;P;PPL;UA;Ukraine;;03;7302;;;7583;467;463;Europe/Kyiv;2023-03-23;Ukraine;48.17148, 25.33032
712732;Trudovoye;Trudovoye;Bajgel'dy,Trudove,Trudovoe,Trudovoye,Байгельды́,Трудове,Трудовое;P;PPL;UA;Ukraine;;11;0108;11153093;;1423;25;23;Europe/Simferopol;2022-10-27;Ukraine;45.23797, 33.75836
712745;Barturyn;Barturyn;Barturin,Barturyn,Batouryn,Baturin,Baturina,Baturinum,Baturyn,Baturynas,Baturîn,Baturın,ba tu lin,batouruin,batulin,batwryn,Бартурин,Батурин,Բատուրին,باتورين,باتورین,ბატურინი,バトゥールィン,巴圖林,바투린;P;PPL;UA;Ukraine;;02;7404;;;2406;;145;Europe/Kyiv;2023-04-30;Ukraine;51.34567, 32.87794
712887;Balovne;Balovne;Balovne,Balovnoe,Balovné,Баловне,Баловное;P;PPL;UA;Ukraine;;16;4806;;;2792;27;18;Europe/Kyiv;2022-10-27;Ukraine;47.05111, 31.88617
863710;Sterche;Sterche;Starcea,Sterche,Stârcea,Стерче;P;PPL;UA;Ukraine;;03;7306;;;1231;349;351;Europe/Kyiv;2022-10-27;Ukraine;48.0321, 26.03533
6931023;Orzhiv;Orzhiv;Orzhiv,Оржів;P;PPL;UA;Ukraine;;19;5606;;;4125;;203;Europe/Kyiv;2022-10-27;Ukraine;50.8, 26.12
6957910;Rovnoye;Rovnoye;Karasan,Rivne,Rovnoe,Rovnoye,Караса́н,Ровное,Рівне;P;PPLA3;UA;Ukraine;;11;0112;11152927;;1399;53;55;Europe/Simferopol;2022-10-27;Ukraine;45.35134, 34.3523
6997414;Kostochkovka;Kostochkovka;Ehshkene,Kistochkivka,Kostochkovka,Косточковка,Кісточківка,Эшкене́;P;PPLA3;UA;Ukraine;;11;0104;11152971;;892;48;51;Europe/Simferopol;2022-10-27;Ukraine;45.31747, 34.67418
7039154;Novofedorovka;Novofedorovka;Novofedorivka,Novofedorovka,Novofjodorovka,Новофедорівка,Новофёдоровка;P;PPLA3;UA;Ukraine;;11;0108;11153099;;5651;;7;Europe/Simferopol;2022-10-27;Ukraine;45.09473, 33.57211
8468687;Kulykiv;Kulykiv;Kulikiv,Kulikov,Kulikow,Kulików,Куликов,Куликів;P;PPL;UA;Ukraine;;15;4606;;;3963;;258;Europe/Kyiv;2022-10-27;Ukraine;49.97954, 24.07817
10048831;Brytivka;Brytivka;Britivka,Britovka,Brytivka,Oleksandrtal',Papusoi,Papuszoi,Păpușoi,bu li ji fu ka,Бритівка,Олександрталь,布里季夫卡;P;PPL;UA;Ukraine;;17;5104;;;2818;50;44;Europe/Kyiv;2022-10-27;Ukraine;46.17409, 30.28009
11204631;Yarkoye Pole;Yarkoye Pole;Jarke Pole,Jarkoe Pole,Krasnyj Terchek,Yarkoye Pole,Кра́сный Терче́к,Ярке Поле,Яркое Поле;P;PPLA3;UA;Ukraine;;11;0118;11152903;;4914;30;30;Europe/Simferopol;2022-10-27;Ukraine;45.20581, 35.19848
12156558;Pervomayske;Pervomayske;Pervomaiske,Pervomajs'ke,Pervomajskoe,Pervomaïské,Первомайское,Первомайське;P;PPL;UA;Ukraine;;16;4806;;;2763;15;56;Europe/Kyiv;2022-10-27;Ukraine;47.04274, 32.43996
708569;Holovyne;Holovyne;Galavyneh,Golovin,Golovine,Golovino,Golovıne,Holovine,Holovyne,Holovîne,Holowin,Holowyne,Hołowin,huo luo wei nei,hwlwfyny,Галавынэ,Головине,Головино,Գոլովինո,هولوفيني,霍洛维内;P;PPL;UA;Ukraine;;27;1804;;;1785;;205;Europe/Kyiv;2022-10-27;Ukraine;50.47118, 28.8253
708663;Hnivan;Hnivan;Gnivan',Hnivan,Гнивань,Гнівань;P;PPL;UA;Ukraine;;23;0502;;;12191;245;249;Europe/Kyiv;2023-05-01;Ukraine;49.0939, 28.33785
709054;Hadyach;Hadyach;Gadjach,Hadiach,Hadiatch,Hadjac,Hadjatsch,Hadjač,Hadyach,Hadziacz,Гадяч;P;PPLA2;UA;Ukraine;;18;5306;;;23480;144;151;Europe/Kyiv;2023-09-02;Ukraine;50.36912, 33.997
709276;Enerhodar;Enerhodar;Ehnergodar,Energodar,Enerhodar,Énerhodar,Енергодар,Энергодар;P;PPL;UA;Ukraine;;26;2304;;;52887;29;22;Europe/Kyiv;2023-04-30;Ukraine;47.49048, 34.66199
709755;Dolyna;Dolyna;Dalyna,Dolina,Dolyna,Dolîna,Dolına,dolina,duo li na,dwlyna,dwlynh,Далына,Долина,Դոլինա,דאלינע,דולינה,دولينا,دولینا,დოლინა,多利納;P;PPL;UA;Ukraine;;06;2606;;;20417;373;466;Europe/Kyiv;2023-04-30;Ukraine;48.97158, 23.96558
710024;Dyviziya;Dyviziya;Devedzhi,Dewedgi,Divizia,Divizija,Dyviziia,Dyviziïa,Dywisija,ji wei ji ya,Деведжи,Дивизия,Дивізія,季維濟亞;P;PPL;UA;Ukraine;;17;5104;;;2078;9;11;Europe/Kyiv;2022-10-27;Ukraine;45.94382, 29.96516
710214;Dihtiari;Dihtiari;Degtjari,Degtyari,Degtyary,Digtjari,Dihtiari,Dihtyari,Дегтяри,Дігтярі;P;PPL;UA;Ukraine;;02;7408;;;1289;;115;Europe/Kyiv;2022-10-27;Ukraine;50.58264, 32.77012
710250;Davydivtsi;Davydivtsi;Davidesti,Davidești,Davidivci,Davydivtsi,Davydovcy,Давидівці,Давыдовцы;P;PPL;UA;Ukraine;;03;7306;;;1107;238;266;Europe/Kyiv;2022-10-27;Ukraine;48.48756, 25.70811
710905;Chaykino;Chaykino;Chajkine,Chajkino,Chaykino,Chujke,Чайкине,Чайкино,Чуйке́;P;PPL;UA;Ukraine;;11;0116;11152616;;1051;150;166;Europe/Simferopol;2022-10-27;Ukraine;45.08223, 34.08673
710940;Slobozhanske;Slobozhanske;Chapaehve,Chapaeve,Chapaevo,Chapayeve,Chapayevo,Slobozhans'ke,Slobozhanske,Слобожанське,Чапаево,Чапаэве,Чапаєве;P;PPL;UA;Ukraine;;07;6306;;;2800;;166;Europe/Kyiv;2022-10-27;Ukraine;49.36693, 35.86944
711023;Chernyshevo;Chernyshevo;Chernishove,Chernyshevo,Oguz-Oglu,Огу́з-Оглу́,Чернишове,Чернышево;P;PPLA3;UA;Ukraine;;11;0114;11153041;;1866;13;13;Europe/Simferopol;2022-10-27;Ukraine;45.78202, 33.42825
711999;Bobrovytsia;Bobrovytsia;Bobrovica,Bobrovicja,Bobrovisty,Bobrovitsa,Bobrovitsy,Bobrovytsia,Bobrovytsya,Бобровица,Бобровиця;P;PPL;UA;Ukraine;;02;7404;;;10541;;131;Europe/Kyiv;2023-11-23;Ukraine;50.74693, 31.3948
712041;Blyzniuky;Blyzniuky;Blisnezy,Bliznetsy,Blizniuki,Blizniukí,Bliznjuki,Bliznueki,Bliznyuki,Blysnjuky,Blyzniouky,Blyzniuky,Blyznjuky,Blyznuky,Blyznyuky,Blyzňuky,Blıznükı,Błyzniuky,Staryye Bliznetsy,bu li zi niu ji,Близнюки,Блызнюкы,Բլիզնյուկի,布利茲紐基;P;PPL;UA;Ukraine;;07;6310;;;3467;;184;Europe/Kyiv;2023-05-01;Ukraine;48.85655, 36.55331
712165;Bila Tserkva;Bila Tserkva;Belaja Carkva,Belaja Cerkov',Belaja Zerkow,Belaya Tserkov',Belaya Tserkov’,Belaya serkov,Biala Cerkiew,Biała Cerkiew,Bila Cerkva,Bila Cerkwa,Bila Terkva,Bila Tserkva,Bila Zerkwa,Bila Țerkva,Shura Chirku,bai cai er ke wei,belaia-tserkʼovi,billacheleukeuba,byla tsrkfa,byla tsyrkfa,bylh zrqwwh,sdh lbn,Белая Царква,Белая Церковь,Била Церква,Біла Церква,Шурă Чиркӳ,Բելայա Ցերկով,בילה צרקווה,שדה לבן,שווארצע טומאה,بيلا تسيركفا,بیلا تسرکفا,ბელაია-ცერკოვი,ビーラ・ツェールクヴァ,白采尔科维,빌라체르크바;P;PPLA2;UA;Ukraine;;13;3202;;;207273;;174;Europe/Kyiv;2023-01-22;Ukraine;49.8004, 30.12851
712374;Berezhany;Berezhany;Berejani,Berejany,Bereschany,Berezany,Berezhani,Berezhany,Berezjany,Berežany,Brzezany,Brzeżany,Béréjany,Бережани,Бережаны;P;PPLA2;UA;Ukraine;;22;6104;;;17697;297;276;Europe/Kyiv;2022-10-27;Ukraine;49.44578, 24.93686
712427;Beregovoye;Beregovoye;Beregove,Beregovoe,Beregovoye,Koronel',Берегове,Береговое,Коронель;P;PPL;UA;Ukraine;;11;0118;;;2377;5;7;Europe/Simferopol;2022-10-27;Ukraine;45.0947, 35.43385
712471;Belz;Belz;Bele,Bels,Belsk,Belz,Belza,Belzas,Belzec,Bełsk,Bełz,bei er zi,belzi,beruzu,blz,bylz,Белз,Բելզ,בלז,بلز,بيلز,ბელზი,ベルズ,貝爾茲;P;PPL;UA;Ukraine;;15;4612;;;2191;;200;Europe/Kyiv;2023-05-01;Ukraine;50.38226, 24.00642
712613;Bilytske;Bilytske;Belickoe,Belitskoye,Bilic'ke,Bilyts'ke,Bilytske,Bilyts’ke,Khutor Belitskiy,Белицкое,Білицьке;P;PPL;UA;Ukraine;;05;1416;;;7764;;193;Europe/Kyiv;2023-05-03;Ukraine;48.40642, 37.18111
712774;Bashtankiv;Bashtankiv;Bachtankiv,Bashtankiv,Bashtankov,Bashtankovo,Beshtankov,Баштанків;P;PPL;UA;Ukraine;;17;5112;;;1425;210;215;Europe/Kyiv;2022-10-27;Ukraine;48.10641, 29.00075
713304;Antonivka;Antonivka;Antonivka,Antonovka,Антоновка,Антонівка;P;PPL;UA;Ukraine;;08;6510;;;12777;9;16;Europe/Kyiv;2022-10-27;Ukraine;46.67666, 32.73061
713685;Oleksandrivka;Oleksandrivka;Aleksandrovka,Oleksandrivka,Satalac-Hagi,Satalik-Khadzhi,Sataluk Khadzhi,Satalâc-Hagi,Satilik Haci,Satılık Hacı,ao lie ke sang de li fu ka,Александровка,Олександрівка,Саталик-Хаджі,Саталък Хаджи,奧列克桑德里夫卡;P;PPL;UA;Ukraine;;17;5106;;;2457;75;77;Europe/Kyiv;2022-10-27;Ukraine;45.89067, 28.94747
7026739;Chernovo;Chernovo;Chernove,Chernovo,Frajdorf,Фрайдорф,Чернове,Черново;P;PPLA3;UA;Ukraine;;11;0112;11153021;;843;39;41;Europe/Simferopol;2022-10-27;Ukraine;45.50833, 33.93397
7026869;Bratskoye;Bratskoye;Brats'ke,Bratskoe,Bratskoye,Jalantush,Staryj Jalantash,Братское,Братське,Ста́рый Яла́нташ,Яланту́ш;P;PPLA3;UA;Ukraine;;11;0114;11152946;;1005;10;12;Europe/Simferopol;2022-10-27;Ukraine;45.8317, 33.92151
7040068;Polyushko;Polyushko;Poljushko,Polyushko,Полюшко;P;PPL;UA;Ukraine;;20;700468;11153383;;1951;23;33;Europe/Simferopol;2016-05-23;Ukraine;44.74219, 33.58913
8468653;Kremidivka;Kremidivka;Kremidivka,Kremidovka,Kremydivka,Krémydivka,Кремидовка,Кремидівка;P;PPL;UA;Ukraine;;17;5110;;;2533;76;75;Europe/Kyiv;2022-10-27;Ukraine;46.73351, 30.78472
8521509;Kirove;Kirove;Kirovo,Кирово;P;PPL;UA;Ukraine;;13;3204;;;1605;;103;Europe/Kyiv;2022-10-27;Ukraine;50.3689, 31.12066
9997560;Maiory;Maiory;Maiori,Maiory,Maiorî,Majori,Majory,Mayory,ma yue li,Майори,Майоры,馬約里;P;PPL;UA;Ukraine;;17;5110;;;1414;101;100;Europe/Kyiv;2022-10-27;Ukraine;46.53796, 30.28125
11566276;Mykolayivske;Mykolayivske;Mikolaivs'ke,Mykolaivske,Mykolaïvské,Nikolaevskoe,Миколаївське,Николаевское;P;PPL;UA;Ukraine;;16;4806;;;1006;53;51;Europe/Kyiv;2022-10-27;Ukraine;46.92924, 32.1256
687093;Zhovkva;Zhovkva;Nesterov,Schowkwa,Zholkev,Zholkva,Zhovkva,Zhulkev,Zolkiew,Zovkva,joukeuba,joukuvua,z'wbqbh,Żółkiew,Žovkva,Жовква,Жолква,ז'ובקבה,ジョウクヴァ,조우크바;P;PPL;UA;Ukraine;;15;4606;;;13852;;232;Europe/Kyiv;2023-11-23;Ukraine;50.05825, 23.9726
687170;Zherebkove;Zherebkove;Sherebkovo,Zherebkove,Zherebkovo,Жеребкове;P;PPL;UA;Ukraine;;17;5112;;;1967;206;206;Europe/Kyiv;2022-10-27;Ukraine;47.84021, 29.87475
687997;Yuzhne;Yuzhne;Juschne,Juzhne,Juzhnoe,Juzne,Južne,Youjne,Youjné,Yuzhne,Южне,Южное;P;PPL;UA;Ukraine;;17;5110;;;32677;34;32;Europe/Kyiv;2023-06-12;Ukraine;46.62472, 31.10182
688503;Yampil;Yampil;Jampil',Jampol,Jampol',Januszpol,Yampil,Ямполь,Ямпіль;P;PPL;UA;Ukraine;;09;6806;;;1873;227;247;Europe/Kyiv;2022-12-26;Ukraine;49.96195, 26.23867
689003;Voronovytsya;Voronovytsya;Voronovica,Voronovicja,Voronovytsia,Вороновица,Вороновиця;P;PPL;UA;Ukraine;;23;0502;;;6516;245;274;Europe/Kyiv;2022-10-27;Ukraine;49.10903, 28.68681
689374;Vladislavovka;Vladislavovka;Novo-Vladivoslovka,Oj-Kuju,Oy Quyu,Vladislavivka,Vladislavovka,Владиславовка,Владиславівка,Ой-Кую́;P;PPLA3;UA;Ukraine;;11;0118;11152892;;3324;34;39;Europe/Simferopol;2022-10-27;Ukraine;45.16654, 35.37268
689434;Vyzhnytsya;Vyzhnytsya;Vijnita,Vijniţa,Visnita,Vizhnica,Vizhnicja,Vizhnitsa,Viznits,Vișnița,Vyjnytsia,Wischnitza,Wiznitz,Wyznica,Wyżnica,wwyzsnyz‎,wyz'nyz,Вижница,Вижниця,וויזשניץ‎,ויז'ניץ;P;PPLA2;UA;Ukraine;;03;7302;;;3976;356;338;Europe/Kyiv;2022-10-27;Ukraine;48.24482, 25.18112
689717;Veselynove;Veselynove;Vehsehlynaveh,Veselinove,Veselinovo,Veselynove,Veselînove,Veselınove,Vesselynove,Vessélynové,Weselynowe,Wesełynowe,Wesselynowe,fysylynwfy,fysylynwfy  mykwlayyfska,wei sai li nuo wei,Веселинове,Веселиново,Вэсэлынавэ,فيسيلينوفى,فيسيلينوفي، ميكولاييفسكا,韦塞利诺韦;P;PPL;UA;Ukraine;;16;4804;;;5785;17;20;Europe/Kyiv;2023-01-22;Ukraine;47.35688, 31.23219
690679;Nyzhni Petrivtsi;Nyzhni Petrivtsi;Nizhni Petrivci,Nizhnie Petrovcy,Nizhniye Petrovtsy,Nyjni Petrivtsi,Nyschni Petriwzi,Nyzhni Pehtryuci,Nyzhni Petrivtsi,Nyzjni Petrivtsi,Nyzni Petrivtsi,Nyžnі Pеtrіvtsі,Patrautii de Jos,Piotrowce Dolne,Pătrăuții de Jos,Unter-Petrouts,Нижние Петровцы,Нижні Петрівці,Ныжні Пэтрыўці,Նիժնիե Պետրովցի;P;PPL;UA;Ukraine;;03;7306;;;3004;412;388;Europe/Kyiv;2022-10-27;Ukraine;48.03055, 25.72521
690906;Tyachiv;Tyachiv;Taciv,Teceu Mare,Tecso,Tiacziw,Tiatchiv,Tjachev,Tjachiv,Tjatschiw,Técső,Ťačiv,Тячeв,Тячів;P;PPLA2;UA;Ukraine;;25;2108;;;9019;213;212;Europe/Kyiv;2023-01-12;Ukraine;48.01092, 23.57168
691708;Teplyk;Teplyk;Tehplyk,Teplik,Teplyk,Teplîk,Teplık,Tepłyk,Téplyk,tai pu li ke,tepeullikeu,tplyq,tʻplyq,Теплик,Тэплык,טעפליק,טפליק,泰普利克,테플리크;P;PPL;UA;Ukraine;;23;0504;;;6250;193;197;Europe/Kyiv;2023-01-19;Ukraine;48.66538, 29.74482
691971;Tabachnoye;Tabachnoye;Tabachne,Tabachnoe,Tabachnoye,Табачне,Табачное;P;PPLA3;UA;Ukraine;;11;0102;11152822;;1597;45;46;Europe/Simferopol;2022-10-27;Ukraine;44.90175, 33.67638
692006;Sychavka;Sychavka;Sichavka,Sychavka,Сичавка;P;PPL;UA;Ukraine;;17;5110;;;1722;11;20;Europe/Kyiv;2022-10-27;Ukraine;46.64195, 31.10454
692648;Stavrove;Stavrove;Stavrova,Stavrove,Stavrovo,Ставрове;P;PPL;UA;Ukraine;;17;5112;;;1181;194;208;Europe/Kyiv;2022-10-27;Ukraine;47.61585, 29.5563
692672;Stavyshche;Stavyshche;Stavishche,Stavishhe,Stavyshche,Ставище;P;PPL;UA;Ukraine;;27;1804;;;7634;;181;Europe/Kyiv;2022-10-27;Ukraine;50.40051, 29.52796
692832;Starobilsk;Starobilsk;Bel'skiy Gorodok,Bel’skiy Gorodok,Staraya Belaya,Starobel'sk,Starobel’sk,Starobil's'k,Starobilsk,Starobil’s’k,Старобельск,Старобільськ;P;PPLA2;UA;Ukraine;;14;4414;;;22000;;60;Europe/Kyiv;2022-12-13;Ukraine;49.27719, 38.91673
692844;Starychi;Starychi;Starichi,Starici,Stariska,Staritchi,Starychi,Starychy,Staryci,Starytschi,Starytsi,Starytsji,Staryçi,Starzyska,Starîci,Stazhiska,Stirichi,Stаrytšі,si ta li qi,sutarichi,Старичи,Старичі,Старычы,スタリチ,斯塔里奇;P;PPL;UA;Ukraine;;15;4614;;;3293;;281;Europe/Kyiv;2022-10-27;Ukraine;49.98001, 23.55848
692938;Stanislavka;Stanislavka;Stanislavka,Stanislavovka,Станіславка;P;PPL;UA;Ukraine;;17;5112;;;1333;136;149;Europe/Kyiv;2022-10-27;Ukraine;47.72783, 29.25332
693457;Smila;Smila;Smela,Smila,Smiła,asmyla  awkrayn,si mi la,smela,smylh,Смела,Смила,Сміла,Սմելա,סמילה,اسمیلا، اوکراین,სმელა,斯米拉;P;PPLA2;UA;Ukraine;;01;7108;;;66475;101;96;Europe/Kyiv;2023-01-23;Ukraine;49.23295, 31.88427
693546;Sloboda;Sloboda;Popova Sloboda,Sloboda,Слобода;P;PPL;UA;Ukraine;;21;5902;;;2949;;154;Europe/Kyiv;2022-10-27;Ukraine;51.19806, 33.60695
695813;Rashkiv;Rashkiv;Rachkiv,Rascov,Rashkiv,Rashkov,Rașcov,Рашков,Рашків;P;PPL;UA;Ukraine;;03;7304;;;1150;260;260;Europe/Kyiv;2022-10-27;Ukraine;48.51049, 26.26889
696218;Pryvillia;Pryvillia;Privilla,Privillja,Privol'e,Privol'noye,Privol'ye,Privol’noye,Privol’ye,Pryvillia,Pryvillya,Приволье,Привілля;P;PPL;UA;Ukraine;;14;4412;;;6520;;172;Europe/Kyiv;2023-05-01;Ukraine;49.00556, 38.29883
696274;Pryozerne;Pryozerne;Cemasir,Cemașir,Chemoshir,Priozerne,Priozjornoe,Pryozerne,Pryozerné,pu li ao ze er nie,Приозерне,Приозёрное,Чемошир,普里奧澤爾涅;P;PPL;UA;Ukraine;;17;5108;;;1778;13;15;Europe/Kyiv;2022-10-27;Ukraine;45.60961, 29.16376
696371;Pravda;Pravda;Der-Ehmes,Der-Emes,Duermen,Dürmen,Pravda,Дер-Емес,Дер-Э́мес,Правда;P;PPLA3;UA;Ukraine;;11;0112;11153015;;1474;19;18;Europe/Simferopol;2022-10-27;Ukraine;45.77903, 33.84649
696938;Pidhirtsi;Pidhirtsi;Pidgirci,Pidhirtsi,Pidhorodtsi,Podgorcy,Podgortse,Podgortsy,Podhorce,Подгорцы,Підгірці;P;PPL;UA;Ukraine;;15;4604;;;1076;;313;Europe/Kyiv;2022-10-27;Ukraine;49.94611, 24.9795
697230;Pylypets;Pylypets;Pilipec,Pilipec',Pilipets,Pylypets',Pylypets’,pylypz,Пилипец,Пилипець,פיליפץ;P;PPL;UA;Ukraine;;25;2112;;;1104;720;698;Europe/Kyiv;2022-12-13;Ukraine;48.65899, 23.28346
697461;Petrivsk;Petrivsk;Petresti,Petreşti,Petrivs'k,Petrivsk,Petrovsk,Pétrivsk,pei te li fu xi ke,Петровск,Петрівськ,佩特里夫西克;P;PPL;UA;Ukraine;;17;5106;;;1410;102;81;Europe/Kyiv;2022-10-27;Ukraine;46.44711, 28.9701
697568;Pervomayskoye;Pervomayskoye;Dzhurchi,Gurtcu,Pervomajs'ke,Pervomajskoe,Pervomayskoye,Ğurtču,Джурчи́,Первомайское,Первомайське;P;PPL;UA;Ukraine;;11;0112;11152987;;8470;30;29;Europe/Simferopol;2023-01-21;Ukraine;45.71744, 33.85596
697692;Peremyshliany;Peremyshliany;Peremishljani,Peremyshliany,Peremyshljany,Peremyshlyany,Przemysiany,Przemyslany,Przemysliane,Przemyśiany,Przemyślany,Pzhemyslyany,Перемишляни,Перемышляны;P;PPLA2;UA;Ukraine;;15;4606;;;7284;;306;Europe/Kyiv;2022-12-24;Ukraine;49.67053, 24.55657
698461;Oprysheny;Oprysheny;Dubivka,Opriseni,Oprisheni,Oprisheny,Oprișeni,Oprysheny,Опришени,Опришены;P;PPL;UA;Ukraine;;03;7306;;;9376;353;339;Europe/Kyiv;2022-10-27;Ukraine;48.05334, 26.02699
698782;Obukhiv;Obukhiv;Oboukhiv,Obuchiv,Obuchiw,Obuchow,Obuchów,Obuh'iv,Obuhiv,Obuhiva,Obuhov,Obuh’iv,Obukhiv,Obukhov,Obuxov,ao bu xi fu,awbwkyf,obukhovi,Обухив,Обухов,Обухів,Օբուխով,اوبوکیف,ობუხოვი,奧布希夫;P;PPLA2;UA;Ukraine;;13;3212;;;31557;;136;Europe/Kyiv;2023-06-12;Ukraine;50.10689, 30.61848
698790;Obroshyne;Obroshyne;Abroshyneh,Obroschyne,Obroshin,Obroshine,Obroshini,Obroshino,Obroshyne,Obrosine,Obrosjyne,Obrosyne,Obroszyn,Obroŝine,Obroşyne,Obroșîne,ao bu luo xi nei,Аброшынэ,Оbrоšynе,Оброшин,Оброшине,Оброшини,奥布罗希内;P;PPL;UA;Ukraine;;15;4606;;;4186;;302;Europe/Kyiv;2022-10-27;Ukraine;49.78333, 23.86667
699174;Novoselytsya;Novoselytsya;Noua Sulita,Noua Sulitsa,Noua Suliță,Novosel'tsy,Novoselica,Novoselicja,Novosel’tsy,Novosselytsia,Novossélytsia,Nuvaselitz,Sulita,Новоселица,Новоселиця;P;PPL;UA;Ukraine;;03;7304;;;2520;258;238;Europe/Kyiv;2022-10-27;Ukraine;48.43355, 26.98904
699215;Novoselivka;Novoselivka;Gura-Chiligider,Guraczeligider,Novoselivka,Novosjolovka,Novosselivka,Novossélivka,Satu-Nou,Satunovo,xin xie li fu ka,Новоселівка,Новосёловка,Сатуново,Ґура-Чіліґідер,新謝利夫卡;P;PPL;UA;Ukraine;;17;5104;;;3000;14;9;Europe/Kyiv;2022-10-27;Ukraine;46.00243, 29.61461
699285;Novoselytsya;Novoselytsya;Noua Sulita,Noua Suliță,Novoselica,Novoselicja,Novoselitsa,Novosselytsia,Novossélytsia,Sulita,Sulitsa-Noua,Sulitsa-Nova,Suliţa,Новоселица,Новоселиця;P;PPLA2;UA;Ukraine;;03;7306;;;7588;139;138;Europe/Kyiv;2022-10-27;Ukraine;48.21812, 26.26766
700002;Nyzhnye Selyshche;Nyzhnye Selyshche;Nizhne Selishhe,Nizhne Selisht'ye,Nizhne Selisht’ye,Nizhnee Selishhe,Nizhneye Selishche,Nyzhnye Selyshche,Нижнее Селище,Нижнє Селище;P;PPL;UA;Ukraine;;25;2112;;;3044;239;236;Europe/Kyiv;2022-12-13;Ukraine;48.19911, 23.44757
700159;Mykolayivka;Mykolayivka;Mikolaivka,Mykolaivka,Mykolaïvka,Nikolaevka,Nikolayevka,Nikolayevka Vtoraya,Миколаївка,Николаевка;P;PPL;UA;Ukraine;;17;5102;;;3629;41;47;Europe/Kyiv;2023-01-21;Ukraine;47.53898, 30.76007
700287;Koshulyany;Koshulyany;Cosuleni,Coșuleni,Kochouliany,Koshuljani,Koshuljany,Кошуляни,Кошуляны;P;PPL;UA;Ukraine;;03;7304;;;1141;115;117;Europe/Kyiv;2022-10-27;Ukraine;48.24767, 26.55766
700700;Mospyne;Mospyne;Mospine,Mospino,Mospyne,Моспине,Моспино;P;PPL;UA;Ukraine;;05;1408;;;10471;;140;Europe/Kyiv;2023-05-01;Ukraine;47.89081, 38.06395
701075;Myrhorod;Myrhorod;MXR,Mirgorod,Mirhorod,Mirhoroda,Mirhorodo,Morgorod,Myrhorod,Myrhorodas,Mõrgorod,Mırgorod,mi er ge luo de,mirgorodi,myrhwrwd,Миргород,Միրգորոդ,מירהורוד,میرهورود,میرہوروڈ,მირგოროდი,米爾哥羅德;P;PPLA2;UA;Ukraine;;18;5306;;;39575;105;98;Europe/Kyiv;2022-12-25;Ukraine;49.96464, 33.60861
701802;Markova;Markova;Markova,Markowa,Маркова;P;PPL;UA;Ukraine;;06;2604;;;2896;;446;Europe/Kyiv;2022-12-27;Ukraine;48.68392, 24.42583
701864;Mardarivka;Mardarivka;Mardarivka,Mardarovka,Мардарівка;P;PPL;UA;Ukraine;;17;5112;;;1241;217;217;Europe/Kyiv;2022-10-27;Ukraine;47.53625, 29.73708
702035;Malyatyntsi;Malyatyntsi;Malatineti,Malatineți,Maliatyntsi,Maljatinci,Maljatincy,Малятинцы,Малятинці;P;PPL;UA;Ukraine;;03;7306;;;1214;245;233;Europe/Kyiv;2022-10-27;Ukraine;48.51199, 25.64606
702477;Liubech;Liubech;Liubech,Ljubech,Lyubech,Lyubich',Lyubich’,Lyubyach,Любеч;P;PPL;UA;Ukraine;;02;7410;;;1890;;151;Europe/Kyiv;2023-05-01;Ukraine;51.7026, 30.65692
702774;Lozuvatka;Lozuvatka;KWG,Lozovatka,Lozuvatka,Лозоватка,Лозуватка;P;PPL;UA;Ukraine;;10;;;;6412;;88;Europe/Kyiv;2022-09-01;Ukraine;48.0571, 33.28581
702892;Lobanovo;Lobanovo;Bogemka,Dzhadra,Lobanove,Lobanovo,Боге́мка,Джадра́,Лобанове,Лобаново;P;PPLA3;UA;Ukraine;;11;0106;11152852;;1402;24;26;Europe/Simferopol;2022-10-27;Ukraine;45.77552, 34.24236
702971;Lysychovo;Lysychovo;Lisichevo,Lisichovo,Lysycheve,Lysychovo,Лисичово;P;PPL;UA;Ukraine;;25;2112;;;3068;;322;Europe/Kyiv;2022-12-13;Ukraine;48.49518, 23.28237
703071;Lyman;Lyman;Liman,Lyman,Лиман;P;PPL;UA;Ukraine;;07;6314;;;4008;;102;Europe/Kyiv;2022-10-27;Ukraine;49.59358, 36.46548
703844;Kryzhanivka;Kryzhanivka;Krijanivka,Krizanivka,Krizhanivka,Krizhanovka,Križaņivka,Kryschaniwka,Kryzanivka,Kryzhaniuka,Kryzhanivka,Kryzhanovka,Kryzjanivka,Kryžаnіvkа,Krîjanivka,Krıjanivka,ke li zha ni fu ka,Крижанoвка,Крижанівка,Крыжановка,Крыжаніўка,克里扎尼夫卡;P;PPL;UA;Ukraine;;17;5110;;;3195;26;29;Europe/Kyiv;2022-10-27;Ukraine;46.56277, 30.79496
703880;Krymka;Krymka;Krimka,Krymka,Sultan-Bochala,Кримка,Крымка,Султа́н-Бочала́;P;PPLA3;UA;Ukraine;;11;0106;11152851;;1510;34;32;Europe/Simferopol;2022-10-27;Ukraine;45.70453, 34.18782
704143;Kremenets;Kremenets;Kremenec,Kremenec',Kremenets,Kremenez,Krzemieniec,Kréménets,qrmnyz,Кременец,Кременець,קרמניץ;P;PPLA2;UA;Ukraine;;22;6102;;;21063;342;289;Europe/Kyiv;2022-10-27;Ukraine;50.09864, 25.72787
704290;Krasne;Krasne;Krasne,Krasnoye,Красне;P;PPL;UA;Ukraine;;08;6508;;;2898;;4;Europe/Kyiv;2022-10-27;Ukraine;46.13153, 32.7715
704362;Yany Kapu;Yany Kapu;Bromzavod,Jani Kapu,Januy Kuapy,Jany Kapu,Krasno-Perekopsk,Krasnoperekops'k,Krasnoperekopsk,Krasnoperekops’k,Yani Kapu,Yani Qapi,Yany Kapu,Yañı Qapı,Бромзавод,Красно-Перекопск,Красноперекопск,Красноперекопськ,Яни Капу,Янъы Къапы;P;PPLA2;UA;Ukraine;;11;0114;;;30700;;5;Europe/Simferopol;2023-09-01;Ukraine;45.95547, 33.79261
704376;Krasnokutsk;Krasnokutsk;Krasnokuts'k,Krasnokutsk,Krasnokuts’k,Краснокутск,Краснокутськ;P;PPL;UA;Ukraine;;07;6302;;;8008;;122;Europe/Kyiv;2023-01-20;Ukraine;50.06602, 35.16275
704689;Kotlyareve;Kotlyareve;Kotliareve,Kotliarévé,Kotljareve,Kotljarjovo,Котлярeве,Котлярёво;P;PPL;UA;Ukraine;;16;4806;;;1602;47;48;Europe/Kyiv;2022-10-27;Ukraine;46.88586, 32.21949
704737;Kostopil;Kostopil;Kostopel,Kostopil,Kostopil',Kostopilj,Kostopil’,Kostopol,Kostopol',Kostopol’,Костопиљ,Костополь,Костопіль;P;PPL;UA;Ukraine;;19;5606;;;30838;;182;Europe/Kyiv;2023-06-16;Ukraine;50.87841, 26.45192
704773;Kosmach;Kosmach;Kosmach,Kosmaci,Kosmacz,Kosmatch,Kosmatj,Kosmats,Kosmatsch,Kosmatsj,Kozmacz,Kоsmаtš,ke si ma qi,Космач,科斯馬奇;P;PPL;UA;Ukraine;;06;2610;;;6054;;618;Europe/Kyiv;2022-10-27;Ukraine;48.33356, 24.81845
705016;Kopychyntsi;Kopychyntsi;Kopichintsy,Kopicinci,Kopychin'tse,Kopychincy,Kopychintsa,Kopychintsy,Kopychin’tse,Kopyczynce,Kopyczyńce,Kopytchytsi,Копичинці,Копычинцы;P;PPL;UA;Ukraine;;22;6106;;;6502;340;306;Europe/Kyiv;2023-05-02;Ukraine;49.103, 25.91164
705403;Kolomak;Kolomak;Kalomak,Kolomak,Kołomak,ke luo ma ke,koromakku,Каломак,Коломак,Կոլոմակ,コロマック,科洛馬克,科洛马克;P;PPL;UA;Ukraine;;07;6302;;;2681;;142;Europe/Kyiv;2022-10-27;Ukraine;49.84083, 35.30238
706337;Kholmske;Kholmske;Cholmske,Jolmske,Kholms'ke,Kholmske,Kholmskoe,Kholmské,Selioglo,Selioglu,huo er mu xi ke,Селиоглу,Селіогло,Холмское,Холмське,霍爾姆西克;P;PPL;UA;Ukraine;;17;5106;;;2856;21;19;Europe/Kyiv;2022-10-27;Ukraine;45.75913, 29.22759
706501;Hodyliv;Hodyliv;Godiliv,Godylov,Hodilau,Hodilău,Hodyliv,Годилів,Годылов;P;PPL;UA;Ukraine;;03;7306;;;1255;232;240;Europe/Kyiv;2022-10-27;Ukraine;48.24623, 25.92636
706736;Karnaukhivka;Karnaukhivka;Karnaoukhivka,Karnaukhivka,Karnaukhovka,Карнауховка,Карнаухівка;P;PPL;UA;Ukraine;;04;1204;;;6634;53;84;Europe/Kyiv;2022-10-27;Ukraine;48.47542, 34.73631
707758;Hlukhiv;Hlukhiv;Gluchoff,Gluchow,Gluhiv,Glukhiu,Glukhiv,Glukhov,Gluxov,Głuchów,Hloechiv,Hloukhiv,Hluchiv,Hluchivas,Hluchiw,Hluhiv,Hluhiva,Hlujiv,Hlukhiv,Hlújiv,furuhiu,ge lu huo fu,glukhovi,heulluhiu,hlwhyb,hlwkhyf,Глухив,Глухов,Глухів,Глухіў,Գլուխով,הלוחיב,هلوخيف,هلوخیف,გლუხოვი,フルーヒウ,格盧霍夫,흘루히우;P;PPL;UA;Ukraine;;21;5910;;;31789;;169;Europe/Kyiv;2023-06-12;Ukraine;51.67822, 33.9162
707776;Hvardiiske;Hvardiiske;Akchora,Akuchora,Aqcora,Aqçora,Gvardejskoe,Gvardeyskoye,Gvardijs'ke,Hvardiiske,Syrt-Karakchora,Акчора́,Акъчора,Гвардейское,Гвардійське;P;PPLA3;UA;Ukraine;;11;0112;11152994;;772;56;58;Europe/Simferopol;2022-10-27;Ukraine;45.58688, 33.97681
708057;Hryshkivtsi;Hryshkivtsi;Grishkivci,Grishkivtsi,Grishkovcy,Grishkovtsy,Griskivci,Griskivtsi,Gryshkiuci,Grışkivtsi,Hriskivti,Hrychkivtsi,Hryschkiwzi,Hryshkivtsi,Hryskivci,Hryszkowce,Hryškivci,Hrîșkivți,he li shen ji fu qi,hryshkyftsy,Гришковцы,Гришківці,Грышкіўці,Գրիշկովցի,هريشكيفتسى,هريشكيفتسي,赫里什基夫齐;P;PPL;UA;Ukraine;;27;1802;;;4175;;262;Europe/Kyiv;2022-10-27;Ukraine;49.93634, 28.60472
687357;Ahronomiya;Ahronomiya;Agronomija,Ahronomiia,Ahronomiïa,Агрономия,Агрономія;P;PPL;UA;Ukraine;;16;4808;;;1035;82;82;Europe/Kyiv;2022-10-27;Ukraine;47.77007, 31.31184
687383;Zelenivka;Zelenivka;Zelenivka,Zelenovka,Zélénivka,Зеленовка,Зеленівка;P;PPL;UA;Ukraine;;08;6510;;;5775;;41;Europe/Kyiv;2022-10-27;Ukraine;46.71717, 32.65697
687389;Zelenohirske;Zelenohirske;Zelenogirs'ke,Zelenogorskoye,Zelenohirske,Zélénohirské,Зеленогірське;P;PPL;UA;Ukraine;;17;5112;;;1493;192;194;Europe/Kyiv;2022-10-27;Ukraine;47.87793, 30.09844
688000;Yuzhynets;Yuzhynets;Iujinet,Iujineț,Juzhinec,Juzhinec',Youjynets,Южинец,Южинець;P;PPL;UA;Ukraine;;03;7306;;;1128;244;231;Europe/Kyiv;2022-10-27;Ukraine;48.53812, 25.66149
688122;Yermakovo;Yermakovo;Ermakove,Ermakovo,Totaj,Yermakovo,Єрмакове,Ермаково,Тота́й;P;PPLA3;UA;Ukraine;;11;0106;11152846;;909;8;8;Europe/Simferopol;2022-10-27;Ukraine;45.85364, 34.48644
688154;Yemilchyne;Yemilchyne;Emil'chine,Emil'chino,Emilchin,Emil’chino,Yelmicheno,Yemil'chino,Yemil'chyne,Yemilchyne,Yemil’chino,Yemil’chyne,Ємільчине;P;PPLA3;UA;Ukraine;;27;1808;;;0;;201;Europe/Kyiv;2022-10-27;Ukraine;50.87349, 27.80604
688860;Voznesensk;Voznesensk;Voznesens'k,Voznesensk,Voznesenska,Voznesenskas,Voznessensk,Wosnessensk,Woznesensk,Woznesenśk,fwznysynsk,wo zi nie xian si ke,wwznsnsq,wznsnsk,Вознесенск,Вознесенськ,Վոզնեսենսկ,ווזנסנסק,فوزنيسينسك,وزنسنسک,ვოზნესენსკი,沃茲涅先斯克;P;PPLA2;UA;Ukraine;;16;4804;;;33442;9;9;Europe/Kyiv;2023-06-12;Ukraine;47.56218, 31.33602
689447;Vitrianka;Vitrianka;Vetrjanka,Vitreanca,Vitrianka,Vitrjanka,Vitryanka,Ветрянка,Вітрянка;P;PPL;UA;Ukraine;;03;7304;;;1542;225;247;Europe/Kyiv;2022-10-27;Ukraine;48.54084, 27.24763
689690;Veselyy Kut;Veselyy Kut;Alekzjusvert,Paris,Parizh,Veselij Kut,Vesely Kut,Veselyy Kut,Vesjolyj Kut,Vesselyi Kout,Vessélyï Kout,Vesëlyy Kut,Wesselyj Kut,Алекзюсверт,Веселий Кут,Весёлый Кут,Париж;P;PPL;UA;Ukraine;;17;5106;;;1797;12;28;Europe/Kyiv;2022-10-27;Ukraine;46.05437, 29.28918
689821;Verkhorechye;Verkhorechye;Bija-Sala,Verkhorech'e,Verkhorechye,Verkhorichchja,Бия́-Сала́,Верхоречье,Верхоріччя;P;PPLA3;UA;Ukraine;;11;0102;11152803;;1126;239;238;Europe/Simferopol;2022-10-27;Ukraine;44.69738, 33.98696
689944;Veresayevo;Veresayevo;Komzetovka,Kurulu-Kenege,Veresaeve,Veresaevo,Veresayevo,Вересаево,Вересаєве,Комзе́товка,Курулу́-Кенеге́;P;PPLA3;UA;Ukraine;;11;0108;11153064;;1708;43;41;Europe/Simferopol;2022-10-27;Ukraine;45.30551, 33.50004
690189;Velykyi Dalnyk;Velykyi Dalnyk;Bol'shoy Dal'nik,Bol’shoy Dal’nik,Dal'nik,Dal’nik,Velekij Dal'nik,Velekyi Dalnyk,Velekyy Dal'nyk,Velekyy Dal’nyk,Velikij Dal'nik,Velikiy Dal'nik,Velikiy Dal’nik,Velykyi Dalnyk,Велекий Дальник,Великий Дальник;P;PPL;UA;Ukraine;;17;5110;;;7655;45;32;Europe/Kyiv;2022-10-27;Ukraine;46.47494, 30.56099
690434;Vary;Vary;Mezovari,Mezővári,Vari,Vary,Vári,Vаry,Wary,fary  zakarbatska,wa li,Вари,Վարի,فاري، زاكارباتسكا,瓦里;P;PPL;UA;Ukraine;;25;2102;;;2998;;117;Europe/Kyiv;2022-12-13;Ukraine;48.12278, 22.70878
690566;Uvarovo;Uvarovo;Brannoe Pole,Kijat,Uvarove,Uvarovo,Бра́нное По́ле,Кия́т,Уварове,Уварово;P;PPLA3;UA;Ukraine;;11;0110;11133010;;855;;24;Europe/Simferopol;2022-10-27;Ukraine;45.2626, 35.66506
690745;Ulychne;Ulychne;Gassendorf,Ulichne,Ulichno,Ulichnoye,Uliczno,Ulychne,Уличне,Улично;P;PPL;UA;Ukraine;;15;4602;;;3671;;326;Europe/Kyiv;2022-10-27;Ukraine;49.23164, 23.64612
691155;Tsarychanka;Tsarychanka;Carichanka,Carychanka,Tsarytchanka,Царичанка,Царычанка;P;PPLA2;UA;Ukraine;;04;1202;;;7328;69;71;Europe/Kyiv;2022-10-27;Ukraine;48.94186, 34.48601
691650;Ternopil;Ternopil;TNL,Tarnopol,Ternopil,Ternopil',Ternopilj,Ternopilo,Ternopol',trnwpwl,Тернополь,Тернопіль,טרנופול;P;PPLA;UA;Ukraine;;22;6104;;;225238;320;313;Europe/Kyiv;2023-01-22;Ukraine;49.55404, 25.59067
691706;Teplytsia;Teplytsia;Teplic,Teplicja,Teplit,Teplits,Teplitsa,Teplitz,Teplytsia,Teplytsya,jie pu li qi ya,Теплиця,Тепліц,捷普利齊亞;P;PPL;UA;Ukraine;;17;5106;;;1672;28;23;Europe/Kyiv;2022-10-27;Ukraine;45.98633, 29.33813
691936;Talne;Talne;Tal'ne,Tal'noe,Talne,Talné,Тальне,Тальное;P;PPLA2;UA;Ukraine;;01;7102;;;13318;130;129;Europe/Kyiv;2022-10-27;Ukraine;48.88891, 30.6965
692387;Strumok;Strumok;Chishma,Cismele,Cișmele,Stroumok,Strumok,si te lu mo ke,Струмок,Чишма,斯特魯莫克;P;PPL;UA;Ukraine;;17;5104;;;1883;24;28;Europe/Kyiv;2022-10-27;Ukraine;45.72378, 29.44076
692713;Staryi Krym;Staryi Krym;Starij Krim,Stary Krym,Staryi Krym,Staryj Krym,Staryy Krym,Старий Крим,Старый Крым;P;PPL;UA;Ukraine;;05;1414;;;5977;;41;Europe/Kyiv;2022-10-27;Ukraine;47.16105, 37.48808
692818;Starokostyantyniv;Starokostyantyniv;Konstantinov,Konstantynow,Konstantynów,Kostjantiniv,Starokonstantinov,Starokonstantynow,Starokonstantynów,Starokostiantyniv,Starokostjantiniv,Starokostjantyniw,qwnstʼnytn,strwqwnstntynwb,ʼlt-qʼnstʼntyn‎,Константинов,Костянтинів,Староконстантинов,Старокостянтинів,אלט-קאנסטאנטין‎,סטרוקונסטנטינוב,קונסטאניטן;P;PPLA2;UA;Ukraine;;09;6804;;;34232;265;267;Europe/Kyiv;2023-06-11;Ukraine;49.75522, 27.21229
692960;Stal’noye;Stal'noye;Baryn,Stal'ne,Stal'noe,Stal'noye,Stal’noye,Бары́н,Стальне,Стальное;P;PPLA3;UA;Ukraine;;11;0106;11152865;;1125;10;12;Europe/Simferopol;2022-10-27;Ukraine;45.70814, 34.56238
693237;Voznesenske;Voznesenske;Voznesens'ke,Voznesenskoe,Voznessenske,Voznessenské,Вознесенское,Вознесенське;P;PPL;UA;Ukraine;;16;4804;;;1110;90;112;Europe/Kyiv;2022-10-27;Ukraine;47.62065, 31.53311
693995;Shklo;Shklo;Shklo,Szklo,Szkło,Шкло;P;PPL;UA;Ukraine;;15;4614;;;6069;;265;Europe/Kyiv;2022-10-27;Ukraine;49.95675, 23.54408
694023;Shyroke;Shyroke;Chyroke,Schyroke,Shiroke,Shiroki,Shirokoye,Shyroke,Siroke,Sirokoe,Sjyroke,xi luo kai,Şıroke,Широке,Широки,Շիրոկոե,希罗凯;P;PPL;UA;Ukraine;;05;1408;;;1001;;144;Europe/Kyiv;2022-10-27;Ukraine;47.95711, 38.2316
694350;Sharhorod;Sharhorod;Charhorod,Shargorod,srhwrwd,srygrwd,Шаргород,שרהורוד,שריגרוד;P;PPL;UA;Ukraine;;23;0506;;;7067;245;237;Europe/Kyiv;2023-01-19;Ukraine;48.73562, 28.08459
695581;Rodynske;Rodynske;Khutor Liman,Krasnyy Liman,Liman,Rodins'ke,Rodinskoe,Rodinskoye,Rodyns'ke,Rodynske,Rodyns’ke,Родинское,Родинське;P;PPL;UA;Ukraine;;05;1416;;;9850;;195;Europe/Kyiv;2024-02-08;Ukraine;48.35415, 37.20641
695872;Rafalivka;Rafalivka;Rafaliuka,Rafalivka,Rafaliwka,Rafalovka,Rafalowka,Rafałówka,Rafálivka,la fa li fu ka,rplybqh,Рафаловка,Рафалівка,Рафаліўка,Ռաֆալովկա,רפליבקה,拉法利夫卡;P;PPL;UA;Ukraine;;19;5602;;;3462;;200;Europe/Kyiv;2022-10-27;Ukraine;51.31143, 25.9956
696760;Pohreby;Pohreby;Pogrebi,Pogreby,Pohreby,Погреби,Погребы;P;PPL;UA;Ukraine;;13;3206;;;2087;;96;Europe/Kyiv;2022-10-27;Ukraine;50.55453, 30.64455
696966;Pidhaitsi;Pidhaitsi;Pidgajci,Pidhaitsi,Pidhajci,Pidhaïtsi,Podgajcy,Podhajce,Подгайцы,Підгайці;P;PPLA2;UA;Ukraine;;22;6104;;;2688;359;377;Europe/Kyiv;2023-03-24;Ukraine;49.2678, 25.12766
697203;Pionerskoye;Pionerskoye;Dzholman,Pioners'ke,Pionerskoe,Pionerskoye,Джолма́н,Пионерское,Піонерське;P;PPL;UA;Ukraine;;11;0116;11152587;;5534;317;346;Europe/Simferopol;2022-10-27;Ukraine;44.88083, 34.20194
697530;Peschanoye;Peschanoye;Alma-Tamak,Peschanoe,Peschanoye,Pishhane,Алма́-Тама́к,Песчаное,Піщане;P;PPLA3;UA;Ukraine;;11;0102;11152818;;820;8;8;Europe/Simferopol;2022-10-27;Ukraine;44.84342, 33.60921
697750;Perechyn;Perechyn;Perechin,Perecin,Perecseny,Pereczyn,Peretchyn,Perečin,Perečín,Pérétchyn,Перечин;P;PPLA2;UA;Ukraine;;25;2110;;;6683;149;159;Europe/Kyiv;2023-08-02;Ukraine;48.73494, 22.47718
698328;Osychky;Osychky;Osichki,Ossytchky,Осички;P;PPL;UA;Ukraine;;17;5112;;;2531;95;96;Europe/Kyiv;2022-10-27;Ukraine;48.13289, 30.02816
698562;Vilkhuvatka;Vilkhuvatka;Ol'khovatka,Ol’khovatka,Vil'khuvatka,Vilkhuvatka,Vil’khuvatka,Вільхуватка,Ольховатка;P;PPLA3;UA;Ukraine;;07;6308;;;0;;169;Europe/Kyiv;2023-12-11;Ukraine;50.18613, 37.51946
699015;Nove Davydkovo;Nove Davydkovo;Nove Davidkovo,Nove Davydkove,Nove Davydkovo,Nove Davîdkovo,Novoe Davidkovo,Novoe Davydkovo,Novoye Davidkovo,Novoye Davydkovo,Nowe Dawydkowo,Nоvе Dаvydkоvо,Ujdavidhaza,xin da wei de ke wo,Újdávidháza,Нове Давидково,Нове Давыдково,Новое Давыдково,Նովոե Դավիդկովո,אודוידהאזה,新達維德科沃;P;PPL;UA;Ukraine;;25;2104;;;3853;;115;Europe/Kyiv;2022-12-13;Ukraine;48.44079, 22.6229
699078;Novoukrayinka;Novoukrayinka;Novo'oukrainka,Novo'oukraïnka,Novoukrainka,Новоукраинка,Новоукраїнка;P;PPLA2;UA;Ukraine;;10;3506;;;16479;139;157;Europe/Kyiv;2022-10-27;Ukraine;48.31661, 31.52355
699294;Novosamarka;Novosamarka;Novosamarka,Новосамарка;P;PPL;UA;Ukraine;;17;5112;;;1005;218;207;Europe/Kyiv;2022-10-27;Ukraine;47.50997, 29.52684
699574;Novohryhorivka;Novohryhorivka;Novogrigorivka,Novogrigorovka,Novohryhorivka,Новогригоровка,Новогригорівка;P;PPL;UA;Ukraine;;16;4804;;;1039;42;41;Europe/Kyiv;2022-10-27;Ukraine;47.50394, 31.42837
699657;Novobohdanivka;Novobohdanivka;Novaya Bogdanovka,Novobogdanivka,Novobogdanovka,Novobohdanivka,Новобогданівка;P;PPL;UA;Ukraine;;26;2308;;;3506;;21;Europe/Kyiv;2022-12-13;Ukraine;46.64567, 35.02493
699761;Nove-Misto;Nove-Misto;Nove Misto,Nove-Misto,Нове Місто;P;PPL;UA;Ukraine;;01;7106;;;3619;;261;Europe/Kyiv;2022-10-27;Ukraine;48.98113, 29.82813
699956;Nyzhnia Krynka;Nyzhnia Krynka;Nijna Krinka,Nizhnja Krinka,Nizhnjaja Krinka,Nizhnjaja Krynka,Nizhnyaya Krinka,Nizhnyaya Krynka,Nizjnja Krinka,Nizna Krinka,Niznyaya Krinka,Nižņa Krinka,Noznja Kronka,Nyschnja Krynka,Nyzhnia Krynka,Nyzhnya Krynka,Nyzna Krynka,Nyznia Krynka,Nyżnia Krynka,Nyžňa Krynka,Nõžnja Krõnka,Nıjnâ Krınka,xia ke lun ka,Нижня Кринка,Нижняя Кринка,Нижняя Крынка,Նիժնյայա Կրինկա,下克伦卡;P;PPL;UA;Ukraine;;05;1406;;;14253;;173;Europe/Kyiv;2022-10-27;Ukraine;48.1135, 38.16064
699963;Nyzhnia Duvanka;Nyzhnia Duvanka;Nijna Duvanka,Nijnea Duvanka,Nishnjaja Duwanka,Nizhnia Duvanka,Nizhnja Duvanka,Nizhnjaja Duvanka,Nizhnyaya Duvanka,Nizna Duvanka,Nižņa Duvanka,Nyjnia Douvanka,Nyschnja Duwanka,Nyzhnia Duvanka,Nyzhnya Duvanka,Nyznia Duwanka,Nyżnia Duwanka,Nîjnea Duvanka,Nıjnâ Duvanka,xia du wan ka,Нижня Дуванка,Нижняя Дуванка,下杜万卡;P;PPL;UA;Ukraine;;14;4410;;;2353;;92;Europe/Kyiv;2022-12-13;Ukraine;49.58351, 38.16824
700146;Kryve Ozero Druhe;Kryve Ozero Druhe;Krive Ozero Druge,Krivoe Ozero Vtoroe,Kryve Ozero Drouhe,Kryvé Ozéro Drouhé,Криве Озеро Друге,Кривое Озеро Второе;P;PPL;UA;Ukraine;;16;4808;;;2766;86;93;Europe/Kyiv;2022-10-27;Ukraine;47.93038, 30.34883
701020;Myropillia;Myropillia;Miropillja,Miropol'e,Miropol'ye,Miropol’ye,Myropillia,Myropillya,Мирополье,Миропілля;P;PPLA3;UA;Ukraine;;21;5908;;;0;;142;Europe/Kyiv;2023-08-15;Ukraine;51.023, 35.26233
701588;Matviivka;Matviivka;Matrviivka,Matveyevka,Matviivka,Matviyivka,Novo-Popovka,Матвіївка,Матрвіївка;P;PPL;UA;Ukraine;;26;2308;;;3716;;72;Europe/Kyiv;2022-12-13;Ukraine;47.07392, 35.14493
701619;Massandra;Massandra;Masandra,Masandro,Massandra,ma sang de la,masandora,masandra,massandra,massndra,Μασσάνδρα,Масандра,Массандра,Մասանդրա,ماساندرا,ماسساندرا,ماسسندرا,マサンドラ,馬桑德拉,马桑德拉;P;PPL;UA;Ukraine;;11;0120;;;7280;140;216;Europe/Simferopol;2022-10-27;Ukraine;44.50958, 34.18817
701859;Marfovka;Marfovka;Daut-Ehli,Marfivka,Marfovka,Дау́т-Эли́,Марфовка,Марфівка;P;PPLA3;UA;Ukraine;;11;0110;11128724;;713;;39;Europe/Simferopol;2023-03-31;Ukraine;45.19853, 36.09144
703076;Lyman;Lyman;Liman,Lyman,Zolokari,Золокари,Лиман;P;PPL;UA;Ukraine;;17;5104;;;1641;13;9;Europe/Kyiv;2022-10-27;Ukraine;45.67332, 29.74444
703656;Kupiansk;Kupiansk;Koupiansk,Kupyans'k,Kup'jans'k,Kup'jansk,Kupeansk,Kupiansk,Kupiańsk,Kupjans'k,Kupjansk,Kupjanska,Kupjanskas,Kupyansk,Kup”yans’k,ku pi yang si ke,kwpyansk,Купьянск,Купянск,Купянськ,Купјанск,Куп’янськ,Կուպյանսկ,קופיאנסק,کوپیانسک,კუპიანსკი,庫皮揚斯克;P;PPLA2;UA;Ukraine;;07;6308;;;27169;;92;Europe/Kyiv;2023-08-26;Ukraine;49.71003, 37.61581
703903;Kruty;Kruty;Krutai,Kruti,Kruty,Krutî,ke lu te,kuruti ding,Крути,Круты,クルーティ町,克魯特,克鲁特;P;PPL;UA;Ukraine;;02;7404;;;1330;;126;Europe/Kyiv;2022-10-27;Ukraine;51.05974, 32.10634
704303;Krasnotorka;Krasnotorka;Krasnogorka,Krasnotorka,ke la si nuo tuo er ka,Красноторка,克拉斯諾托爾卡;P;PPL;UA;Ukraine;;05;1412;;;3061;;67;Europe/Kyiv;2022-10-27;Ukraine;48.68542, 37.5303
704343;Krasnopillia;Krasnopillia;Krasnopilla,Krasnopillia,Krasnopillja,Krasnopillya,Krasnopol'e,Krasnopol'ye,Krasnopole,Krasnopol’ye,Краснополье,Краснопілля;P;PPLA3;UA;Ukraine;;21;5908;;;7849;;175;Europe/Kyiv;2023-08-15;Ukraine;50.77458, 35.25965
704363;Krasnopavlivka;Krasnopavlivka;Krasnopavlivka,Krasnopavlovka,Краснопавловка,Краснопавлівка;P;PPL;UA;Ukraine;;07;6310;;;7495;;147;Europe/Kyiv;2022-10-27;Ukraine;49.13699, 36.3201
704431;Krasna Zor'ka;Krasna Zor'ka;Karacha-Kangil,Krasna Zor'ka,Krasna Zorka,Krasnaja Zor'ka,Krasnaya Zor'ka,Krasnaya Zor’ka,Qaraca Qangil,Qaraça Qañğıl,Карача́-Канги́л,Красна Зорька,Красная Зорька;P;PPL;UA;Ukraine;;11;0116;11152586;;2777;139;138;Europe/Simferopol;2022-10-27;Ukraine;45.13432, 34.04015
704842;Korytne;Korytne;Koritne,Korytne,Korytno,Korytnoye,Vilavche,Willawcze,Вилавче,Коритне;P;PPL;UA;Ukraine;;03;7302;;;2396;271;275;Europe/Kyiv;2023-03-23;Ukraine;48.33463, 25.38912
704914;Koropets;Koropets;Koropec,Koropec',Koropets,Koropiec,Коропец,Коропець;P;PPL;UA;Ukraine;;22;6106;;;3206;208;197;Europe/Kyiv;2022-10-27;Ukraine;48.93245, 25.17768
705198;Kompaniyivka;Kompaniyivka;Kompaneevka,Kompaniivka,Kompaniïvka,Компанеевка,Компаніївка;P;PPLA2;UA;Ukraine;;10;3504;;;4429;154;149;Europe/Kyiv;2022-10-27;Ukraine;48.25022, 32.20138
705730;Kivertsi;Kivertsi;Kiverci,Kivercy,Kivertse,Kivertsi,Kivertsy,Kiwerce,Киверцы,Ківерці;P;PPL;UA;Ukraine;;24;0708;;;13798;;199;Europe/Kyiv;2023-05-01;Ukraine;50.83425, 25.45821
705837;Kyrnasivka;Kyrnasivka;Kirnasivka,Kirnasovka,Kyrnasiwka,Kyrnassivka,Кирнасовка,Кирнасівка;P;PPL;UA;Ukraine;;23;0510;;;4997;221;223;Europe/Kyiv;2022-10-27;Ukraine;48.59183, 28.97923
708585;Holovanivsk;Holovanivsk;Golovanevsk,Golovanivs'k,Holovanivsk,Holowaniewskie,Hołowaniewskie,Голованевск,Голованівськ;P;PPLA2;UA;Ukraine;;10;3502;;;5857;166;182;Europe/Kyiv;2022-10-27;Ukraine;48.3874, 30.45947
710342;Chutove;Chutove;Chutove,Chutovo,Tchoutove,Tchoutové,Чутове,Чутово;P;PPLA2;UA;Ukraine;;18;5308;;;6079;104;103;Europe/Kyiv;2022-10-27;Ukraine;49.71414, 35.15747
710548;Chervonopartyzansk;Chervonopartyzansk;Chervonopartizans'k,Chervonopartizansk,Chervonopartyzans'k,Chervonopartyzansk,Chervonopartyzans’k,Chervonopartzansk,Krasnopartizansk,Krasnopartizanskiy,Voznesenivka,Voznesenka,Червонопартизанск,Червонопартизанськ;P;PPL;UA;Ukraine;;14;4404;;;15218;;301;Europe/Kyiv;2023-05-02;Ukraine;48.07613, 39.79618
710554;Chervonohrad;Chervonohrad;Cervonohrad,Chervonograd,Chervonohrad,Czerwonogrod,Czerwonogród,Czerwonohrad,Krasnipali,Krisnipolye,Kristinopol',Kristinopol’,Krvstonopol,Krystynopol,Tscherwonohrad,Červonohrad,Червоноград;P;PPLA2;UA;Ukraine;;15;4612;;;64297;;195;Europe/Kyiv;2023-01-23;Ukraine;50.39105, 24.23514
710556;Pulyny;Pulyny;Cervonoarmiisk,Chervonnoarmeysk,Chervonoarmejsk,Chervonoarmeysk,Chervonoarmiisk,Chervonoarmijs'k,Chervonoarmiys'k,Chervonoarmiys’k,Poulini,Poulyny,Pulin,Pulini,Puliny,Pulyny,Pulını,pu li nei,Πουλίνι,Пулини,Пулины,Пулыны,Червоноармейск,Червоноармійськ,צ'רוונוארמיסק,普利内;P;PPL;UA;Ukraine;;27;1804;;;5141;;233;Europe/Kyiv;2023-05-03;Ukraine;50.46784, 28.2713
710741;Chernivtsi;Chernivtsi;Cernivci,Cernivti,Cernivtsi,Cernivți,Chehrniuci,Chernevcy,Chernivci,Chernivtsi,Chernovcy,Czerniejowce,Tchernivtsi,Tjernivtsi,Tscherniwzi,Tsernivtsi,Tšеrnіvtsі,qie er ni fu qi,z'rnybzy,Çernivtsi,Černivci,Черневцы,Черновцы,Чернівці,Чэрніўці,צ'רניבצי,切爾尼夫齊;P;PPL;UA;Ukraine;;23;0508;;;2672;177;202;Europe/Kyiv;2023-01-19;Ukraine;48.54104, 28.12465
710760;Cherneche;Cherneche;Cherneche,Чернече;P;PPL;UA;Ukraine;;17;5112;;;1002;160;136;Europe/Kyiv;2022-10-27;Ukraine;48.0654, 29.59287
712869;Bannivka;Bannivka;Baneasa,Bannivka,Bannovka,Banovki,Banyasa,Băneasa,Баннівка;P;PPL;UA;Ukraine;;17;5106;;;1211;23;22;Europe/Kyiv;2022-10-27;Ukraine;45.68862, 28.92266
713176;Zalizne;Zalizne;Artema,Artemove,Artemovo,Artemovskii Ruo,Artyomovo,Artëmovo,Imeni Artema,Imeni Artëma,Zalizne,Zaliznoe,khutir Nelipivs'kij,Артемове,Артемово,Зализное,Залізне,хутір Нелі́півський,Արտյոմովո;P;PPL;UA;Ukraine;;05;1402;;;4928;;211;Europe/Kyiv;2023-05-03;Ukraine;48.37083, 37.8855
713676;Oleksandrivka;Oleksandrivka;Aleksandrovka,Oleksandrivka,Oleksandriwka,Olexandriwka,Ołeksandriwka,Roksandrovka,Александровка,Оlеksаndrіvkа,Олександрівка,Ալեկսանդրովկա;P;PPL;UA;Ukraine;;16;4802;;;1336;34;32;Europe/Kyiv;2022-10-27;Ukraine;46.83786, 32.76344
9983725;Nova Dolyna;Nova Dolyna;Nova Dolina,Nova Dolyna,Novaya Dolina,Нова Долина;P;PPL;UA;Ukraine;;17;5110;;;1304;27;36;Europe/Kyiv;2022-10-27;Ukraine;46.40103, 30.58279
687517;Zavetnoye;Zavetnoye;Janysh-Takil,Koep Taqyl,Köp Taqyl,Zavetnoe,Zavetnoye,Zavitne,Заветное,Завітне,Яны́ш-Таки́л;P;PPLA3;UA;Ukraine;;11;0110;11128408;;1175;;45;Europe/Simferopol;2023-03-23;Ukraine;45.12305, 36.39965
688297;Yavkyne;Yavkyne;Javkine,Javkino,Yavkyne,Yavkyné,Явкине,Явкино;P;PPL;UA;Ukraine;;16;4802;;;1391;72;65;Europe/Kyiv;2022-10-27;Ukraine;47.26913, 32.61095
689868;Verkhniy Rohachyk;Verkhniy Rohachyk;Verkhnii Rohatchyk,Verkhnij Rogachik,Verkhniï Rohatchyk,Верхний Рогачик,Верхній Рогачик;P;PPL;UA;Ukraine;;08;6506;;;5404;35;51;Europe/Kyiv;2023-01-20;Ukraine;47.25208, 34.33557
690116;Velykyi Liubin;Velykyi Liubin;Lubien,Lubien Wielki,Lubień Wielki,Lyuben' Vel'ki,Lyuben’ Vel’ki,Velikij Ljubin',Velikiy Lyuben',Velikiy Lyuben’,Velikiy Lyubin',Velikiy Lyubin’,Velykyi Liubin,Wielki Lubien,Великий Любінь;P;PPL;UA;Ukraine;;15;4606;;;4528;;274;Europe/Kyiv;2023-05-03;Ukraine;49.72252, 23.73523
691634;Ternovka;Ternovka;Starye Shuli,Ternivka,Ternovka,Ста́рые Шули́,Терновка,Тернівка;P;PPLA3;UA;Ukraine;;20;712927;11153388;;1843;185;192;Europe/Simferopol;2016-05-24;Ukraine;44.57922, 33.75105
691654;Ternavka;Ternavka;Tarnauca,Ternavka,Tyrnauka,Târnauca,Тернавка;P;PPL;UA;Ukraine;;03;7306;;;2852;224;206;Europe/Kyiv;2022-10-27;Ukraine;48.1211, 26.22481
691999;Sievierodonetsk;Sievierodonetsk;Severodonec'k,Severodoneck,Severodonetsk,Severodonjeck,Sievierodonetsk,Sjevjerodoneck,Sjewjerodonezk,Syeverodonets'k,Syeverodonets’k,Syevyerodonets'k,Syevyerodonets’k,everodoneck,Северодонецк,Сєвєродонецьк,еверодоњецк;P;PPLA2;UA;Ukraine;;14;4412;;;99067;;81;Europe/Kyiv;2023-01-23;Ukraine;48.94628, 38.48624
693330;Sofiyivka;Sofiyivka;Sofievka,Sofiivka,Sofiïvka,Софиевка,Софіївка;P;PPL;UA;Ukraine;;16;4802;;;1289;51;56;Europe/Kyiv;2022-10-27;Ukraine;47.68285, 32.36155
693403;Smotrych;Smotrych;Smotrich,Smotrycz,Smotrytch,Смотрич;P;PPL;UA;Ukraine;;09;6802;;;1806;240;231;Europe/Kyiv;2022-10-27;Ukraine;48.94707, 26.5586
693796;Synelnykove;Synelnykove;Sinel'nikove,Sinel'nikovo,Sineljnikove,Synelnykove,Synelnykové,Synelnykowe,Синельникове,Синельниково;P;PPLA2;UA;Ukraine;;04;1214;;;30556;186;184;Europe/Kyiv;2023-06-16;Ukraine;48.32362, 35.52612
694701;Sekretarivka;Sekretarivka;Georgental',Georgental’,Georgiental',Sekretarevka,Sekretarivka,Sekretariwka,Sekretarëvka,xie ke lie ta li fu ka,Георгієнталь,Секретаревка,Секретарівка,謝克列塔里夫卡;P;PPL;UA;Ukraine;;17;5110;;;1054;78;89;Europe/Kyiv;2023-03-31;Ukraine;46.6598, 30.28327
695326;Rozhyshche;Rozhyshche;Rozhishche,Rozhishhe,Rozhyshche,Rozyszcze,Рожище;P;PPL;UA;Ukraine;;24;0708;;;13280;;180;Europe/Kyiv;2023-01-10;Ukraine;50.91542, 25.26906
695365;Rivne;Rivne;Rivne,Rovno,Rovnoye,Ровно,Рівне;P;PPL;UA;Ukraine;;10;3506;;;5296;;153;Europe/Kyiv;2022-10-27;Ukraine;48.24098, 31.75845
695970;Pyatikhatka;Pyatikhatka;Beshuj-Ehli,P'jatikhatka,Pjatikhatka,Pyatikhatka,Бешу́й-Эли́,Пятихатка,П’ятихатка;P;PPLA3;UA;Ukraine;;11;0112;11152926;;2375;61;61;Europe/Simferopol;2022-10-27;Ukraine;45.32347, 34.25516
696821;Podvirne;Podvirne;Chisla-Salieva,Chișla-Salieva,Podvirne,Podvirné,Podvornoe,Подворное,Подвірне;P;PPL;UA;Ukraine;;03;7304;;;2440;168;173;Europe/Kyiv;2022-10-27;Ukraine;48.29848, 26.62016
697624;Perovo;Perovo;Badana,Perove,Perovo,Бадана́,Перове,Перово;P;PPLA3;UA;Ukraine;;11;0116;11152617;;3890;271;280;Europe/Simferopol;2022-10-27;Ukraine;44.92513, 34.05753
697628;Perkivtsi;Perkivtsi;Percauti,Percăuți,Perkivci,Perkivtsi,Perkovcy,Перковцы,Перківці;P;PPL;UA;Ukraine;;03;7304;;;1399;189;174;Europe/Kyiv;2022-10-27;Ukraine;48.44747, 26.65056
697677;Peresadivka;Peresadivka;Peresadivka,Peresadovka,Peressadivka,Péréssadivka,Пересадовка,Пересадівка;P;PPL;UA;Ukraine;;16;4806;;;3141;12;17;Europe/Kyiv;2022-10-27;Ukraine;47.11353, 32.1908
698247;Oster;Oster;Oster,Ostjor,Ostër,Остер;P;PPL;UA;Ukraine;;02;7410;;;5564;;114;Europe/Kyiv;2023-05-01;Ukraine;50.9506, 30.88229
698510;Olshanske;Olshanske;Ol'shans'ke,Ol'shanskoe,Olchanske,Olchanské,Olshanskiy,Ольшанское,Ольшанське;P;PPL;UA;Ukraine;;16;4806;;;3622;14;62;Europe/Kyiv;2022-10-27;Ukraine;47.1724, 31.76498
698692;Okhotnikovo;Okhotnikovo;Dzhaga-Kushhu,Okhotnikove,Okhotnikovo,Джага́-Кущу́,Охотникове,Охотниково;P;PPLA3;UA;Ukraine;;11;0108;11153103;;1550;5;6;Europe/Simferopol;2022-10-27;Ukraine;45.23985, 33.59405
698929;Novi Petrivtsi;Novi Petrivtsi;Navi Pehtryuci,Novi Petrivci,Novi Petrivti,Novi Petrivtsi,Novi Petrivți,Novopetrovtsy,Novye Petrovcy,Novye Petrovtsy,Novyye Petrovtsy,Nowi Petriwci,Nowi Petriwzi,Nоvі Pеtrіvtsі,xin bi de li fu qi,Наві Пэтрыўці,Новые Петровцы,Нові Петрівці,ノヴィ・ペトリフツィ,新彼得里夫齐;P;PPL;UA;Ukraine;;13;3210;;;7700;;161;Europe/Kyiv;2022-10-27;Ukraine;50.62754, 30.4431
699311;Novopskov;Novopskov;Novopskov,Новопсков;P;PPL;UA;Ukraine;;14;4414;;;9739;;97;Europe/Kyiv;2022-12-13;Ukraine;49.53316, 39.11845
699360;Novopetrivka;Novopetrivka;Dar'yevo-Aleksandrovka,Daro-Aleksandrovka,Dar’yevo-Aleksandrovka,Novopetrivka,Novopetrovka,Новопетрівка;P;PPL;UA;Ukraine;;16;4802;;;1722;44;46;Europe/Kyiv;2022-10-27;Ukraine;47.05824, 32.6733
699549;Novoivanovka;Novoivanovka;Novoivanivka,Novoivanovka,Новоiванiвка,Новоивановка;P;PPLA3;UA;Ukraine;;11;0108;11153139;;876;81;83;Europe/Simferopol;2022-10-27;Ukraine;45.44914, 33.09833
699753;Novhorod-Siverskyi;Novhorod-Siverskyi;Novgorod-Seversk,Novgorod-Severskij,Novgorod-Severskiy,Novgorod-Sivers'kij,Novhorod-Sivers'kyy,Novhorod-Siverskyi,Novhorod-Sivers’kyy,Novogorod-Severskiy,Nowgorod Sewerski,Новгород-Северский,Новгород-Сіверський;P;PPLA2;UA;Ukraine;;02;7406;;;14400;;178;Europe/Kyiv;2022-10-27;Ukraine;52.00683, 33.26335
700019;Nizhnegorskiy;Nizhnegorskiy;Nizhn'ogirs'kij,Nizhnegorskij,Nizhnegorskiy,Nyzhnohirskyi,Seitler,Нижнегорский,Нижньогірський,Сеитле́р;P;PPLA2;UA;Ukraine;;11;0104;11152958;;8741;22;21;Europe/Simferopol;2023-12-19;Ukraine;45.44789, 34.73839
700590;Muskatnoye;Muskatnoye;Adargin Nemeckij,Muskatne,Muskatnoe,Muskatnoye,Адарги́н Неме́цкий,Мускатне,Мускатное;P;PPL;UA;Ukraine;;11;0112;11152922;;1333;31;31;Europe/Simferopol;2022-10-27;Ukraine;45.46586, 34.54316
700613;Muravlivka;Muravlivka;Muravl'ovka,Muravleanca,Muravlevka,Muravlivka,Muravlyovka,Muravlëvka,mu la fu li fu ka,Муравльовка,Муравлівка,Մուրավլյովկա,穆拉夫利夫卡;P;PPL;UA;Ukraine;;17;5108;;;1213;12;0;Europe/Kyiv;2022-10-27;Ukraine;45.56347, 29.15678
701305;Mezhova;Mezhova;Grigor'yevka,Grigor’yevka,Mejova,Meschowa,Mezevaya,Mezhava,Mezhevaja,Mezhevaya,Mezhevi,Mezhova,Mezhová,Mezjova,Mezova,Mezowa,Meżowa,Mežova,mei ruo wa,mejhobha,Межава,Межевая,Межеви,Межова,Մեժևայա,মেঝোভা,梅若瓦;P;PPL;UA;Ukraine;;04;1214;;;7022;;181;Europe/Kyiv;2023-05-02;Ukraine;48.25318, 36.73468
701360;Oleksiyvka;Oleksiyvka;Alekseevka,Mendicauti,Mendicăuți,Oleksiivka,Oleksiïvka,Алексеевка,Олексіївка;P;PPL;UA;Ukraine;;03;7304;;;1142;249;258;Europe/Kyiv;2022-10-27;Ukraine;48.41, 27.26302
701768;Marshyntsi;Marshyntsi;Marchyntsi,Marsenita,Marshinci,Marshincy,Marșenița,Маршинцы,Маршинці;P;PPL;UA;Ukraine;;03;7306;;;5353;132;132;Europe/Kyiv;2022-10-27;Ukraine;48.21191, 26.29934
701912;Manchenky;Manchenky;Khutor Manchenkov,Mancenki,Mancenky,Manchehnky,Manchenki,Manchenkov,Manchenky,Mantchenky,Mantschenky,Mantxenki,Mantxenkí,Mançenkı,Mančenky,man qin ji,Манченки,Манчэнкы,Մանչենկի,曼琴基;P;PPL;UA;Ukraine;;07;6312;;;1147;;214;Europe/Kyiv;2022-10-27;Ukraine;49.97982, 35.85835
702608;Lukovytsya;Lukovytsya;Loukovytsia,Lucovita,Lucovița,Lukovica,Lukovicja,Луковица,Луковиця;P;PPL;UA;Ukraine;;03;7306;;;1412;210;203;Europe/Kyiv;2022-10-27;Ukraine;48.20249, 26.07742
702737;Lozove;Lozove;Lozove,Lozovoe,Lozové,Лозове,Лозовое;P;PPL;UA;Ukraine;;09;6804;;;1548;279;287;Europe/Kyiv;2022-10-27;Ukraine;49.29376, 27.30208
702989;Lyptsi;Lyptsi;Lipci,Lipcy,Liptsi,Liptsy,Lipzy,Lyptsi,Lyptsy,Липцы,Липці;P;PPLA3;UA;Ukraine;;07;6312;;;0;;122;Europe/Kyiv;2023-12-11;Ukraine;50.20366, 36.40774
704293;Krasnoyarskoye;Krasnoyarskoye;Donuzlav 1,Krasnojars'ke,Krasnojarskoe,Krasnoyarskoye,Mechit-Donuzlav,Донузла́в 1,Красноярское,Красноярське,Мечи́т-Донузла́в;P;PPLA3;UA;Ukraine;;11;0108;11153136;;626;17;21;Europe/Simferopol;2022-10-27;Ukraine;45.50661, 33.26641
704915;Korop;Korop;Korap,Korop,Kòrop,ke luo pu,koropu,qwrwp,Κόροπ,Корап,Короп,קורופ,コロプ,科羅普;P;PPL;UA;Ukraine;;02;7406;;;5071;;126;Europe/Kyiv;2022-10-27;Ukraine;51.56638, 32.95861
704968;Korets;Korets;Korec,Korec',Korets,Korets',Korets’,Korzec,Korzhets,Kozhets,qwrz,qʼwwlʻ,Корец,Корець,קאוולע,קורץ;P;PPL;UA;Ukraine;;19;5606;;;6914;;214;Europe/Kyiv;2023-05-02;Ukraine;50.61655, 27.16055
705537;Kobolchyn;Kobolchyn;Cobalceni,Cobalein,Cobâlceni,Cobălein,Kobalchini,Kobolchin,Koboltchyn,Коболчин;P;PPL;UA;Ukraine;;03;7304;;;2355;237;249;Europe/Kyiv;2022-10-27;Ukraine;48.50163, 27.3686
705626;Klishkivtsi;Klishkivtsi;Cliscauti,Clișcăuți,Klichkivtsi,Klishkauts',Klishkauts’,Klishkovcy,Klishkovtsy,Kliskivci,Клишковцы,Клішківці;P;PPL;UA;Ukraine;;03;7304;;;6279;228;255;Europe/Kyiv;2022-10-27;Ukraine;48.42342, 26.25229
706335;Kholmy;Kholmy;Cholmy,Chołmy,H'olmy,Holmi,Holmî,Holmı,H’olmy,Khalmy,Kholmi,Kholmy,Xolmi,huo er mei,Халмы,Холми,Холмы,霍尔梅;P;PPL;UA;Ukraine;;02;7402;;;3146;;156;Europe/Kyiv;2022-10-27;Ukraine;51.87096, 32.60063
706914;Komysh-Zorya;Komysh-Zorya;Carekostjantinivka,Kamysh-Zarja,Komish-Zorja,Komych-Zoria,Камыш-Заря,Комиш-Зоря,Царекостянтинівка;P;PPL;UA;Ukraine;;26;2310;;;2188;238;241;Europe/Kyiv;2022-12-13;Ukraine;47.33074, 36.69571
707190;Kalynivske;Kalynivske;Bol'shaja Sejdemenukha,Kalinindorf,Kalinins'ke,Kalininske,Kalinivs'ke,Kalinovskoe,Kalynivske,Kalynivské,Velika Sejdemenukha,Velyka Seydemenukha,Большая Сейдеменуха,Велика Сейдеменуха,Калининдорф,Калиновское,Калинівське,Калініндорф,Калінінське;P;PPL;UA;Ukraine;;08;6502;;;1142;21;7;Europe/Kyiv;2023-03-31;Ukraine;47.11684, 32.97565
707544;Ishun’;Ishun';Ishun',Ishun’,UEjsuen,Üjšün,Ішунь,Ишунь;P;PPLA3;UA;Ukraine;;11;0114;11152950;;2913;3;4;Europe/Simferopol;2022-10-27;Ukraine;45.92403, 33.82364
707559;Irshava;Irshava;Ilosva,Iloșva,Irchava,Irsava,Irschawa,Irshava,Irsjava,Irszawa,Irŝava,Iršava,ayrshawa,irshava,yi er sha wa,İrşava,Іршава,Иршава,Իրշավա,אירשבה,ארשעווע,ایرشاوا,ირშავა,伊爾沙瓦;P;PPL;UA;Ukraine;;25;2112;;;9163;131;138;Europe/Kyiv;2023-04-30;Ukraine;48.31227, 23.04065
708185;Hrebenyky;Hrebenyky;Grebeniki,Hrebenyky,Гребеники;P;PPL;UA;Ukraine;;17;5114;;;1004;15;137;Europe/Kyiv;2022-10-27;Ukraine;46.88964, 29.80864
709540;Dubno;Dubno;Doubno,Dubnas,Dubno,doubuno,du bu nuo,dubno,dwbnw,Дубно,Դուբնո,דובנו,دوبنو,დუბნო,ドゥブノ,杜布諾;P;PPLA2;UA;Ukraine;;19;5604;;;37257;;199;Europe/Kyiv;2023-01-23;Ukraine;50.41694, 25.73432
709611;Drohobych;Drohobych;Drogobich,Drogobych,Drogobycz,Drohobic,Drohobico,Drohobiĉ,Drohobiĉo,Drohobič,Drohobych,Drohobycz,Drohobytsch,Drohobytsj,dorohobuichi,drwhwbyz,Дрогобич,Дрогобыч,דרוהוביץ,ドロホブィチ;P;PPLA2;UA;Ukraine;;15;4602;;;73682;;294;Europe/Kyiv;2023-01-22;Ukraine;49.351, 23.5174
709636;Drachyntsi;Drachyntsi;Drachinci,Drachincy,Drachinets,Drachintsi,Drachintsy,Drachyntsi,Драчинцы,Драчинці;P;PPL;UA;Ukraine;;03;7306;;;2324;203;196;Europe/Kyiv;2022-10-27;Ukraine;48.31649, 25.70064
709995;Dmitrovka;Dmitrovka;Chjorno-Kosh,Dmitrivka,Dmitrovka,Дмитровка,Дмитрівка,Чёрно-Кош;P;PPLA3;UA;Ukraine;;11;0118;11153117;;947;5;7;Europe/Simferopol;2022-10-27;Ukraine;45.48411, 35.0588
710035;Myrnohrad;Myrnohrad;Dimitrov,Dimitrova,Dimitrovo,Dymytrov,Dymytrow,Dîmîtrov,Dımıtrov,Hrodivka,Imeni Dimitrova,Mirnagrad,Mirnograd,Mirnohrad,Mirnohrada,Myrnohrad,Mîrnohrad,Mırnograd,Novoekonomicheskyi,Novoekonomicne,Novoekonomične,dimitʼrovi,dymytrwf,dymytrwf  awkrayn,ji mi te luo fu,mi er nuo ge lei,mirnogradi,myrnaghrd,myrnwhrad,Димитров,Мирноград,Мірнаград,Դիմիտրով,Միրնոգրադ,ديميتروف,دیمیتروف، اوکراین,ميرناغرد,میرنوهراد,დიმიტროვი,მირნოგრადი,季米特洛夫,米尔诺格勒,米爾諾格勒;P;PPL;UA;Ukraine;;05;1416;;;46098;;158;Europe/Kyiv;2023-05-07;Ukraine;48.3099, 37.26513
710071;Desna;Desna;Desna,Десна;P;PPL;UA;Ukraine;;02;7410;;;6906;;115;Europe/Kyiv;2022-10-27;Ukraine;50.92731, 30.76048
710473;Chyhyryn;Chyhyryn;Cehrin,Chigirin,Tchyhyryn,Çehrin,Чигирин;P;PPL;UA;Ukraine;;01;7108;;;8664;82;84;Europe/Kyiv;2022-10-27;Ukraine;49.08045, 32.66082
710670;Chernozemnoye;Chernozemnoye;Chernozemnoye,Chernozjomnoe,Chornozemne,Novyj Kerleut,Но́вый Керлеу́т,Чернозёмное,Чорноземне;P;PPLA3;UA;Ukraine;;11;0118;11153131;;801;27;25;Europe/Simferopol;2022-10-27;Ukraine;45.40808, 34.8199
710950;Voskresenka;Voskresenka;Ceapaievka,Chapaehvka,Chapaevka,Chapaievka,Chapayevka,Imeni Chapayeva,Imeni Tovarishcha Chapayeva,Voskresenka,Vоskrеsеnkа,Woskresenka,wo si ke lei sen ka,Воскресенка,Чапаевка,Чапаэвка,Чапаєвка,沃斯克雷森卡;P;PPL;UA;Ukraine;;26;2310;;;3502;;129;Europe/Kyiv;2022-12-13;Ukraine;47.46892, 36.36161
712349;Berezyne;Berezyne;Behrehzyneh,Beresyne,Berezina,Berezine,Berezino,Berezyne,Berezıne,Bérézyné,byryzyny,Березине,Березино,Бэрэзынэ,بيريزيني;P;PPL;UA;Ukraine;;17;5106;;;3410;39;42;Europe/Kyiv;2022-10-27;Ukraine;46.22514, 29.20016
712451;Berdyansk;Berdyansk;Berdiansk,Berdjans'k,Berdjansk,Kutur-Ogly,Novo-Nogaisk,Osipenko,Бердянск,Бердянськ,Осипенко;P;PPLA2;UA;Ukraine;;26;2302;;;106311;10;7;Europe/Kyiv;2023-01-22;Ukraine;46.75578, 36.78815
712576;Inkerman;Inkerman;Belokamensk,Inceromania,Inkerman,Inkermanas,Inkermano,aynkrman,yin ke er man,İnkerman,Інкерман,Белока́менск,Инкерман,Ինկերման,اینکرمان,因克爾曼;P;PPLA3;UA;Ukraine;;20;712927;11153386;;10204;50;19;Europe/Simferopol;2016-05-24;Ukraine;44.61391, 33.6098
712861;Bar;Bar;Bar,Bar i Ukraina,Baras,ba er,baleu,bar,bar  awkrayn,bari,baru,Бар,Բար,באר,بار,بار، اوکراین,ბარი,バール,巴爾,바르;P;PPL;UA;Ukraine;;23;0506;;;15337;300;280;Europe/Kyiv;2023-04-30;Ukraine;49.07362, 27.67404
713504;Amvrosiivka;Amvrosiivka;Amvrosievka,Amvrosiivka,Amvrosiyevka,Amvrosiyivka,Donetsko Amerskevka,Donetsko-Amvrosiyevka,Donezko-Amwrossijewka,Амвросиевка,Амвросіївка;P;PPL;UA;Ukraine;;05;1408;;;17998;;141;Europe/Kyiv;2023-05-01;Ukraine;47.79348, 38.47768
793657;Malynivka;Malynivka;Malinivka,Malinovka,Malynivka,Малиновка,Малинівка;P;PPL;UA;Ukraine;;07;6314;;;7502;;100;Europe/Kyiv;2022-10-27;Ukraine;49.81667, 36.73333
6559559;Horishni Plavni;Horishni Plavni;Gorishni Plavni,Gorishnie Plavni,Horichni Plavni,Horischni Plawni,Horishni Plavni,Horisni Plavni,Horišni Plavni,Komsomol's'k,Komsomol'sk,Komsomolsk,Komsomolsk i Ukraina,Komsomolsk na Dnepru,Komsomolska,Komsomoļska,gong qing cheng,komsomolsikeu,kwmswmwlsk  awkrayn,qwmswmwlsq,Горишни Плавни,Горишние Плавни,Горішні Плавні,Комсомолск,Комсомольск,Комсомольськ,Комсомољск на Дњепру,Կոմսոմոլսկ,קומסומולסק,کومسومولسک، اوکراین,კომსომოლსკი,共青城,콤소몰시크;P;PPL;UA;Ukraine;;18;5302;;;49854;71;71;Europe/Kyiv;2023-04-27;Ukraine;49.00835, 33.62926
6974509;Kashtanovoye;Kashtanovoye;Kashtanove,Kashtanovoe,Kashtanovoye,Каштанове,Каштановое;P;PPL;UA;Ukraine;;11;0116;11152617;;1028;271;275;Europe/Simferopol;2022-10-27;Ukraine;44.8321, 34.05912
7037529;Zhuravli;Zhuravli;Zhuravli,Zhuravly,Журавли,Журавлі;P;PPL;UA;Ukraine;;11;0108;11153096;;1475;16;12;Europe/Simferopol;2022-10-27;Ukraine;45.25249, 33.64254
7040008;Kashtany;Kashtany;Kashtani,Kashtany,Novyj Burljuk,Каштани,Каштаны,Но́вый Бурлю́к;P;PPLA3;UA;Ukraine;;11;0102;11152812;;862;80;84;Europe/Simferopol;2022-10-27;Ukraine;44.8676, 33.78995
8998638;Ivanovka;Ivanovka;Beshkurtka,Ivanivka,Ivanovka,Іванівка,Бешкуртка́,Ивановка;P;PPLA3;UA;Ukraine;;11;0104;11152968;;400;36;37;Europe/Simferopol;2022-10-27;Ukraine;45.3743, 34.72013
10172822;Aviatorske;Aviatorske;Aviators'ke,Aviatorske,Aviatorskoe,Aviatorskoye,Aviatorské,Авиаторское,Авіаторське;P;PPL;UA;Ukraine;;04;1202;;;2567;144;146;Europe/Kyiv;2022-10-27;Ukraine;48.36844, 35.08028
11564319;Tsentralne;Tsentralne;Central'ne,Central'noe,Tsentral'ne,Tsentralne,Tsentral’ne,Центральне,Центральное;P;PPL;UA;Ukraine;;16;4806;;;1012;44;42;Europe/Kyiv;2022-10-27;Ukraine;46.90711, 32.47042
686850;Zorkino;Zorkino;Dulat,Zorkine,Zorkino,Дула́т,Зоркино,Зоркіне;P;PPLA3;UA;Ukraine;;11;0104;11152966;;1099;17;15;Europe/Simferopol;2022-10-27;Ukraine;45.54762, 34.71028
687790;Zaliznyy Port;Zaliznyy Port;Zaliznij Port,Zaliznij port,Zaliznyi Port,Zaliznyy Port,Zhelezny Port,Zheleznyj port,Zheleznyy Port,Zhelzeny Port,Железный порт,Залізний Порт,Залізний порт;P;PPL;UA;Ukraine;;08;6508;;;1528;;4;Europe/Kyiv;2022-10-27;Ukraine;46.12337, 32.29892
688148;Yenakiieve;Yenakiieve;Enakieve,Enakievo,Jenakijeve,Jenakijevo,Ordshonikidse,Ordzhonikidze,Rykovo,Yenakiieve,Yenakiyeve,Yenakiyevo,Єнакієве,Енакиево;P;PPL;UA;Ukraine;;05;1406;;;76673;;208;Europe/Kyiv;2023-04-27;Ukraine;48.23331, 38.21137
688933;Voskresenske;Voskresenske;Gorokhovka,Voskresens'ke,Voskresenskoe,Voskressenske,Voskressenské,Воскресенское,Воскресенське;P;PPL;UA;Ukraine;;16;4806;;;4696;50;33;Europe/Kyiv;2022-10-27;Ukraine;47.01334, 32.14542
688956;Vorzel;Vorzel;Dachi Vorzel',Dachi Vorzel’,Vorzehl',Vorzel,Vorzel',Vorzela,Vorzel’,Vorzeļa,Worsel,Worzel,boleujel,boruzeru,fwrzyl  kyyyfska,wo er ze li,Βόρζελ,Ворзел,Ворзель,Ворзэль,فورزيل، كيييفسكا,ボルゼル,沃爾澤利,보르젤;P;PPL;UA;Ukraine;;13;3208;;;6859;;166;Europe/Kyiv;2023-05-03;Ukraine;50.5444, 30.15305
689746;Veselovka;Veselovka;Otary,Veselivka,Veselovka,Vesjolovka,Веселiвка,Весёловка,Ота́ры;P;PPLA3;UA;Ukraine;;11;0108;11153065;;1390;51;52;Europe/Simferopol;2022-10-27;Ukraine;45.37733, 33.21385
689976;Shevchenkove;Shevchenkove;Chevtchenkove,Chevtchenkové,Shevchenkove,Shevchenkovo,Шевченкове,Шевченково;P;PPL;UA;Ukraine;;16;4802;;;1228;89;94;Europe/Kyiv;2022-10-27;Ukraine;47.54366, 32.52803
690155;Velyki Mosty;Velyki Mosty;Augustow,Augustów,Bol'shiye Mosty,Bol’shiye Mosty,Mosty Vel'ke,Mosty Velikiye,Mosty Vel’ke,Mosty Wielkie,Veliki Mosti,Velikiye Mosty,Velyki Mosty,Великі Мости;P;PPL;UA;Ukraine;;15;4612;;;6286;;208;Europe/Kyiv;2023-05-03;Ukraine;50.24329, 24.1423
690237;Velyka Novosilka;Velyka Novosilka;Bol'shay Yanisal',Bol'shaya Novoselka,Bol'shaya Yanisol',Bol'shoy Yanisol',Bol’shay Yanisal’,Bol’shaya Novosëlka,Bol’shaya Yanisol’,Bol’shoy Yanisol’,Janisal,Velika Novosilka,Velikaya Novoselka,Velikaya Novosëlka,Velyka Novosilka,Велика Новосілка;P;PPL;UA;Ukraine;;05;1404;;;5235;;106;Europe/Kyiv;2023-05-05;Ukraine;47.84531, 36.83534
691097;Tsybuliv;Tsybuliv;Cibulev,Cibuliv,Cybuliu,Cybuliv,Cybulow,Cybulów,Tibuliv,Tsibulev,Tsibuliv,Tsybouliv,Tsybuliv,Tsıbuliv,Zybuliw,qi bu li fu,Čybuliv,Țîbuliv,Цибулев,Цибулів,Цыбуліў,齊布利夫;P;PPL;UA;Ukraine;;01;7106;;;3469;213;217;Europe/Kyiv;2023-03-01;Ukraine;49.07185, 29.84459
691715;Teofipol;Teofipol;Teofipol,Teofipol',Téofipol,Теофиполь,Теофіполь;P;PPLA2;UA;Ukraine;;09;6804;;;6509;252;274;Europe/Kyiv;2022-10-27;Ukraine;49.83892, 26.4204
692632;Stebnyk;Stebnyk;Stebnik,Stebniki,Stebnyk,Стебник;P;PPL;UA;Ukraine;;15;4602;;;20200;;334;Europe/Kyiv;2023-05-02;Ukraine;49.30098, 23.55197
692775;Staroye Selo;Staroye Selo;Stare Selo,Stare Siolo,Stare Sioło,Stareh Sehlo,Staroe Selo,Staroe selo,Staroye Selo,Stаrе Sеlо,jiu xie luo,stary sylw,Старе Село,Старое Село,Старое село,Старэ Сэло,ستاري سيلو,スタレ・ショウォ,舊謝洛;P;PPL;UA;Ukraine;;15;4606;;;2119;;294;Europe/Kyiv;2022-10-27;Ukraine;49.70769, 24.19327
693062;Sovetskiy;Sovetskiy;Ichki,Sovets'kij,Sovetskij,Sovetskiy,Ички́,Советский,Совєтський;P;PPLA2;UA;Ukraine;;11;0118;11153116;;10410;20;17;Europe/Simferopol;2022-10-27;Ukraine;45.34267, 34.92463
693809;Simeiz;Simeiz;Simehiz,Simeiz,Simeizo,Simejis,Simejiz,Simeïz,Szimejiz,shimeisu,smyyz,symyyz,symyyz  rwsyh,symyz,xi mei yi ci,Симеиз,Сімеїз,Сімэіз,Սիմեիզ,סמייז,سیمئیز,سیمئیز، روسیه,سیمیز,シメイス,锡梅伊兹;P;PPL;UA;Ukraine;;11;0120;;;2604;60;75;Europe/Simferopol;2022-10-27;Ukraine;44.40646, 34.00704
694025;Shyroke;Shyroke;Chyroke,Chyroké,Schyroke,Shiroke,Shiroki,Shirokoe,Shyroke,Shyrokeh,Siroke,Sirokoe,Sjyroke,Syroke,Szyroke,Xiroke,xi luo kai,Şıroke,Široke,Šyroke,Șîroke,Широке,Широки,Широкое,Шырокэ,Շիրոկոե,希罗凯;P;PPL;UA;Ukraine;;04;1206;;;9623;42;29;Europe/Kyiv;2023-05-04;Ukraine;47.6855, 33.26147
694216;Shepetivka;Shepetivka;Chepetivka,Chépétivka,Schepetiwka,Sepetivka,Shepetivka,Shepetovka,Szepetowka,Szepetówka,Šepetivka,Шепетовка,Шепетівка;P;PPLA2;UA;Ukraine;;09;6806;;;40802;254;255;Europe/Kyiv;2023-03-07;Ukraine;50.18118, 27.06517
694771;Sataniv;Sataniv;Sataniv,Satanov,Satanow,Satanów,Сатанов,Сатанів;P;PPL;UA;Ukraine;;09;6804;;;2352;299;293;Europe/Kyiv;2022-10-27;Ukraine;49.25481, 26.25417
694931;Safyany;Safyany;Saf'jani,Saf'jany,Safiany,Safjani,Safjany,Safyani,Sofian-Trubaiovca,sa fei ya ni,Сафьяны,Сафяни,Саф’яни,Սաֆյանի,薩菲亞尼;P;PPL;UA;Ukraine;;17;5108;;;2962;30;31;Europe/Kyiv;2022-10-27;Ukraine;45.40273, 28.8777
695052;Rybakivka;Rybakivka;Adshijask,Adzhiaska,Adzhiyask,Ribakivka,Rybakivka,Rybakovka,Рибаківка,Рыбаковка;P;PPL;UA;Ukraine;;16;4806;;;1640;26;17;Europe/Kyiv;2022-10-27;Ukraine;46.62333, 31.36474
695082;Ruzhyn;Ruzhyn;Rushin,Ruzhin,Ruzhyn,Ружин;P;PPL;UA;Ukraine;;27;1802;;;4993;;214;Europe/Kyiv;2023-01-19;Ukraine;49.72175, 29.21874
695513;Roksolany;Roksolany;Roksolani,Roksolany,Roksolyany,Роксолани;P;PPL;UA;Ukraine;;17;5110;;;1630;38;38;Europe/Kyiv;2022-10-27;Ukraine;46.17608, 30.4568
695515;Rokosovo;Rokosovo;Rokosiv,Rokosov,Rokosovo,Рокосово;P;PPL;UA;Ukraine;;25;2112;;;4544;;167;Europe/Kyiv;2022-12-13;Ukraine;48.20829, 23.17849
696032;Pustomyty;Pustomyty;Pustomiti,Pustomyty,Пустомити,Пустомыты;P;PPLA2;UA;Ukraine;;15;4606;;;9434;;282;Europe/Kyiv;2022-10-27;Ukraine;49.71661, 23.90698
696040;Pushkino;Pushkino;Ehsen-Ehki,Pushkine,Pushkino,Пушкино,Пушкіне,Эсен-Эки́;P;PPLA3;UA;Ukraine;;11;0118;11153128;;1098;61;63;Europe/Simferopol;2022-10-27;Ukraine;45.20373, 34.97642
696607;Polyanetske;Polyanetske;Polianetske,Polianetské,Poljanec'ke,Poljaneckoe,Polyanetskoye,Полянецкое,Полянецьке;P;PPL;UA;Ukraine;;17;5112;;;1568;178;185;Europe/Kyiv;2022-10-27;Ukraine;48.07338, 30.12205
697325;Petrove;Petrove;Petrove,Petrovo,Pétrové,Петрове,Петрово;P;PPLA2;UA;Ukraine;;10;3508;;;7150;98;85;Europe/Kyiv;2022-10-27;Ukraine;48.33809, 33.2653
697751;Perebykivtsi;Perebykivtsi;Perebijkowce,Perebikauts',Perebikauts’,Perebikivci,Perebyikovtsy,Perebykivtsi,Perebykovtsy,Peribecauti,Peribecăuţi,Перебиківці;P;PPL;UA;Ukraine;;03;7304;;;2292;162;149;Europe/Kyiv;2022-10-27;Ukraine;48.58701, 26.13817
698379;Orlivka;Orlivka;Aliobrix,Cartal,Kartal,Orlivka,Orliwka,Orlovka,Картал,Орловка,Орлівка;P;PPL;UA;Ukraine;;17;5108;;;3047;21;19;Europe/Kyiv;2022-10-27;Ukraine;45.31659, 28.44046
699620;Novodnistrovsk;Novodnistrovsk;Novodnestrovsk,Novodnistrovs'k,Novodnistrovsk,Новоднестровск,Новодністровськ;P;PPL;UA;Ukraine;;03;7304;;;10590;225;230;Europe/Kyiv;2022-10-27;Ukraine;48.58321, 27.43658
700372;Nedra;Nedra;Nedra,Недра;P;PPL;UA;Ukraine;;13;3206;;;1317;;111;Europe/Kyiv;2023-04-04;Ukraine;50.36114, 31.51248
700747;Moshanets;Moshanets;Mosaneti,Moshanec',Moshanets,Moshinets,Moșaneți,Мошанець;P;PPL;UA;Ukraine;;03;7304;;;1442;150;145;Europe/Kyiv;2022-10-27;Ukraine;48.47429, 26.69337
700753;Morshyn;Morshyn;Morshin,Morshyn,Morsztyn,Morszyn,Моршин;P;PPL;UA;Ukraine;;15;4610;;;5562;;335;Europe/Kyiv;2023-05-01;Ukraine;49.1552, 23.87239
700834;Molodizhne;Molodizhne;Molodijne,Molodijné,Molodizne,Molodjozhnoe,Молодёжное,Молодіжне;P;PPL;UA;Ukraine;;10;3504;;;1172;145;148;Europe/Kyiv;2022-10-27;Ukraine;48.17537, 32.65561
701064;Myrne;Myrne;Mirne,Mirnoe,Myrne,Myrné,Мирне,Мирное;P;PPL;UA;Ukraine;;08;6508;;;1880;16;17;Europe/Kyiv;2022-10-27;Ukraine;46.25004, 33.46561
701241;Mykhaylivka;Mykhaylivka;Michajlowka,Mihaileni,Mihăileni,Mikhajlivka,Mikhajlovka,Myjailivka,Mykhailivka,Mykhaïlivka,mi hai li fu ka,Михайловка,Михайлівка,米海利夫卡;P;PPL;UA;Ukraine;;17;5104;;;2577;14;8;Europe/Kyiv;2022-10-27;Ukraine;45.94961, 29.69661
702228;Usatove;Usatove;Oussatove,Oussatové,Usatove,Usatovo,Usatowe,Усатове,Усатово;P;PPL;UA;Ukraine;;17;5110;;;1210;39;65;Europe/Kyiv;2022-10-27;Ukraine;46.51553, 30.60905
702563;Lutuhyne;Lutuhyne;Loutougino,Loutouhyne,Lutugine,Lutugino,Lutugone,Lutugõne,Lutugıne,Lutuhine,Lutuhyne,Lutuhîne,Lutúgine,lu tu ji nuo,lwtwhynh,Łutuhyne,Лутугине,Лутугино,Լուտուգինո,لوتوهینه,ლუტუგინო,盧圖吉諾;P;PPL;UA;Ukraine;;14;4406;;;17061;;119;Europe/Kyiv;2023-04-30;Ukraine;48.40507, 39.22675
703713;Kulykivka;Kulykivka;Koulikivka,Koulykivka,Kulikivka,Kulikovka,Kulikowka,Kulivkivka,Kulykiuka,Kulykivka,Kulykiwka,Kulıkivka,Kułykiwka,ku li ji fu ka,Κουλικίβκα,Куликовка,Куликівка,Кулыкіўка,庫利基夫卡;P;PPL;UA;Ukraine;;02;7410;;;4928;;119;Europe/Kyiv;2023-05-02;Ukraine;51.37345, 31.64661
704201;Krasnyi Mak;Krasnyi Mak;Bijuk-Karalez,Krasnij Mak,Krasnyi Mak,Krasnyj Mak,Бию́к-Карале́з,Красний Мак,Красный Мак;P;PPLA3;UA;Ukraine;;11;0102;11152814;;1663;120;117;Europe/Simferopol;2022-10-27;Ukraine;44.64218, 33.7813
704388;Krasnohrad;Krasnohrad;Konstantinograd,Krasnograd,Krasnohrad,Krasnohradas,ke la si nuo he la de,khrasnwhrad,Красноград,Կրասնոգրադ,خراسنوهراد,კრასნოგრადი,克拉斯諾赫拉德;P;PPLA2;UA;Ukraine;;07;6306;;;21426;;169;Europe/Kyiv;2022-10-27;Ukraine;49.37511, 35.45493
704414;Krasnoarmeyskoye;Krasnoarmeyskoye;Ashkhadan,Krasnoarmejskoe,Krasnoarmeyskoye,Krasnoarmijs'ke,Murza-Kojash,Ашхада́н,Красноармейское,Красноармійське,Мурза́-Коя́ш;P;PPLA3;UA;Ukraine;;11;0114;11152951;;765;5;3;Europe/Simferopol;2022-10-27;Ukraine;45.99103, 34.03037
705883;Kiliya;Kiliya;Chilia-Noua,Chilia-Nouă,Kili,Kilia,Kiliia,Kilija,Kiliïa,ji li ya,kylya  awkrayn,kʼilia,qylyh,Килия,Кілія,Կիլիա,קיליה,کیلیا، اوکراین,კილია,基利亞;P;PPLA2;UA;Ukraine;;17;5108;;;19540;4;7;Europe/Kyiv;2022-10-27;Ukraine;45.44445, 29.26396
707281;Kacha;Kacha;Kacha,Kaco,Kacza,Kascsa,Katcha,Katsja,Kaĉo,Qaci,Qaçı,ka qia,Кача,Կաչա,卡恰;P;PPLA3;UA;Ukraine;;20;700468;11153383;;4282;26;28;Europe/Simferopol;2016-05-23;Ukraine;44.77635, 33.54387
707296;Iziaslav;Iziaslav;Iziaslav,Izjaslav,Zaslav,Zaslavl',Zaslaw,Zasław,Zheslav,Ізяслав,Жеслав,Заслав,Заславль,Изяслав;P;PPLA2;UA;Ukraine;;09;6806;;;16162;226;229;Europe/Kyiv;2023-01-23;Ukraine;50.11978, 26.82475
707305;Izobil’noye;Izobil'noye;Izobil'ne,Izobil'noe,Izobil'noye,Izobil’noye,Korbek,Ізобільне,Изобильное,Корбе́к;P;PPL;UA;Ukraine;;11;0120;;;2333;218;228;Europe/Simferopol;2022-10-27;Ukraine;44.70276, 34.35357
707753;Horlivka;Horlivka;Gorlauka,Gorlivka,Gorlovk,Gorlovka,Gorlovko,Gorlowka,Gorłówka,Górlovka,Horlivka,Horliwka,Horļivka,Hòrlivka,Qorlivka,ge er luo fu ka,gorlovkʼa,holeulliuka,hwrlybqh,hwrlyfka,Горлаўка,Горловк,Горловка,Горловко,Горлівка,Һорливка,Գորլովկա,הורליבקה,هورليفكا,هورلیفکا,გორლოვკა,戈爾洛夫卡,호를리우카;P;PPLA2;UA;Ukraine;;05;1406;;;239828;;282;Europe/Kyiv;2023-01-22;Ukraine;48.33576, 38.05325
707860;Gurzuf;Gurzuf;Gurzuf,Гурзуф;P;PPL;UA;Ukraine;;11;0120;;;8933;62;81;Europe/Simferopol;2022-10-27;Ukraine;44.54624, 34.27841
708324;Horodnytsia;Horodnytsia;Chorontnitsia,Garadnycja,Gorodnica,Gorodnicja,Gorodnitsa,Gorodnıtsâ,Horodnica,Horodnitea,Horodnycja,Horodnytsia,Horodnytsya,Horodnyzja,Horodnîțea,huo luo de ni cha,hwrwdnytsya,Χοροντνίτσια,Гарадныця,Городница,Городниця,Գորոդնիցա,هورودنيتسيا,霍罗德尼察;P;PPL;UA;Ukraine;;27;1808;;;5238;;196;Europe/Kyiv;2022-10-27;Ukraine;50.80697, 27.31676
708657;Hodynivka;Hodynivka;Godinesti,Godinești,Godinivka,Godynovka,Hodynivka,Годинівка,Годыновка;P;PPL;UA;Ukraine;;03;7306;;;1261;176;170;Europe/Kyiv;2022-10-27;Ukraine;48.18333, 26.13333
708878;Henichesk;Henichesk;Dzheniche,Eniche,Genich,Geniches'k,Genichesk,Henitchesk,Hénitchesk,Геническ,Геніч,Генічеськ,Дженіче,Еніче;P;PPLA2;UA;Ukraine;;08;6504;;;19501;16;17;Europe/Kyiv;2022-10-27;Ukraine;46.16824, 34.80861
709690;Doroshivtsi;Doroshivtsi;Dorochivtsi,Dorosauti,Doroshivci,Doroshivtsi,Doroshovcy,Doroshovtsy,Дорошовцы,Дорошівці;P;PPL;UA;Ukraine;;03;7306;;;1534;150;149;Europe/Kyiv;2022-10-27;Ukraine;48.59023, 25.88633
709869;Dobroye;Dobroye;Dobre,Dobroe,Dobroye,Mamut Sultan,Mamut-Sultan,Добрoе,Добре,Маму́т-Султа́н;P;PPLA3;UA;Ukraine;;11;0116;11152587;;2976;355;389;Europe/Simferopol;2022-10-27;Ukraine;44.86632, 34.22661
710039;Dykhtynets;Dykhtynets;Dihtinet,Dihtineț,Dikhtenets,Dikhtinec,Dikhtinec',Dykhtynets,Дихтинец,Дихтинець;P;PPL;UA;Ukraine;;03;7302;;;1003;537;538;Europe/Kyiv;2022-10-27;Ukraine;48.05913, 25.04375
710418;Krasnoye;Krasnoye;Chalgary,Krasne,Krasnoe,Krasnoye,Красне,Красное,Чалгары́;P;PPL;UA;Ukraine;;11;0116;11152616;;1034;134;134;Europe/Simferopol;2022-10-27;Ukraine;45.13999, 34.09452
710668;Chornukhyne;Chornukhyne;Cernuhine,Cernuhîne,Chernukhino,Chornujine,Chornukhine,Chornukhyne,Chornújine,Cornuhine,Czornuchyne,Tjornukhyne,Tschornuchyne,Tsjornukhine,Tsornouchine,Tsornuhhone,Tšornuhhõne,chorunukuhine,qiao er nu xi nei,Çornuhıne,Čornuhine,Τσορνούχινε,Чернухино,Чорнухине,チョルヌクヒネ,乔尔努希内;P;PPL;UA;Ukraine;;14;4402;;;5703;;311;Europe/Kyiv;2022-12-13;Ukraine;48.32339, 38.52272
710684;Chernopolye;Chernopolye;Chernopol'e,Chernopolye,Chornopillja,Karachjol',Карачё́ль,Чернополье,Чорнопілля;P;PPLA3;UA;Ukraine;;11;0104;11152843;;1251;228;227;Europe/Simferopol;2022-10-27;Ukraine;45.04399, 34.63916
710958;Chahor;Chahor;Ceahor,Chagor,Tchahor,Чагор;P;PPLX;UA;Ukraine;;03;7306;;;8564;186;215;Europe/Kyiv;2022-10-27;Ukraine;48.2433, 25.99392
711752;Bilshivtsi;Bilshivtsi;Bel'shovcy,Bil'shivci,Bil'shyucy,Bil'sivci,Bil'šivci,Bilchivtsi,Bilschiwzi,Bilshivtsi,Bilsivci,Bilsivti,Bilsivtsi,Bilşivtsi,Bilšivci,Bilșivți,Bol'shovcy,Bolszowce,Bolszowiec,Bołszowce,Bołszowiec,bi li xi fu qi,bylsybzy,Μπιλσίβτσι,Бельшовцы,Большовцы,Більшыўцы,Більшівці,בילשיבצי,比利希夫齊;P;PPL;UA;Ukraine;;06;2604;;;1938;222;226;Europe/Kyiv;2023-03-04;Ukraine;49.18176, 24.74028
712251;Bernove;Bernove;Barnova,Bernove,Bernovo,Bernové,Bârnova,Бернове,Берново;P;PPL;UA;Ukraine;;03;7304;;;1125;136;141;Europe/Kyiv;2022-10-27;Ukraine;48.49662, 26.63618
712441;Berdychiv;Berdychiv;Behrdychyu,Berdicev,Berdichen,Berdichev,Berdichiv,Berdiciv,Berdiciva,Berditschew,Berdiçev,Berdičiv,Berdičiva,Berdychiv,Berdyciv,Berdycivas,Berdyciw,Berdyczow,Berdyczów,Berdytchiv,Berdytjiv,Berdytschiw,Berdytsiv,Berdytsjiv,Berdytšiv,Berdyčiv,Berdyčivas,Berdyčiw,Berdîciv,Berdıçiv,beleudichiu,berdichevi,berudichifu,bie er ji qie fu,brdychyf,brdyzb,byrdytshyf,Бердичев,Бердичив,Бердичів,Бэрдычыў,Բերդիչև,בערדיטשעוו,ברדיצב,بردیچیف,بيرديتشيف,ბერდიჩევი,ベルディチフ,別爾基切夫,베르디치우;P;PPLA2;UA;Ukraine;;27;1802;;;73046;;242;Europe/Kyiv;2023-01-22;Ukraine;49.89408, 28.60144
713208;Arkhanhelske;Arkhanhelske;Arkhangel's'ke,Arkhangel'skoe,Arkhanhelske,Arkhanhelské,Borozna,Архангельское,Архангельське,Борозна;P;PPL;UA;Ukraine;;08;6502;;;1810;21;24;Europe/Kyiv;2022-10-27;Ukraine;47.43329, 33.40506
713513;Alushta;Alushta;Aloushta,Alshta,Aluschta,Alushta,Alusta,Aluszta,Aluşta,Alušta,Ałuszta,allusyuta,Алушта,알루슈타;P;PPLA2;UA;Ukraine;;11;0120;;;29586;;40;Europe/Simferopol;2023-06-16;Ukraine;44.67728, 34.4097
7026819;Kukushkino;Kukushkino;Karaba-Kukush,Kukushkine,Kukushkino,Караба́-Куку́ш,Кукушкино,Кукушкіне;P;PPLA3;UA;Ukraine;;11;0114;11153035;;1006;44;43;Europe/Simferopol;2022-10-27;Ukraine;45.71924, 33.3903
10048737;Salhany;Salhany;Salgani,Salgany,Salhani,Salhany,Salhanî,sa er jia ni,Салгани,薩爾加尼;P;PPL;UA;Ukraine;;17;5104;;;1186;35;37;Europe/Kyiv;2022-10-27;Ukraine;46.15253, 30.34332
10951578;Myrne;Myrne;Mirne,Mirnoe,Myrne,Myrné,Мирне,Мирное;P;PPL;UA;Ukraine;;26;2308;;;2944;214;67;Europe/Kyiv;2022-12-13;Ukraine;46.95033, 35.4415
11524333;Hlybochok;Hlybochok;Glibochek,Glibochok,Glubochok,Глибочек,Глибочок,Глубочок;P;PPLA2;UA;Ukraine;;01;7102;;;0;;140;Europe/Kyiv;2022-10-27;Ukraine;48.86686, 30.79897
711941;Inhulka;Inhulka;Ingulka,Inhoulka,Інгулка,Ингулка;P;PPL;UA;Ukraine;;16;4802;;;2025;61;52;Europe/Kyiv;2022-10-27;Ukraine;47.19683, 32.22748
712433;Velyki Berehy;Velyki Berehy;Beregi,Veliki Beregi,Velikie Beregi,Velyki Beregy,Velyki Berehy,Великие Береги,Великі Береги;P;PPL;UA;Ukraine;;25;2102;;;2766;;126;Europe/Kyiv;2022-12-13;Ukraine;48.23161, 22.74985
712922;Balamutivka;Balamutivka;Balamoutivka,Balamutca,Balamutivka,Balamutka,Balamutovka,Баламутівка;P;PPL;UA;Ukraine;;03;7306;;;1786;229;218;Europe/Kyiv;2022-10-27;Ukraine;48.53399, 26.05999
712934;Balabyne;Balabyne;Balabine,Balabino,Balabyne,Balabyné,Petrivka,Petrivs'ke,Petrivska,Stroganove,Балабине,Балабино,Петрівка,Петрівське,Строганове;P;PPL;UA;Ukraine;;26;2306;;;5850;35;31;Europe/Kyiv;2023-05-03;Ukraine;47.73686, 35.21361
617618;Pavlivka;Pavlivka;Pauliuka,Pavlivka,Pavlovka,Pavļivka,Pawliwka,pa fu li fu ka,Павловка,Павлівка,Паўліўка,帕夫利夫卡;P;PPL;UA;Ukraine;;17;5114;;;1021;215;212;Europe/Kyiv;2022-10-27;Ukraine;47.24189, 29.56943
686762;Ivano-Frankove;Ivano-Frankove;Imeni Ivana Franko,Ivana Franko,Ivana-Frankoveh,Ivano-Frankove,Ivano-Frankovo,Iwano-Frankowe,Janow,Janów,Yanov,Yanuv,yi wa nuo-fu lan ke wei,İvano-Frankove,ʼywwnw-prnqwbh,Івана-Франковэ,Івано-Франкове,Ивано-Франково,איוונו-פרנקובה,伊瓦諾-弗蘭科韋;P;PPL;UA;Ukraine;;15;4614;;;6223;;307;Europe/Kyiv;2022-10-27;Ukraine;49.91978, 23.72913
687009;Zhuravka;Zhuravka;Zhuravka,Журавка;P;PPL;UA;Ukraine;;02;7408;;;2900;;106;Europe/Kyiv;2022-10-27;Ukraine;50.48108, 32.5949
687090;Petrovirivka;Petrovirivka;Petroverovka,Petrovirivka,Petrowiriwka,Pietrowiriwka,Pеtrоvіrіvkа,Zhovten,Zhovten',Zhovtnevo,bi de luo wei li fu ka,Жовтень,Петроверовка,Петровірівка,彼得罗维里夫卡;P;PPL;UA;Ukraine;;17;5102;;;2954;37;38;Europe/Kyiv;2022-10-27;Ukraine;47.22875, 30.33144
687933;Zachepylivka;Zachepylivka;Satschepyliwka,Zacepilivka,Zacepylivka,Zachehpyliuka,Zachenilovka,Zachepilivka,Zachepilovka,Zachepylivka,Zaczepyliwka,Zatchepylivka,Zatsjepylivka,Zatxepilivka,Zatxepílivka,Zaçepılivka,Začepylivka,zatshybylyfka,zatshybylyfka  karkyfska,zha qie pi li fu ka,Зачепиловка,Зачепилівка,Зачэпыліўка,Զաչեպիլովկա,زاتشيبيليفكا,زاتشيبيليفكا، كاركيفسكا,扎切皮利夫卡;P;PPL;UA;Ukraine;;07;6306;;;3317;;81;Europe/Kyiv;2023-05-01;Ukraine;49.19743, 35.24202
688381;Yasenove Druhe;Yasenove Druhe;Jasenove Druge,Yasenovo Vtoroye,Yasinovo,Yasinovo Vtoroye,Yassenove Drouhe,Yassénové Drouhé,Ясенове Друге;P;PPL;UA;Ukraine;;17;5112;;;1919;102;102;Europe/Kyiv;2022-10-27;Ukraine;47.89931, 30.01188
688696;Vysokyi;Vysokyi;Visokij,Vysokiy,Vysokyi,Vysokyy,Високий;P;PPL;UA;Ukraine;;07;6312;;;10988;;154;Europe/Kyiv;2022-10-27;Ukraine;49.89156, 36.12175
688749;Vylok;Vylok;Tiszaujlak,Tiszaújlak,Uileacu Tisei,Vilok,Vylok,Вилок;P;PPL;UA;Ukraine;;25;2102;;;3136;117;117;Europe/Kyiv;2022-12-13;Ukraine;48.11034, 22.8389
689321;Vodiane;Vodiane;Vodiane,Vodjane,Vodjanoe,Vodyane,Vodyanoye,Водяне,Водяное;P;PPL;UA;Ukraine;;26;2304;;;5685;;17;Europe/Kyiv;2022-12-13;Ukraine;47.48651, 34.50422
689378;Volodymyr-Volynskyi;Volodymyr-Volynskyi;Lodomeria,Vladimir,Vladimir-Volynsk,Vladimir-Volynskij,Vladimir-Volynskiy,Vlodzimezh,Volodimir,Volodimir-Volins'kij,Volodymir-Volyns'kyy,Volodymir-Volyns’kyy,Volodymyr,Volodymyr-Volyns'kyy,Volodymyr-Volynskyi,Volodymyr-Volyns’kyy,Wladimir-Wolynsk,Wlodzimierz,Wlodzimierz Wolynski,Wlodzimierzec,Wolodymyr,Wolodymyr-Wolynskyj,Włodzimierz,Włodzimierz Wołyński,Włodzimierzec,lwdmyr,wwlwdymyr-wwlynsqy,Владимир,Владимир-Волынский,Володимир,Володимир-Волинський,וולודימיר-וולינסקי,לודמיר;P;PPLA2;UA;Ukraine;;24;0702;;;37910;;192;Europe/Kyiv;2023-01-23;Ukraine;50.85253, 24.32364
689764;Vesela Dolyna;Vesela Dolyna;Chaga,Cleasnita,Cleaşniţa,Kl'ostic,Kljasticja,Kloestitz,Klöstitz,Shaga,Vesela Dolina,Vesela Dolina,Vesela Dolîna,Vesjolaja Dolina,Vessela Dolona,Vessela Dolyna,Vessela Dolõna,Vesséla Dolyna,Vesyolaya Dolina,Wessela Dolyna,wei xie la ge li na,Весела Долина,Весёлая Долина,Кльостіц,Клястиця,Чага,Шага,Վեսյոլայա Դոլինա,韋謝拉戈利納;P;PPL;UA;Ukraine;;17;5106;;;1207;41;35;Europe/Kyiv;2022-10-27;Ukraine;46.23216, 29.32385
689916;Verkhnodniprovsk;Verkhnodniprovsk;Verkhn'odniprovs'k,Verkhnedneprovsk,Verkhnodniprovsk,Верхнеднепровск,Верхньодніпровськ;P;PPL;UA;Ukraine;;04;1204;;;15477;131;71;Europe/Kyiv;2023-05-01;Ukraine;48.65557, 34.3262
690247;Velyka Lepetykha;Velyka Lepetykha;Bol'shaja Lepetikha,Velika Lepetikha,Velikaja Lepetikha,Velyka Lepetykha,Vélyka Lépétykha,Большая Лепетиха,Велика Лепетиха,Великая Лепетиха;P;PPL;UA;Ukraine;;08;6506;;;8047;85;41;Europe/Kyiv;2023-01-20;Ukraine;47.17138, 33.93147
690485;Vapnyarka;Vapnyarka;Vapnarka,Vapniarca,Vapniarka,Vapnjarka,Vapnyarka,Vapnârka,Vapňarka,Wapniarka,fabnyarka,wa pu ni ya er ka,Вапнярка,فابنياركا,瓦普尼亞爾卡;P;PPL;UA;Ukraine;;23;0510;;;7316;243;310;Europe/Kyiv;2022-10-27;Ukraine;48.5311, 28.747
690896;Desna;Desna;Desna,Десна;P;PPL;UA;Ukraine;;23;0502;;;1300;255;263;Europe/Kyiv;2022-10-27;Ukraine;49.28166, 28.54034
692039;Svitiaz;Svitiaz;Svitiaz,Svitjaz',Svityaz',Svityaz’,Свитязь,Світязь;P;PPL;UA;Ukraine;;24;0706;;;1845;;166;Europe/Kyiv;2022-10-27;Ukraine;51.48211, 23.85904
692235;Sukhoverkhiv;Sukhoverkhiv;Soukhoverkhiv,Suhoverca,Sukhoverkhiv,Sukhoverkhov,Суховерхов,Суховерхів;P;PPL;UA;Ukraine;;03;7306;;;1881;221;221;Europe/Kyiv;2022-10-27;Ukraine;48.46199, 25.75439
692244;Sukholuzhzhia;Sukholuzhzhia;Crivda,Luiba,Sukhi Chairi,Sukholuzh'ye,Sukholuzhzhia,Sukholuzhzhja,Sukholuzhzhya,Sukholuzh’ye,Zalivne,su huo lu ri zha,Заливне,Сухолужжя,Сухі Чаїри,蘇霍盧日扎;P;PPL;UA;Ukraine;;17;5104;;;1127;3;4;Europe/Kyiv;2022-10-27;Ukraine;46.21667, 30.26402
692301;Sudova Vyshnia;Sudova Vyshnia;Sadowa Wisznia,Sondova Vishnya,Sudova Vishnja,Sudova Vyshnia,Sudova Vyshnya,Sudovaya Vishna,Sudovaya Vishnya,Sądowa Wisznia,Wisznia,Судова Вишня;P;PPL;UA;Ukraine;;15;4614;;;6470;;216;Europe/Kyiv;2023-05-05;Ukraine;49.78892, 23.37218
692372;Stryi;Stryi;Strij,Stry,Stryi,Stryj,Stryy,Стрий,Стриј,Стрый;P;PPLA2;UA;Ukraine;;15;4610;;;61404;;297;Europe/Kyiv;2022-12-23;Ukraine;49.26171, 23.84721
692506;Stolbovoye;Stolbovoye;Kurulu,Stolbovoe,Stolbovoye,Stovpove,Курулу́,Стовпове,Столбовое;P;PPLA3;UA;Ukraine;;11;0108;11153106;;1082;92;94;Europe/Simferopol;2022-10-27;Ukraine;45.3627, 33.49584
692536;Stepove;Stepove;Kapistrovo,Karlosruye,Karlsrue,Karlsruye,Stepove,Stepovoye,Степове;P;PPL;UA;Ukraine;;16;4806;;;1869;75;59;Europe/Kyiv;2022-10-27;Ukraine;47.18937, 31.51772
692714;Stary Krym;Stary Krym;Eski Qirim,Eski Qyrym,Eski Qırım,Starij Krim,Stary Krym,Staryj Krym,Старий Крим,Старый Крым;P;PPLA3;UA;Ukraine;;11;0118;11152875;;9370;300;336;Europe/Simferopol;2022-10-27;Ukraine;45.02887, 35.09174
693194;Solonytsivka;Solonytsivka;Sinelitsovka,Sinolitsevka,Solonicevka,Solonicivka,Solonitsevka,Solonytsivka,Солоницевка,Солоницівка;P;PPL;UA;Ukraine;;07;6312;;;12378;;118;Europe/Kyiv;2022-10-27;Ukraine;49.99682, 36.03464
693342;Sofiivka;Sofiivka;Sofiivka,Sofijivka,Sofiyevka,Sofiyivka,Софіївка;P;PPL;UA;Ukraine;;11;0116;11152586;;3481;157;155;Europe/Simferopol;2022-10-27;Ukraine;45.09456, 34.00133
693743;Sytkivtsi;Sytkivtsi;Sitkivci,Sitkovcy,Sytkivtsi,Ситковцы,Ситківці;P;PPL;UA;Ukraine;;23;0504;;;2223;221;240;Europe/Kyiv;2022-10-27;Ukraine;48.90932, 29.19871
694086;Shylivtsi;Shylivtsi;Chylivtsi,Shilivci,Shilovcy,Silauti,Șilăuți,Шиловцы,Шилівці;P;PPL;UA;Ukraine;;03;7304;;;3028;377;271;Europe/Kyiv;2022-10-27;Ukraine;48.4262, 26.20272
694382;Shakhtarsk;Shakhtarsk;Katyk,Shakhtars'k,Shakhtarsk,Shakhtars’k,Shakhtersk,Shakhtjorsk,Shakhtërsk,Zapadno-Gruppskiy,Шахтарськ,Шахтерск,Шахтёрск;P;PPL;UA;Ukraine;;05;1406;;;71700;;227;Europe/Kyiv;2023-01-19;Ukraine;48.05657, 38.43826
694494;Serebrianka;Serebrianka;Serebrianka,Serebrjanka,Serebryanka,Серебрянка;P;PPL;UA;Ukraine;;05;1402;;;1111;;77;Europe/Kyiv;2022-10-27;Ukraine;48.91963, 38.13543
695789;Ratne;Ratne;Rafno,Ratne,Ratno,rʼtnʼ,Ратне,ראטנא;P;PPL;UA;Ukraine;;24;0706;;;9657;;156;Europe/Kyiv;2022-10-27;Ukraine;51.6683, 24.5303
695849;Rokytne;Rokytne;Rakitno,Rakitnoe,Rakitnoye,Rokitne,Rokytne,Ракитное,Рокитне;P;PPLA2;UA;Ukraine;;13;3202;;;0;;153;Europe/Kyiv;2022-10-27;Ukraine;49.69055, 30.47955
696262;Pryshyb;Pryshyb;Prishib,Prisib,Prisiba,Prišiba,Prychyb,Pryschyb,Pryshyb,Prysjyb,Prysyb,Pryszyb,Pryšyb,Prîșîb,Prışıb,pu li xi bu,Пришиб,Прышыб,Պրիշիբ,普里希布;P;PPL;UA;Ukraine;;26;2304;;;3110;89;88;Europe/Kyiv;2022-12-13;Ukraine;47.25614, 35.32426
696720;Pokrovske;Pokrovske;Pokrovs'ke,Pokrovske,Pokrovskoe,Pokrovské,Покровское,Покровське;P;PPL;UA;Ukraine;;04;1214;;;9868;110;101;Europe/Kyiv;2023-01-19;Ukraine;47.98126, 36.23446
697924;Pasytsely;Pasytsely;Pasiceli,Passytsely,Passytsély,Pasytsely,Positsely,Пасицели;P;PPL;UA;Ukraine;;17;5112;;;1369;122;127;Europe/Kyiv;2022-10-27;Ukraine;47.83015, 29.68384
699219;Novosyolovka;Novosyolovka;Novoselivka,Novosjolovka,Novosoelovka,Novosyolovka,Novosölovka,Nowosjolowka,Nowosseliwka,Новоселівка,Новосёловка;P;PPLA3;UA;Ukraine;;11;0116;11152615;;1425;130;132;Europe/Simferopol;2022-10-27;Ukraine;44.99377, 33.83525
699553;Zviahel;Zviahel;Novograd Volynski,Novograd-Volins'kij,Novograd-Volynsk,Novograd-Volynskij,Novograd-Volynskiy,Novohrad-Volinski,Novohrad-Volyns'kyy,Novohrad-Volynskyi,Novohrad-Volyns’kyy,Nowograd Wolynsk,Nowogrod Wolynski,Nowogród Wołyński,Nowohrad-Wolynskyj,Swjahel,Zviahel,Zvjagel,Zvjagel',Zvjahelj,Zvyagel',Zvyagel’,Zvydgel,Zwiahel,Zwiahl,nwbwhrd-wwlynsqy,Звягель,Звјагел,Новоград-Волинський,Новоград-Волынский,נובוהרד-וולינסקי;P;PPLA2;UA;Ukraine;;27;1808;;;55925;;218;Europe/Kyiv;2024-02-13;Ukraine;50.59412, 27.6165
699615;Novodruzhesk;Novodruzhesk;Novo-Druzhenka,Novodruzhes'k,Novodruzhesk,Novodruzheskoye,Novodruzhes’k,Новодружеск,Новодружеськ;P;PPL;UA;Ukraine;;14;4412;;;6705;;183;Europe/Kyiv;2023-05-01;Ukraine;48.96351, 38.35201
700051;Nikopol;Nikopol;Mikitins'ka Sich,Mykytyn Rog,Nikopil',Nikopol,Nikopol',Nikopolis,Nikopolj,Νικόπολις,Микитинська Січ,Никополь,Нікополь,Нікопіль;P;PPLA2;UA;Ukraine;;04;1208;;;105160;45;70;Europe/Kyiv;2023-01-22;Ukraine;47.56826, 34.39126
700407;Naydenovka;Naydenovka;Najd'onivka,Najdjonovka,Naydenovka,Tabuldy,Найдьонівка,Найдёновка,Табулды́;P;PPLA3;UA;Ukraine;;11;0112;11152921;;1310;98;100;Europe/Simferopol;2022-10-27;Ukraine;45.27088, 34.44898
701291;Velyki Mezhyrichi;Velyki Mezhyrichi;Mejirici,Mejiriçi,Mendzyzhech,Menzhirichi,Mezherichi,Mezhirichi,Mezhirichi-Koretskiye,Mezritch,Miedzyrzec Korecki,Miedzyrzecz,Międzyrzec Korecki,Międzyrzecz,Vehlyki Mehzhyrychy,Veliki Mejirichi,Veliki Mejirici,Veliki Mezhirichi,Velikie Mezhirichi,Velikiye Mezhirichi,Velyki Mejyrytchy,Velyki Mezhyrichi,Velyki Mezjyritsji,Velyki Mezyrici,Velyki Mezyritsi,Velyki Mežyriči,Velîki Mejîrici,Vеlykі Mеžyrіtšі,Welyki Meschyritschi,da mei ri li qi,mzryts,Великие Межиричи,Великі Межирічі,Вэлыкі Мэжырычы,מזריטש,大梅日里奇;P;PPL;UA;Ukraine;;19;5606;;;2192;;202;Europe/Kyiv;2022-12-26;Ukraine;50.65431, 26.86626
701404;Melitopol;Melitopol;Kiz-Jar,Kyzyl-Yar,Melitopil',Melitopol,Melitopol',Melitopoli,Melitopolj,Melitopolʼ,Mélitopol,Novoalexandrovka,Novooleksandrivka,mellitopol,Μελιτοπόλη,Киз-Яр,Мелитополь,Мелітополь,Мелітопіль,Новоолександрівка,멜리토폴;P;PPLA2;UA;Ukraine;;26;2308;;;148851;38;15;Europe/Kyiv;2023-01-26;Ukraine;46.84735, 35.38196
702509;Larzhanka;Larzhanka;Largeanca,Larjanka,Larschanka,Larzhanka,Lărgeanca,la er ran ka,Ларжанка,拉爾然卡;P;PPL;UA;Ukraine;;17;5108;;;2386;26;13;Europe/Kyiv;2022-10-27;Ukraine;45.35492, 28.71472
703142;Letychiv;Letychiv;Latyczow,Latyczów,Letichev,Letichiv,Letytchiv,Létytchiv,Летичeв,Летичів;P;PPLA2;UA;Ukraine;;09;6804;;;10335;274;273;Europe/Kyiv;2022-10-27;Ukraine;49.3801, 27.61889
704158;Krayneye;Krayneye;Krajne,Krajnee,Krayneye,Teshij,Крайнее,Крайнє,Теши́й;P;PPLA3;UA;Ukraine;;11;0108;11153093;;875;41;45;Europe/Simferopol;2022-10-27;Ukraine;45.22993, 33.83239
704382;Krasnogvardeyskoye;Krasnogvardeyskoye;Krasnogvardejskoe,Krasnogvardeyskoye,Krasnogvardijs'ke,Novyj Cjurikhtal',Красногвардейское,Красногвардійське,Но́вый Цюрихта́ль;P;PPLA3;UA;Ukraine;;11;0118;11153124;;1441;80;76;Europe/Simferopol;2022-10-27;Ukraine;45.18348, 34.95066
704397;Krasnogorka;Krasnogorka;Kenegez,Kop-Kenegez,Krasnogirka,Krasnogorka,Кенеге́з,Коп-Кенеге́з,Красногорка,Красногірка;P;PPLA3;UA;Ukraine;;11;0110;11128516;;827;;52;Europe/Simferopol;2022-10-27;Ukraine;45.24513, 35.80739
704565;Kozhanka;Kozhanka;Kojanka,Koschanka,Kozanka,Kozhanka,Kożanka,Kožanka,ke ran ka,Кожанка,科然卡;P;PPL;UA;Ukraine;;13;3214;;;1778;;196;Europe/Kyiv;2022-10-27;Ukraine;49.97231, 29.76424
704949;Kornyn;Kornyn;Kornin,Kornyn,Корнин;P;PPL;UA;Ukraine;;27;1804;;;1974;;198;Europe/Kyiv;2022-10-27;Ukraine;50.0953, 29.53581
705799;Kirovskoye;Kirovskoye;Islam-Terek,Kirovs'ke,Kirovskoe,Kirovskoye,Исла́м-Тере́к,Кировское,Кіровське;P;PPLA2;UA;Ukraine;;11;0118;;;7064;30;25;Europe/Simferopol;2022-11-08;Ukraine;45.22967, 35.19987
706271;Khorostkiv;Khorostkiv;Chorostkow,Chorostków,Horostkiv,Khorostkiv,Khorostkov,Хоростков,Хоростків;P;PPL;UA;Ukraine;;22;6106;;;6703;320;304;Europe/Kyiv;2022-10-27;Ukraine;49.21385, 25.91964
706281;Khorosheve;Khorosheve;Choroschewe,Choroseve,Choroševe,Horoseve,Horoşeve,Khorashehveh,Khorocheve,Khorosheve,Khoroshevo,Xorosevo,Xorosheve,huo luo she wei,Ĥoroŝeve,Хорашэвэ,Хорошеве,Хорошево,Խորոշևո,霍羅舍韋;P;PPL;UA;Ukraine;;07;6312;;;4432;;114;Europe/Kyiv;2022-10-27;Ukraine;49.8517, 36.22759
707026;Kamyanka-Dniprovska;Kamyanka-Dniprovska;Kam'janka-Dniprovs'ka,Kam'janka-na-Dnipri,Kamenka-Dneprovskaja,Kamianka-Dniprovska,Kamjanka-Dniprovska,Kamjanka-Dniprowska,Kamyanka-na-Dnipri,Mala Znam'janka,Кам'янка-на-Дніпрі,Каменка-Днепровская,Кам’янка-Дніпровська,Мала Знам'янка;P;PPL;UA;Ukraine;;26;2304;;;12117;15;19;Europe/Kyiv;2023-05-02;Ukraine;47.49629, 34.41026
708223;Hrabove;Hrabove;Grabova,Grabove,Grabovo,Hrabove,Hrabové,Грабове;P;PPL;UA;Ukraine;;17;5112;;;1293;146;132;Europe/Kyiv;2022-10-27;Ukraine;48.02341, 29.03594
708257;Hoshcha;Hoshcha;Gosca,Goshcha,Goshha,Goşça,Hochtcha,Hosca,Hoscea,Hoscha,Hoschtscha,Hoshcha,Hoszcza,Hošča,Hoșcea,Xoshcha,huo xia,hwshtsha,hwsz',Гошча,Гоща,Գոշչա,הושץ',هوشتشا,霍夏;P;PPL;UA;Ukraine;;19;5606;;;5084;;199;Europe/Kyiv;2022-10-27;Ukraine;50.6003, 26.67435
708289;Horokhivske;Horokhivske;Gorokhivs'ke,Gorokhovskoe,Horokhivske,Horokhivské,Гороховское,Горохівське;P;PPL;UA;Ukraine;;16;4802;;;1022;52;55;Europe/Kyiv;2022-10-27;Ukraine;46.95742, 32.70372
708839;Hertsa;Hertsa;Gerca,Herta,Hertsa,Herța,Khertsa,Герца;P;PPL;UA;Ukraine;;03;7306;;;2118;159;158;Europe/Kyiv;2022-10-27;Ukraine;48.14752, 26.26186
709778;Dolyns’ke;Dolyns'ke;Anadol,Anadolka,Dolins'ke,Dolinskoe,Dolynske,Dolynské,Анадолка,Долинское,Долинське;P;PPL;UA;Ukraine;;17;5108;;;2705;15;14;Europe/Kyiv;2022-10-27;Ukraine;45.46878, 28.32553
711416;Brody;Brody;Brodai,Brodi,Brody,Brodî,Brodı,beulodi,brodi,brody,brwdy,bu luo de,burodi,Броди,Броды,Բրոդի,ברודי,برودي,برودی,ბროდი,ブロディ,布羅德,브로디;P;PPL;UA;Ukraine;;15;4604;;;23134;;223;Europe/Kyiv;2023-09-02;Ukraine;50.08791, 25.15027
711841;Bolhrad;Bolhrad;Balgrad,Bolgrad,Bolhrad,Bolhradas,Bołgrad,bo er he la de,bolgradi,bolheuladeu,bwlhrad,Балград,Болград,Բոլգրադ,بولهراد,ბოლგრადი,博爾赫拉德,볼흐라드;P;PPLA2;UA;Ukraine;;17;5106;;;15044;75;65;Europe/Kyiv;2023-03-07;Ukraine;45.67786, 28.61811
712467;Bendzary;Bendzary;Bendzari,Bendzary,Бендзари;P;PPL;UA;Ukraine;;17;5112;;;1316;122;138;Europe/Kyiv;2022-10-27;Ukraine;47.9288, 29.67703
712566;Bilolissya;Bilolissya;Achmanghit,Akmangit,Beloles'e,Bilolissia,Bilolissja,bi luo li si xi ya,Акмангит,Белолесье,Білолісся,比洛利斯西亞;P;PPL;UA;Ukraine;;17;5104;;;2335;3;24;Europe/Kyiv;2022-10-27;Ukraine;45.89209, 29.69894
713163;Artsyz;Artsyz;Alt-Arzis,Arciz,Arcyz,Arcyzas,Artsiz,Artsyz,Artsız,a er qi zi,artsizi,artsyz,Арциз,Арцыз,Արցիզ,أرتسيز,არციზი,阿爾齊茲;P;PPL;UA;Ukraine;;17;5106;;;14355;16;18;Europe/Kyiv;2023-04-30;Ukraine;45.98526, 29.43286
830019;Sofiivka;Sofiivka;Sofievka,Sofiivka,Sofiyevka,Sofiyivka,Sofiïvka,Софиевка,Софіївка;P;PPL;UA;Ukraine;;16;4808;;;1343;133;129;Europe/Kyiv;2022-10-27;Ukraine;48.0814, 31.06588
7021003;Izumrudnoye;Izumrudnoye;Izumrudne,Izumrudnoe,Izumrudnoye,Ізумрудне,Изумрудное;P;PPLA3;UA;Ukraine;;11;0106;11152849;;1905;18;8;Europe/Simferopol;2022-10-27;Ukraine;45.73704, 34.41299
7021041;Pakharevka;Pakharevka;Pakharevka,Pakharivka,Пахаревка,Пахарівка;P;PPLA3;UA;Ukraine;;11;0106;11152859;;1161;19;20;Europe/Simferopol;2022-10-27;Ukraine;45.83472, 34.16129
7021048;Luganskoye;Luganskoye;28-j uchastok,28-й участок,Lugans'ke,Luganskoe,Luganskoye,Луганское,Луганське;P;PPLA3;UA;Ukraine;;11;0106;11152853;;1129;25;25;Europe/Simferopol;2022-10-27;Ukraine;45.8019, 34.23786
7026896;Sovkhoznoye;Sovkhoznoye;Sovkhozne,Sovkhoznoe,Sovkhoznoye,Совхозне,Совхозное;P;PPLA3;UA;Ukraine;;11;0114;11152956;;1330;6;6;Europe/Simferopol;2022-10-27;Ukraine;45.96005, 33.77155
11183753;Nove;Nove;Nove,Novoe,Nové,Нове,Новое;P;PPL;UA;Ukraine;;10;3504;;;8533;180;171;Europe/Kyiv;2022-10-27;Ukraine;48.52725, 32.12223
618835;Zhydachiv;Zhydachiv;Jidaciv,Jydatchiv,Jîdaciv,Jıdaçiv,Schydatschiw,Zhidachev,Zhidachiv,Zhidachov,Zhidechuv,Zhidáchiv,Zhydachiv,Zhydachuv,Zhydachyu,Zidaciva,Zjydatsjiv,Zodatsiv,Zydaciv,Zydacivas,Zydaciw,Zydaczow,j'haidaciv,jydatshyf,ri da qiao fu,zhidachovi,zhydashyf,zuidachofu,Żydaczów,Židačiva,Žydačiv,Žydačivas,Žydačiw,Žõdatšiv,Жидачов,Жидачів,Жыдачив,Жыдачыў,Ժիդաչև,זידאצוב,جيداتشيف,ژیداشیف,జ్హైదాచివ్,ჟიდაჩოვი,ズィダチョフ,日達喬夫;P;PPLA2;UA;Ukraine;;15;4610;;;0;;260;Europe/Kyiv;2022-10-27;Ukraine;49.38315, 24.13938
687391;Zelenogorskoye;Zelenogorskoye;Zelenogirs'ke,Zelenogorskoe,Zelenogorskoye,Зеленогорское,Зеленогірське;P;PPLA3;UA;Ukraine;;11;0104;11152830;;1877;302;298;Europe/Simferopol;2022-10-27;Ukraine;45.01249, 34.46848
688412;Yarove;Yarove;Diulmeni,Djul'men',Gjulmjan,Jarove,Jarovoe,Yarove,Yarové,ya luo wei,Гюлмян,Дюльмень,Ярове,Яровое,亞羅韋;P;PPL;UA;Ukraine;;17;5106;;;1234;104;89;Europe/Kyiv;2022-10-27;Ukraine;46.04494, 29.09588
688663;Vyshchetarasivka;Vyshchetarasivka;Novoanastas'evka,Novoanastas'yevka,Novoanastas’yevka,Tarasovka,Velikaya Tarasovka,Verkhne-Tarasovka,Verkhnyaya Tarasovka,Visetarasivka,Vishhetarasivka,Vyshchetarasivka,Vyshchevtarasivka,Vyshetarasovka,Vysshetarasovka,Вищетарасівка,Высшетарасовка,Новоанастасьевка;P;PPL;UA;Ukraine;;04;1208;;;3651;;40;Europe/Kyiv;2022-10-27;Ukraine;47.57106, 34.88115
689543;Vynohradivka;Vynohradivka;Curciu,Kurchij,Kurcu,Kurçu,Vinogradivka,Vinogradovka,Vynohradivka,Wynohradiwka,fynwhradyfka,wei nuo ge la ji fu ka,Виноградовка,Виноградівка,Курчий,Վինոգրադովկա,فينوهراديفكا,維諾格拉季夫卡;P;PPL;UA;Ukraine;;17;5106;;;3923;57;9;Europe/Kyiv;2022-10-27;Ukraine;45.67896, 28.57571
689740;Vesele;Vesele;Koutlak,Kutlak,Qutlaq,Vehsehleh,Vesele,Veseloe,Veseloye,Vesjoloe,Vesëloye,Веселе,Веселое,Весёлое,Вэсэлэ,Кутлак;P;PPL;UA;Ukraine;;11;0118;;;1675;126;121;Europe/Simferopol;2023-03-24;Ukraine;44.85521, 34.87961
689834;Verchnia Rozhanka;Verchnia Rozhanka;Rozhanka Vizhna,Verkhnja Rozhanka,Verkhnjaja Rozhanka,Verkhnya Rozhanka,Verkhnyaya Rozhanka,Верхня Рожанка,Верхняя Рожанка;P;PPL;UA;Ukraine;;15;4610;;;1134;;707;Europe/Kyiv;2022-10-27;Ukraine;48.7805, 23.51545
691037;Oleshky;Oleshky;Aleshki,Aljoshki,Cjurupins'k,Cjurupinsk,Olechky,Oleschky,Oleshki,Oleshky,Oleski,Oleški,Tsyurupynsk,Zjurupynsk,Алешки,Алёшки,Олешки,Цюрупинск,Цюрупинськ;P;PPLA2;UA;Ukraine;;08;6510;;;24639;8;13;Europe/Kyiv;2023-09-01;Ukraine;46.62553, 32.72426
691339;Trapivka;Trapivka;Trapivka,Trapovka,Tropoclo,te la pi fu ka,Траповка,Трапівка,特拉皮夫卡;P;PPL;UA;Ukraine;;17;5104;;;1068;13;17;Europe/Kyiv;2022-10-27;Ukraine;45.794, 29.69931
691920;Sary-Bash;Sary-Bash;Sari-Bash,Sary Bas,Sary Baš,Sary-Bash,Tanino,Сари-Баш,Сары-Баш,Та́нино;P;PPLA3;UA;Ukraine;;11;0112;11153016;;835;100;108;Europe/Simferopol;2022-10-27;Ukraine;45.57142, 33.78728
692122;Svarychiv;Svarychiv;Svarichev,Svarichiv,Svarichov,Svariciv,Svarychev,Svarychiv,Svarychuv,Svaryciv,Svarytsiv,Svarytsjiv,Svaryçiv,Svaryčiv,Svarîciv,Svаrytšіv,Swaryczow,Swaryczów,Swarytschiw,si wa li qi fu,Сваричев,Сваричів,斯瓦里奇夫;P;PPL;UA;Ukraine;;06;2606;;;4845;;343;Europe/Kyiv;2022-10-27;Ukraine;48.95907, 24.18942
692170;Susanino;Susanino;Bijuk-Buzav,Susanine,Susanino,Бию́к-Буза́в,Сусанино,Сусаніне;P;PPLA3;UA;Ukraine;;11;0112;11153020;;800;71;71;Europe/Simferopol;2022-10-27;Ukraine;45.49898, 33.69854
693283;Ilyinka;Ilyinka;Il'inka,Illinka,Ilyinka,Novyj Dzhelishaj,Vilor,Іллінка,Вило́р,Ильинка,Но́вый Джелиша́й;P;PPLA3;UA;Ukraine;;11;0114;11152949;;1140;9;10;Europe/Simferopol;2022-10-27;Ukraine;45.81784, 33.79482
693679;Skhidnytsia;Skhidnytsia;Schidnycja,Schidnyzja,Schodnica,Shidnitea,Shidnitsa,Shidnîțea,Shidnıtsâ,Sjidnytsia,Sjídnytsia,Skhidnicja,Skhidnycja,Skhidnytsia,Skhidnytsya,Skhodnica,Skhodnitsa,Sxidnitsa,Szhidnicja,shwdnyzh,si xi de ni cha,Схидныця,Сходница,Східниця,Східныця,סחודניצה,斯希德尼察;P;PPL;UA;Ukraine;;15;4602;;;2259;;554;Europe/Kyiv;2023-12-12;Ukraine;49.22409, 23.35245
693709;Skadovsk;Skadovsk;Ali-Agok,Skadivs'ke,Skadovs'k,Skadovsk,Skadowsk,Алі-Агок,Скадовск,Скадовськ,Скадівське;P;PPLA2;UA;Ukraine;;08;6508;;;17915;5;6;Europe/Kyiv;2022-10-27;Ukraine;46.11313, 32.90978
694106;Partizany;Partizany;Partizani,Partizany,Shejkh-Ehli,Партизани,Партизаны,Шейх-Эли́;P;PPLA3;UA;Ukraine;;11;0118;11152898;;1487;75;75;Europe/Simferopol;2022-10-27;Ukraine;45.14373, 35.15509
694273;Snovsk;Snovsk;Shchors,Shchorsk,Shhors,Snovs'k,Snovsk,Сновськ,Щорс;P;PPL;UA;Ukraine;;02;7402;;;10620;;125;Europe/Kyiv;2023-05-02;Ukraine;51.81943, 31.94412
695370;Rivne;Rivne;Cuporani,Kuporan,Rivne,Rivné,Rovnoe,Купоран,Ровное,Рівне;P;PPL;UA;Ukraine;;17;5106;;;1505;78;72;Europe/Kyiv;2022-10-27;Ukraine;46.01753, 29.1398
695425;Rososhany;Rososhany;Rososani,Rososhan',Rososhani,Rososhany,Rososhan’,Rosoșani,Rossochany,Росошани,Росошаны;P;PPL;UA;Ukraine;;03;7304;;;2125;228;229;Europe/Kyiv;2022-10-27;Ukraine;48.39905, 27.00197
695798;Rozsypne;Rozsypne;Rassypnoy,Rassypnoye,Rozsipne,Rozsypne,Розсипне;P;PPL;UA;Ukraine;;05;1406;;;4911;;250;Europe/Kyiv;2022-10-27;Ukraine;48.14966, 38.57619
695937;Radcha;Radcha;Radcea,Radcha,Radcza,Radtsa,Radtscha,Radtsja,Rаdtšа,la de qia,Радча,拉德恰;P;PPL;UA;Ukraine;;06;2604;;;2927;;287;Europe/Kyiv;2022-10-27;Ukraine;48.85081, 24.65603
696321;Prybuzhzhya;Prybuzhzhya;Ak-Mechet',Pribuzh'e,Pribuzhzhja,Pryboujjia,Ак-Мечеть,Прибужжя,Прибужье;P;PPL;UA;Ukraine;;16;4804;;;1989;24;30;Europe/Kyiv;2022-10-27;Ukraine;47.67286, 31.23443
697384;Petrivka;Petrivka;Petrivka,Petrovka,Petrovskogo,Poselok Petrovskogo,Posëlok Petrovskogo,Петрівка;P;PPL;UA;Ukraine;;17;5102;;;4595;96;98;Europe/Kyiv;2022-10-27;Ukraine;46.9108, 30.72167
697889;Pavlohrad;Pavlohrad;Paulagrad,Pavlograd,Pavlohrad,Pavlohrada,Pavlohradas,Pawlohrad,Pawłohrad,ba fu luo ge lei,pabeulloheuladeu,paurofurado,pawlwhrad,Павлоград,Паўлаград,Պավլոգրադ,פאבלוהראד,پاولوهراد,პავლოგრადი,パウロフラード,巴甫洛格勒,파블로흐라드;P;PPLA2;UA;Ukraine;;04;1212;;;101430;71;71;Europe/Kyiv;2023-01-22;Ukraine;48.53214, 35.86878
698102;Ozerne;Ozerne;Azehrneh,Oserne,Ozerne,Ozerni,Ozernoye,Ozjornoe,Ozyornoe,Ozërnoye,ao ze er nei,ozerune,Οζέρνε,Азэрнэ,Озерне,Озерни,Озёрное,Օզյորնոե,オゼルネ,奥泽尔内;P;PPL;UA;Ukraine;;27;1804;;;5777;;220;Europe/Kyiv;2022-10-27;Ukraine;50.17816, 28.73384
698740;Odesa;Odesa;Adehsa,Ades,Juzhnaja stolica,Khadjibey,Khadzhibej,Kocjubiiv,ODS,Odesa,Odesa-mama,Odess,Odessa,Odessa osh,Odessae,Odesse,Odessos,Odessus,Odessza,Odissos,Oděsa,Perlina Chornogo morja,Pivdenna Pal'mira,Pivdenna stolicja,Stolica Jumora,Udessa,Zhemchuzhina u morja,ao de sa,awdsa,awdysa,odesa,odessa,Ódessa,ʼwdysʼ,Οδησσός,Адэса,Жемчужина у моря,Коцюбіїв,Одеса,Одесс,Одессæ,Одесса,Одесса ош,Одессе,Перлина Чорного моря,Південна Пальміра,Південна столиця,Столица Юмора,Хаджибей,Южная столица,Օդեսա,אדעס,אודיסא,אודסה,أوديسا,اودسا,اوديسا,اودیسا,ओदेसा,အိုဒက်ဆာမြို့,ოდესა,オデッサ,敖德薩,오데사;P;PPLA;UA;Ukraine;;17;5110;;;1015826;50;34;Europe/Kyiv;2023-10-21;Ukraine;46.48572, 30.74383
699320;Novopoltavka;Novopoltavka;Koloniya Poltavka,Novopoltavka,Nowopoltawka,Nowopołtawka,Nоvоpоltаvkа,nouoporutauka,nwbwpwltbqh,xin bo er ta fu ka,Новополтавка,Նովոպոլտավկա,נובופולטבקה,ノウォポルタウカ,新波爾塔夫卡;P;PPL;UA;Ukraine;;16;4802;;;1115;82;83;Europe/Kyiv;2022-10-27;Ukraine;47.54864, 32.502
699811;Nova Odesa;Nova Odesa;Fedorovka,Nova Odesa,Nova Odessa,Novaja Odessa,Нова Одеса,Новая Одесса;P;PPLA2;UA;Ukraine;;16;4806;;;13547;26;21;Europe/Kyiv;2022-10-27;Ukraine;47.31268, 31.76972
701031;Myronivka;Myronivka;Mironivka,Mironovka,Mironowka,Mironówka,Myronivka,Myroniwka,Mîronivka,Mıronivka,mi luo nuo fu ka,myrwnyfka,Мироновка,Миронівка,Միրոնովկա,میرونیفکا,მირონოვკა,米羅諾夫卡;P;PPL;UA;Ukraine;;13;3212;;;11103;;122;Europe/Kyiv;2023-05-01;Ukraine;49.66007, 30.98225
701275;Petrashivka;Petrashivka;Mihoreni,Petrachivka,Petrashivka,Petrashovka,Pétrachivka,Петрашовка,Петрашівка;P;PPL;UA;Ukraine;;03;7306;;;2008;346;388;Europe/Kyiv;2022-10-27;Ukraine;48.1, 26.1
701413;Melekyne;Melekyne;Byelosarai,Melekine,Melekino,Melekyne,Meļekine,Mełekine,Milyenko,Mеlеkіnе,Мелекине,Мелекино,Мелекіне,Մելեկինո;P;PPL;UA;Ukraine;;05;1414;;;1356;;0;Europe/Kyiv;2022-10-27;Ukraine;46.95648, 37.3933
701669;Maryevka;Maryevka;Mar'evka,Mar'ivka,Maryevka,Марьевка,Мар’ївка;P;PPLA3;UA;Ukraine;;11;0110;11129210;;591;;71;Europe/Simferopol;2022-10-27;Ukraine;45.1133, 36.23992
702320;Makiivka;Makiivka;Dmitriyevsk,Makayevka,Makeevka,Makejevka,Makejewka,Makeyevka,Makiivka,Makijivka,Makiyivka,Makyeevka,Makyevka,Макеевка,Макіївка;P;PPLA2;UA;Ukraine;;05;1408;;;338968;;223;Europe/Kyiv;2023-01-22;Ukraine;48.04782, 37.92576
702574;Lutovynivka;Lutovynivka;Lutovinivka,Lutovinovka,Lutovynivka,Lutovînivka,Lutоvynіvkа,lu tuo wei ni fu ka,Лутовиновка,Лутовинівка,Լուտովինովկա,盧托維尼夫卡;P;PPL;UA;Ukraine;;18;5302;;;2000;;84;Europe/Kyiv;2022-10-27;Ukraine;49.2366, 33.90112
703042;Lypcha;Lypcha;Lipca,Lipcha,Lipcse,Lipsa,Lipse,Lipsha,Lipča,Lipša,Lypcha,Липча;P;PPL;UA;Ukraine;;25;2112;;;3640;;208;Europe/Kyiv;2022-12-13;Ukraine;48.26194, 23.38394
703840;Kryzhopil;Kryzhopil;Krijopil,Krizhopil',Krizopol,Kryjopil,Kryschopil,Kryzhopil,Kryzhopil',Kryzhopol',Kryzjopil,Kryzopil,Kryzopil',Kryžopil,Kryžopil',Krzyzopol,Krzyżopol,Krîjopil,Krıjopil,ke lei ruo pi er,qryz'wpyl,Крижопіль,Крыжопиль,Крыжополь,Крыжопіль,Կրիժոպոլ,קריז'ופיל,克雷若皮尔;P;PPL;UA;Ukraine;;23;0510;;;8754;289;299;Europe/Kyiv;2023-01-19;Ukraine;48.3821, 28.86766
704617;Kovel;Kovel;Kovel,Kovel',Kovelj,Kovel’,Kowel,qʼwwlʻ,Ковель,קאוולע;P;PPLA2;UA;Ukraine;;24;0706;;;67575;;172;Europe/Kyiv;2023-01-23;Ukraine;51.21526, 24.70867
704901;Korosten;Korosten;Korosten,Korosten',Korostenj,Korosten’,Korosteń,Koroszteny,Коростень;P;PPLA2;UA;Ukraine;;27;1806;;;61496;;178;Europe/Kyiv;2023-11-30;Ukraine;50.95937, 28.63855
705307;Koloniya Zastav’ye;Koloniya Zastav'ye;Koloniya Zastav'ye,Koloniya Zastav’ye,Zastav'ye,Zastav’ye;P;PPL;UA;Ukraine;;19;5606;;;3642;;197;Europe/Kyiv;2022-10-27;Ukraine;50.81667, 27.03333
705621;Klivodyn;Klivodyn;Clivodin,Klivodin,Klivodyn,Кливодин,Кліводин;P;PPL;UA;Ukraine;;03;7306;;;1704;234;231;Europe/Kyiv;2022-10-27;Ukraine;48.477, 25.75195
706941;Komyshuvakha;Komyshuvakha;Kamyshevakha,Komishuvakha,Komychouvakha,Камышеваха,Комишуваха;P;PPL;UA;Ukraine;;26;2306;;;5211;29;30;Europe/Kyiv;2022-12-13;Ukraine;47.71491, 35.52405
707052;Kamyanka;Kamyanka;Kam'janka,Kamenka,Kamianka,Каменка,Кам’янка;P;PPLA2;UA;Ukraine;;01;7108;;;11501;127;136;Europe/Kyiv;2022-10-27;Ukraine;49.03955, 32.10174
707183;Kalinovka;Kalinovka;Kalinivka,Kalinovka,Korpe,Калиновка,Калинівка,Корпе́;P;PPLA3;UA;Ukraine;;11;0110;11128513;;2302;;15;Europe/Simferopol;2022-10-27;Ukraine;45.31658, 35.74643
707440;Skosarivka;Skosarivka;Skosarivka,Skossarivka,Скосарівка;P;PPL;UA;Ukraine;;17;5102;;;1007;33;32;Europe/Kyiv;2022-10-27;Ukraine;47.44407, 30.52626
707689;Ilarionove;Ilarionove;Ilarionove,Ilarionové,Illarionovo,Іларіонове,Илларионово;P;PPL;UA;Ukraine;;04;1214;;;8836;152;157;Europe/Kyiv;2022-10-27;Ukraine;48.40458, 35.27933
707704;Illinka;Illinka;Il'inka,Ilinka,Illinka,Il’inka,Iļļinka,yi lin ka,İllinka,Іllіnkа,Іллінка,Ильинка,Իլինկա,伊林卡;P;PPL;UA;Ukraine;;17;5110;;;1350;32;44;Europe/Kyiv;2022-10-27;Ukraine;46.68136, 30.6377
708031;Hrozyntsi;Hrozyntsi;Grozinci,Grozincy,Grozinti,Grozinți,Hrozyntsi,Грозинцы,Грозинці;P;PPL;UA;Ukraine;;03;7306;;;2113;250;267;Europe/Kyiv;2022-10-27;Ukraine;48.42517, 26.14864
708251;Hostomel;Hostomel;Gostomel,Gostomel',Hostomel,Гостомель;P;PPL;UA;Ukraine;;13;3208;;;18466;;109;Europe/Kyiv;2023-05-05;Ukraine;50.56841, 30.2651
708434;Horinchovo;Horinchovo;Gorinchovo,Gorincovo,Horinchove,Horinchovo,Horincovo,Horinčovo,Горінчово;P;PPL;UA;Ukraine;;25;2112;;;2959;;227;Europe/Kyiv;2022-12-13;Ukraine;48.27044, 23.4321
708614;Holmivskyi;Holmivskyi;Dolomit,Gol'mivs'kij,Gol'movskij,Gol'movskiy,Gol’movskiy,Hol'mivs'kyy,Holmivskyi,Hol’mivs’kyy,Гольмовский,Гольмівський;P;PPL;UA;Ukraine;;05;1406;;;6750;;188;Europe/Kyiv;2023-05-02;Ukraine;48.40463, 38.08177
708636;Hoholeve;Hoholeve;Gogoleve,Gogolevo,Hoholeve,Hoholévé,Гоголеве,Гоголево;P;PPL;UA;Ukraine;;18;5306;;;2503;137;112;Europe/Kyiv;2022-10-27;Ukraine;49.92113, 33.82236
709034;Halych;Halych;Aliche,Galic,Galich,Galič,Galıç,Halica,Halicas,Halici,Halicz,Halicʻ,Halitsch,Haliča,Haličas,Halyc,Halych,Halytch,Halytsch,Halytsj,Halytx,Halyč,Halîci,galichi,hallichi,halych,halytsh,haruichi,jia li qi,Галич,Галіч,Հալիչ,האליץ,هاليتش,هالیچ,გალიჩი,ハールィチ,加利奇,할리치;P;PPLA2;UA;Ukraine;;06;2604;;;6086;213;224;Europe/Kyiv;2023-01-23;Ukraine;49.12374, 24.72748
709399;Dvorichna;Dvorichna;Dvarychna,Dvorichna,Dvoricna,Dvoritchna,Dvoritjna,Dvoritsna,Dvoritxna,Dvoritšna,Dvoriçna,Dvorična,Dvurechnaja,Dvurechnaya,Dvuretshnaya,Dvurichna,Dworiczna,Dworitschna,Ntvoritsna,de wo li qi na,Ντβορίτσνα,Дварычна,Дворічна,Двуречная,Двурична,Դվուրեչնայա,德沃里奇納;P;PPL;UA;Ukraine;;07;6308;;;3290;;86;Europe/Kyiv;2023-05-02;Ukraine;49.85019, 37.68262
709940;Dnipryany;Dnipryany;Britani,Brytany,Dneprjany,Dnipriany,Dniprjani,Британи,Днепряны,Дніпряни;P;PPL;UA;Ukraine;;08;6506;;;4172;23;19;Europe/Kyiv;2022-10-27;Ukraine;46.74849, 33.26632
710098;Derhachi;Derhachi;Dergachi,Dergaci,Dergacze,Dergatschi,Dergaçi,Derhachi,Derhachy,Derhaci,Derhaciai,Derhatchi,Derhatschi,Derhatsji,Derhači,Derhačiai,dergachi,drhachy,dyrhatshy,jie er jia qi,Дергачи,Дергачі,Դերգաչի,درهاچی,ديرهاتشي,დერგაჩი,傑爾加奇;P;PPL;UA;Ukraine;;07;6312;;;17139;;121;Europe/Kyiv;2023-04-30;Ukraine;50.10659, 36.12112
710129;Derazhnya;Derazhnya;Derajnia,Derazhnja,Dérajnia,Деражня;P;PPLA2;UA;Ukraine;;09;6804;;;10085;280;285;Europe/Kyiv;2022-10-27;Ukraine;49.26915, 27.42909
710182;Demydove;Demydove;Demidova,Demidove,Demidovka,Demidovo,Demydove,Демидове;P;PPL;UA;Ukraine;;17;5102;;;1029;16;17;Europe/Kyiv;2022-10-27;Ukraine;47.26454, 30.67488
710463;Chynadiyovo;Chynadiyovo;Chinad'ovo,Chinadievo,Chinadijovo,Chynadiieve,Chynadiyovo,Chynadzieva,Ciinadiiovo,Cinadijovo,Cinadiyovo,Ciînadiiovo,Cynadijovo,Czynadijowo,Szentmiklos,Szentmiklós,Tchynadiiovo,Tchynadiïovo,Tschynadijowo,qi na di yue wo,Çınadiyovo,Ĉinadijovo,Čynadijovo,Чинадиево,Чинадьово,Чинадійово,Чынадзіева,Չինադիևո,奇纳迪约沃;P;PPL;UA;Ukraine;;25;2104;;;6762;148;147;Europe/Kyiv;2022-12-13;Ukraine;48.48666, 22.83368
710718;Cherniiv;Cherniiv;Cerniiv,Cherneyev,Cherneyuv,Cherniiv,Cherniyev,Cherniyiv,Czerniejow,Czerniejów,Черніїв;P;PPL;UA;Ukraine;;06;2604;;;3801;;273;Europe/Kyiv;2022-10-27;Ukraine;48.85589, 24.71557
710782;Chorna;Chorna;Cherna,Chernaya,Chorna,Chërnaya,Чорна;P;PPL;UA;Ukraine;;17;5112;;;2157;120;102;Europe/Kyiv;2022-10-27;Ukraine;47.61999, 29.33845
711425;Brodetske;Brodetske;Brodec'ke,Brodeckoe,Brodetske,Brodetské,Бродецкое,Бродецьке;P;PPL;UA;Ukraine;;23;0512;;;2147;251;264;Europe/Kyiv;2022-10-27;Ukraine;49.75994, 28.61807
711820;Velyka Balka;Velyka Balka;Bol'shaya Balka,Bol'shaya Fomina Balka,Bol’shaya Balka,Bol’shaya Fomina Balka,Velika Balka,Velyka Balka,Velîka Balka,Welyka Balka,Wełyka Bałka,da ba er ka,Велика Балка,大巴爾卡;P;PPL;UA;Ukraine;;17;5110;;;1212;52;44;Europe/Kyiv;2022-10-27;Ukraine;46.56141, 30.6089
712228;Donskoye;Donskoye;Dons'ke,Donskoe,Donskoye,Kerneuch,Донское,Донське,Кернеу́ч;P;PPLA3;UA;Ukraine;;11;0116;11152605;;1997;275;271;Europe/Simferopol;2022-10-27;Ukraine;45.04509, 34.21413
712944;Baksha;Baksha;Bakcha,Baksha,Бакша;P;PPL;UA;Ukraine;;17;5112;;;1078;201;203;Europe/Kyiv;2022-10-27;Ukraine;48.00944, 29.9774
865087;Teplodar;Teplodar;Tehpladar,Teplodar,Teplodara,Téplodar,jie pu luo da er,tplwdar,tʼepʼlodari,Теплодар,Тэпладар,Տեպլոդար,تپلودار,ტეპლოდარი,捷普洛達爾;P;PPL;UA;Ukraine;;17;5110;;;9958;37;84;Europe/Kyiv;2023-05-02;Ukraine;46.50196, 30.32256
6976172;Komsomol’skoye;Komsomol'skoye;Komsomol's'ke,Komsomol'skoe,Komsomol'skoye,Комсомольское,Комсомольське;P;PPL;UA;Ukraine;;11;0116;;;4447;223;191;Europe/Simferopol;2022-10-27;Ukraine;45.019, 34.03049
7026824;Senokosnoye;Senokosnoye;Bozuk-Kuju,Buzukkoj,Senokosnoe,Senokosnoye,Sinokisne,Бозу́к-Кую́,Бузукко́й,Сенокосное,Сінокісне;P;PPL;UA;Ukraine;;11;0114;11153029;;1058;35;34;Europe/Simferopol;2022-10-27;Ukraine;45.73277, 33.51552
9984774;Molodizhne;Molodizhne;Molodezhnoye,Molodizhne,Молодіжне;P;PPL;UA;Ukraine;;17;5110;;;2897;44;44;Europe/Kyiv;2022-10-27;Ukraine;46.31211, 30.61554
710794;Cherkaske;Cherkaske;Cherkas'ke,Cherkasskoe,Tcherkaske,Tcherkaské,Черкасское,Черкаське;P;PPL;UA;Ukraine;;04;1210;;;4116;70;67;Europe/Kyiv;2022-10-27;Ukraine;48.70594, 35.37868
710864;Chemerivtsi;Chemerivtsi;Chemerivci,Chemerovcy,Czemerowce,Tchemerivtsi,Tchémérivtsi,Чемеровцы,Чемерівці;P;PPL;UA;Ukraine;;09;6802;;;5200;278;289;Europe/Kyiv;2023-01-21;Ukraine;49.00914, 26.34002
711359;Bryukhovychi;Bryukhovychi;Brjukhovichi,Bruhovici,Bryukhovichi,Bryukhovychi,Brzuchowice,Bzhukhovitse,Брюховичи,Брюховичі;P;PPL;UA;Ukraine;;15;4606;;;6440;;286;Europe/Kyiv;2022-10-27;Ukraine;49.90467, 23.95969
711952;Bohdan;Bohdan;Belaya Tissa,Bila Tisa,Bilá Tisa,Bogdan,Bohdan,Byala Tissa,Bоhdаn,Tiszabogboy,Tiszabogdany,Tiszabogdány,bo he dan,bwhdan  zakarbatska,Богдан,Բոգդան,בוגדאן,بوهدان، زاكارباتسكا,博赫丹;P;PPL;UA;Ukraine;;25;2106;;;3155;;528;Europe/Kyiv;2022-12-13;Ukraine;48.04262, 24.33956
712250;Bershad;Bershad;Berchad,Berschad,Bershad',Berszad,brsd,bʻrsʼad‏‎,Бершадь,בערשאַד‏‎,ברשד;P;PPL;UA;Ukraine;;23;0504;;;12205;171;177;Europe/Kyiv;2023-05-01;Ukraine;48.36354, 29.51463
713179;Skorokhodove;Skorokhodove;Artemivka,Artemovka,Artëmovka,Skorokhodove,Skorokhodovo,Skorokhodové,Артемовка,Артемівка,Скороходове,Скороходово;P;PPL;UA;Ukraine;;18;5308;;;3238;;167;Europe/Kyiv;2022-10-27;Ukraine;49.77437, 35.07407
713222;Arbuzynka;Arbuzynka;Arbouzynka,Arbusinka,Arbusynka,Arbuzinka,Arbuzynka,Arbuzînka,Arbuzınka,a er bu jin ka,arbwzynka,Арбузинка,Арбузынка,Արբուզինկա,أربوزينكا,اربوزينكا,阿爾布津卡;P;PPL;UA;Ukraine;;16;4808;;;6266;124;115;Europe/Kyiv;2023-01-21;Ukraine;47.90791, 31.31701
832388;Novosel’skoye;Novosel'skoye;Novosel'skoe,Novosel'skoye,Novosel’skoye,Novosil's'ke,Новосельское,Новосільське;P;PPLA3;UA;Ukraine;;11;0108;11153140;;2424;15;15;Europe/Simferopol;2022-10-27;Ukraine;45.50357, 32.7225
687191;Zhelyabovka;Zhelyabovka;Andreevka,Chaja,Zheljabovka,Zhelyabovka,Андре́евка,Желябовка,Чая́;P;PPLA3;UA;Ukraine;;11;0104;11152964;;2669;28;30;Europe/Simferopol;2022-10-27;Ukraine;45.39877, 34.75776
687237;Zhdanivka;Zhdanivka;Zhdanivka,Zhdanov,Zhdanovka,Ждановка,Жданівка;P;PPL;UA;Ukraine;;05;1406;;;11867;;212;Europe/Kyiv;2023-11-23;Ukraine;48.16155, 38.23663
687965;Zabolotiv;Zabolotiv;Sabolotiw,Zabalociu,Zablotow,Zabolotiv,Zabolotov,Zabolotyiv,Zabłotów,zabwlwtyf,zblwtwb,zha bo luo di fu,Забалоціў,Заболотов,Заболотів,זאבלאטאוו,זבלוטוב,زابولوتيف,扎博洛蒂夫;P;PPL;UA;Ukraine;;06;2608;;;3998;233;233;Europe/Kyiv;2022-10-27;Ukraine;48.467, 25.28523
688501;Yampil’;Yampil';Jampol',Yampil',Yampil’,Yampol',Yampol’,Ямполь;P;PPL;UA;Ukraine;;21;5910;;;7200;;157;Europe/Kyiv;2022-10-27;Ukraine;51.94765, 33.78759
688772;Vyhoda;Vyhoda;Vigoda,Vygoda,Vyhoda,Вигода,Выгода;P;PPL;UA;Ukraine;;17;5110;;;4010;95;93;Europe/Kyiv;2022-10-27;Ukraine;46.61645, 30.40031
689017;Voronkiv;Voronkiv;Varon'kiu,Voron'kiv,Voron'kov,Voronkiv,Voronkov,Vоrоnkіv,Woronkiw,Worońkiw,fwrwnkyf  kyyyfska,wo long ji fu,Варонькіў,Воронков,Вороньков,Вороньків,فورونكيف، كيييفسكا,沃龍基夫;P;PPL;UA;Ukraine;;13;3204;;;4000;;99;Europe/Kyiv;2022-10-27;Ukraine;50.22235, 30.89967
689198;Volnovakha;Volnovakha;Volnovacha,Volnovaha,Volnovahha,Volnovaja,Volnovakha,Volnovaxa,Volovakha,Wolnowacha,Wołnowacha,fwlnwfakha,volnovakha,vuorunovuaha,wo er nuo wa ha,wwlnwwakha,Волноваха,Վոլնովախա,فولنوفاخا,وولنوواخا,ვოლნოვახა,ヴォルノヴァーハ,沃爾諾瓦哈;P;PPLA2;UA;Ukraine;;05;1404;;;21166;;260;Europe/Kyiv;2023-01-23;Ukraine;47.60103, 37.49674
689437;Vyzhenka;Vyzhenka;Vijnicioara,Vizhenka,Vyzhenka,Vyzhenka Velyka,Виженка;P;PPL;UA;Ukraine;;03;7302;;;1001;448;393;Europe/Kyiv;2022-10-27;Ukraine;48.21091, 25.18183
689452;Vytylivka;Vytylivka;Viteluvca,Vitilevka,Vitilivka,Vytylivka,Витилевка,Витилівка;P;PPL;UA;Ukraine;;03;7306;;;1032;185;200;Europe/Kyiv;2022-10-27;Ukraine;48.40452, 25.80456
690360;Vasylivka;Vasylivka;Vasileuti,Vasileuți,Vasilevka,Vasilivka,Vassylivka,Василевка,Василівка;P;PPL;UA;Ukraine;;03;7304;;;1372;77;83;Europe/Kyiv;2022-10-27;Ukraine;48.52652, 27.47376
690448;Varvarivka;Varvarivka;Varvarivka,Varvarovka,Варваровка,Варварівка;P;PPL;UA;Ukraine;;18;5308;;;1912;;105;Europe/Kyiv;2022-10-27;Ukraine;49.53797, 35.20182
690571;Utkivka;Utkivka;Outkivka,Owtkovka,Utkiuka,Utkivka,Utkiwka,Utkovka,wu te ji fu ka,Утковка,Утківка,Уткіўка,Ուտկովկա,烏特基夫卡;P;PPL;UA;Ukraine;;07;6312;;;1272;;125;Europe/Kyiv;2022-10-27;Ukraine;49.79389, 36.01867
691444;Tovste;Tovste;Tluste,Tolsti,Tolstoe,Tousteh,Tovste,Tovsté,Towste,Tłuste,tlwst,tuo fu si tai,Товсте,Толсти,Толстое,Тоўстэ,טלוסט,托夫斯泰;P;PPL;UA;Ukraine;;22;6106;;;3248;283;283;Europe/Kyiv;2022-12-24;Ukraine;48.84586, 25.7256
691489;Tochylove;Tochylove;Tochilove,Tochilovo,Tochylove,Точилове;P;PPL;UA;Ukraine;;17;5112;;;1181;127;126;Europe/Kyiv;2022-10-27;Ukraine;47.7712, 29.74867
691721;Maslovo;Maslovo;Maslove,Maslovo,Tensu,Маслове,Маслово,Тенсу́;P;PPLA3;UA;Ukraine;;11;0106;11152855;;2222;14;15;Europe/Simferopol;2022-10-27;Ukraine;45.79197, 34.36298
691723;Tenistoye;Tenistoye;Kalymtaj,Tenistoe,Tenistoye,Tiniste,Калымта́й,Тенистое,Тінисте;P;PPLA3;UA;Ukraine;;11;0102;11152823;;1211;32;32;Europe/Simferopol;2022-10-27;Ukraine;44.74303, 33.66812
691942;Talalaivka;Talalaivka;Talalaevka,Talalaivka,Talalayevka,Talalayivka,Талалаевка,Талалаївка;P;PPL;UA;Ukraine;;02;7404;;;5054;;128;Europe/Kyiv;2023-03-07;Ukraine;50.95783, 31.92085
692248;Stepnohirsk;Stepnohirsk;Janchekrak,Stepnogirs'k,Stepnogorsk,Stepnohirsk,Sukhoivanivka,Yanchekrak,Степногорск,Степногірськ,Сухоіванівка,Янчекрак;P;PPL;UA;Ukraine;;26;2304;;;4420;39;67;Europe/Kyiv;2022-12-13;Ukraine;47.59015, 35.36399
692405;Stroyntsi;Stroyntsi;Stroesti,Stroești,Stroinci,Stroincy,Strointsi,Stroïntsi,Строинцы,Строїнці;P;PPL;UA;Ukraine;;03;7306;;;1547;174;179;Europe/Kyiv;2022-10-27;Ukraine;48.24555, 26.25563
692856;Stara Vyzhivka;Stara Vyzhivka;Stara Vijivka,Stara Vizhivka,Stara Vizivka,Stara Viživka,Stara Vyjivka,Stara Vyzhivka,Stara Vyzhva,Stara Vyzhyuka,Stara Vyzivka,Stara Vyživka,Stara Vîjivka,Stara Vıjivka,Stara Wyschiwka,Staraja Vyzhevka,Staraya Vizhivka,Staraya Vyzhevka,Stari Vyzhevka,Stará Výzhivka,Wyzwa Stara,Wyżwa Stara,jiu wei ri fu ka,Стара Вижівка,Стара Выжыўка,Старая Выжевка,Стари Выжевка,舊維日夫卡;P;PPL;UA;Ukraine;;24;0706;;;5058;;176;Europe/Kyiv;2023-11-23;Ukraine;51.43762, 24.43997
693581;Slavuta;Slavuta;Slavouta,Slavuta,Slawuta,Szlavuta,Sławuta,aslawwta,si la wu ta,Славута,Սլավուտա,סלאוויטא,اسلاووتا,სლავუტა,斯拉武塔;P;PPLA2;UA;Ukraine;;09;6806;;;35068;217;218;Europe/Kyiv;2023-06-11;Ukraine;50.29609, 26.86613
693658;Skole;Skole;Skol'ye,Skole,Skole i Ukraina,Skol’ye,askwlh,si ke lie,Сколе,Սկոլե,اسکوله,სკოლე,斯科列;P;PPLA2;UA;Ukraine;;15;4610;;;6491;;439;Europe/Kyiv;2022-10-27;Ukraine;49.03717, 23.51346
694245;Shelkovichnoye;Shelkovichnoye;Shelkovichnoe,Shelkovichnoye,Shovkovichne,Temesh,Теме́ш,Шелковичное,Шовковичне;P;PPL;UA;Ukraine;;11;0108;11153096;;1357;29;37;Europe/Simferopol;2022-10-27;Ukraine;45.18748, 33.68807
694392;Shabo;Shabo;Acha-Abag,Chabo,Khabag,Saba Tarc,Saba-Targ,Sabo,Schabo,Schabo-Kolonie,Schabo-Possad,Shaba,Shabo,Sjabo,Szabo,sha bo,Şabo,Šabo,Šаbо,Șaba-Târg,Шаба,Шабо,沙博;P;PPL;UA;Ukraine;;17;5104;;;7108;15;21;Europe/Kyiv;2023-03-31;Ukraine;46.12657, 30.38567
694517;Serbychany;Serbychany;Serbichani,Serbichany,Serbichen',Serbichen’,Serbychany,Serbytchany,Сербичани;P;PPL;UA;Ukraine;;03;7304;;;1570;256;260;Europe/Kyiv;2022-10-27;Ukraine;48.49701, 27.29124
694648;Seliatyn;Seliatyn;Seletin,Seliatyn,Seljatin,Selyatin,Selyatyn,Zeletin,Селятин;P;PPL;UA;Ukraine;;03;7302;;;2380;824;802;Europe/Kyiv;2022-10-27;Ukraine;47.86737, 25.19925
695120;Rusakovka;Rusakovka;Kokej Russkij,Rusakivka,Rusakovka,Коке́й Ру́сский,Русаковка,Русаківка;P;PPLA3;UA;Ukraine;;11;0104;11152841;;918;242;240;Europe/Simferopol;2022-10-27;Ukraine;45.12369, 34.47458
695344;Rozdilna;Rozdilna;Raz'dzel'naja,Razdel'naja,Razdel'naya,Razdel’naya,Rozdil'na,Rozdilna,rwzdlyna,rwzdylna,Раздельная,Разьдзельная,Роздилна,Роздільна,روزدلينا,روزدیلنا;P;PPLA2;UA;Ukraine;;17;5114;;;17858;134;145;Europe/Kyiv;2022-10-27;Ukraine;46.85479, 30.07091
695505;Romankivtsi;Romankivtsi;Romancauti,Romankauts',Romankautsi,Romankauts’,Romankivci,Romankivtsi,Romankoutsy,Romankovtsy,Romăncăuţi,Романківці;P;PPL;UA;Ukraine;;03;7304;;;5066;257;255;Europe/Kyiv;2022-10-27;Ukraine;48.48421, 27.2141
695559;Rohatyn;Rohatyn;Ragatyn,Rogatin,Rohatin,Rohatina,Rohatino,Rohatyn,Rohatîn,luo jia jing,rwhatyn,Рагатын,Рогатин,Ռոհատին,רוהאטין,روهاتین,روہاتین,ڕۆھاتین,როგატინი,羅加京;P;PPLA2;UA;Ukraine;;06;2604;;;7797;258;261;Europe/Kyiv;2022-10-27;Ukraine;49.41043, 24.61103
695740;Razdol’noye;Razdol'noye;Ak-Shejkh,Aq Sejich,Aq Šejiχ,Razdol'noe,Razdol'noye,Razdol’noye,Rozdol'ne,Ак-Ше́йх,Раздольное,Роздольне;P;PPLA2;UA;Ukraine;;11;0114;11153022;;7326;30;19;Europe/Simferopol;2022-10-27;Ukraine;45.77083, 33.48777
696824;Pidvynohradiv;Pidvynohradiv;Pidvinogradiv,Pidvynohradiv,Podvinogradov,Підвиноградів;P;PPL;UA;Ukraine;;25;2102;;;4206;;129;Europe/Kyiv;2022-12-13;Ukraine;48.13843, 22.97304
697006;Pochayiv;Pochayiv;Pochaev,Pochaiv,Poczajow,Poczajów,Potchaiv,Potchaïv,Почаев,Почаїв;P;PPL;UA;Ukraine;;22;6102;;;7691;346;375;Europe/Kyiv;2022-10-27;Ukraine;50.00412, 25.5093
697396;Petrovka;Petrovka;Petrivka,Petrovka,Петровка,Петрівка;P;PPLA3;UA;Ukraine;;11;0112;11152924;;6714;37;42;Europe/Simferopol;2022-10-27;Ukraine;45.49776, 34.28816
697423;Petropavlivka;Petropavlivka;Petropavlivka,Petropavlovka,Pétropavlivka,Петропавловка,Петропавлівка;P;PPL;UA;Ukraine;;04;1214;;;6944;80;80;Europe/Kyiv;2023-01-19;Ukraine;48.46353, 36.43061
698861;Novyi Svit;Novyi Svit;Nov.Svet,Novij Svit,Novy Svet,Novyi Svit,Novyy Svet,Novyy Svit,Нов.Свет,Новий Світ;P;PPL;UA;Ukraine;;05;1410;;;9488;;121;Europe/Kyiv;2022-10-27;Ukraine;47.80591, 38.02112
699001;Novoyelizavetivka;Novoyelizavetivka;Novaya Yelizavetovka,Novoelizavetivka,Novoielizavetivka,Novoïélizavétivka,Polustal',Polustal’,Новоєлизаветівка;P;PPL;UA;Ukraine;;17;5102;;;1501;35;34;Europe/Kyiv;2022-10-27;Ukraine;47.1538, 30.39987
699179;Novoselovskoye;Novoselovskoye;Frajdorf,Novoselivs'ke,Novoselovskoye,Novosjolovskoe,Новоселівське,Новосёловское,Фрайдорф;P;PPLA3;UA;Ukraine;;11;0114;11153036;;3179;;86;Europe/Simferopol;2022-10-27;Ukraine;45.44276, 33.59795
699706;Novooleksiyivka;Novooleksiyivka;Novoalekseevka,Novooleksiivka,Novooleksiyivka,Novooleksiïvka,Новоалексеевка,Новоолексіївка;P;PPL;UA;Ukraine;;08;6504;;;10154;22;19;Europe/Kyiv;2022-10-27;Ukraine;46.22995, 34.64576
700696;Mostyska;Mostyska;Mos'tsiska,Mosciska,Mostis'ka,Mostiska,Mostys'ka,Mostys’ka,Mos’tsiska,Mościska,Мостиска,Мостиська;P;PPL;UA;Ukraine;;15;4614;;;16945;;210;Europe/Kyiv;2023-05-03;Ukraine;49.79467, 23.15077
700750;Morskoye;Morskoye;Kapsikhor,Mors'ke,Morskoe,Morskoye,Капсихо́р,Морское,Морське;P;PPL;UA;Ukraine;;11;0118;;;2394;43;30;Europe/Simferopol;2023-03-31;Ukraine;44.82593, 34.80314
701057;Mirny;Mirny;Mirnij,Mirny,Mirnyj,Myrne,Мирний,Мирный;P;PPL;UA;Ukraine;;11;0108;;;4209;4;5;Europe/Simferopol;2022-10-27;Ukraine;45.30788, 33.03501
702248;Yantarnoye;Yantarnoye;Jantarne,Jantarnoe,Tashly-Dair,Tasly Dajyr,Tašly Dajyr,Yantarnoye,Ташлы́-Даи́р,Янтарне,Янтарное;P;PPLA3;UA;Ukraine;;11;0112;11152928;;2368;52;53;Europe/Simferopol;2022-10-27;Ukraine;45.43473, 34.22134
702612;Lukiv;Lukiv;Lukiv,Lukov,Lukuv,Луків;P;PPL;UA;Ukraine;;24;0708;;;3043;;177;Europe/Kyiv;2022-10-27;Ukraine;51.0521, 25.40059
702921;Litvinenkovo;Litvinenkovo;Kentugaj,Litvinenkove,Litvinenkovo,Qaja Asty,Кентуга́й,Литвиненкове,Литвиненково;P;PPL;UA;Ukraine;;11;0104;11152832;;1439;219;218;Europe/Simferopol;2022-10-27;Ukraine;45.08648, 34.31107
703017;Lypniazhka;Lypniazhka;Lipnjazhka,Lipnyazhka,Lypniazhka,Lypnyazhka,Липняжка;P;PPL;UA;Ukraine;;10;3506;;;4272;;137;Europe/Kyiv;2022-10-27;Ukraine;48.4458, 31.08074
703037;Lypetske;Lypetske;Lipec'ke,Lypetske,Lypetské,Липецьке;P;PPL;UA;Ukraine;;17;5112;;;3740;121;114;Europe/Kyiv;2022-10-27;Ukraine;47.73646, 29.71521
703261;Lenino;Lenino;Lenina,Lenine,Lenino,Lénine,Lénino,Sem' Kolodezej,Semi Kolodezey,Sim Kolodiaziw,Sim Kołodiaziw,Yedi Kuyu,Yedi Quyu,lnyn  rwsyh,lynyn,lynyn  krymya,ye di ku you,Łenine,Łenino,Λένινε,Ленино,Леніна,Леніне,Семь Колодезей,Լենինո,لنین، روسیه,لینین,لینین، کریمیا,叶迪库尤;P;PPL;UA;Ukraine;;11;0110;11128210;;7426;;22;Europe/Simferopol;2023-05-01;Ukraine;45.29857, 35.77708
703559;Kushnytsia;Kushnytsia;Kushnicja,Kushnitsa,Kushnitse,Kushnytsia,Kushnytsya,Kusnice,Kušnice,Кушниця;P;PPL;UA;Ukraine;;25;2112;;;4508;;243;Europe/Kyiv;2022-12-13;Ukraine;48.45272, 23.26166
704138;Kreminna;Kreminna;Kremenaya,Kremennaja,Kremennaya,Kremennoj,Kremina,Kreminna,ke lie mian na ya,krmyna,Кременная,Кременной,Кремина,Кремінна,Կրեմենայա,کرمینا,კრემენაია,克列緬納亞;P;PPL;UA;Ukraine;;14;4412;;;18116;;62;Europe/Kyiv;2023-04-30;Ukraine;49.0495, 38.21893
704582;Kozyryany;Kozyryany;Cozareni,Cozăreni,Kozirjani,Kozyriany,Kozyrjany,Козиряни,Козыряны;P;PPL;UA;Ukraine;;03;7304;;;1005;208;184;Europe/Kyiv;2022-10-27;Ukraine;48.36774, 26.64639
704972;Koreiz;Koreiz;Karehiz,Koreiiz,Koreiz,Koreizas,Koreizo,Koreyiz,Koreïz,ke lei yi ci,kwryyz  rwsyh,Карэіз,Кореиз,Кореїз,Կորեիզ,کورئیز، روسیه,科雷伊兹;P;PPL;UA;Ukraine;;11;0120;;;5455;154;116;Europe/Simferopol;2022-10-27;Ukraine;44.43149, 34.08404
705560;Knyazhichi;Knyazhichi;Knjazhichi,Knyazhichi,Княжичи;P;PPL;UA;Ukraine;;13;3206;;;5207;;111;Europe/Kyiv;2022-10-27;Ukraine;50.46275, 30.78369
705634;Zrub-Komarivskyy;Zrub-Komarivskyy;Trei Movile,Zroub-Komarivskyi,Zroub-Komarivskyï,Zrub-Komarivs'kij,Zrub-Komarovskij,Зруб-Комаровский,Зруб-Комарівський;P;PPL;UA;Ukraine;;03;7306;;;1451;433;462;Europe/Kyiv;2022-10-27;Ukraine;48.15918, 25.56868
706612;Katiuzhanka;Katiuzhanka;Katiuzhanka,Katjuzhanka,Katyuzhanka,Катюжанка;P;PPL;UA;Ukraine;;13;3210;;;4046;;139;Europe/Kyiv;2022-10-27;Ukraine;50.80595, 30.13763
708797;Glazovka;Glazovka;Baksy,Glazivka,Glazovka,Баксы́,Глазовка,Глазівка;P;PPLA3;UA;Ukraine;;11;0110;11128406;;1018;;65;Europe/Simferopol;2022-10-27;Ukraine;45.38792, 36.57965
709085;Frontovoye;Frontovoye;Frontove,Frontovoe,Frontovoye,Otarkoj,Отарко́й,Фронтове,Фронтовое;P;PPL;UA;Ukraine;;20;700468;11153384;;1006;81;82;Europe/Simferopol;2016-05-23;Ukraine;44.66737, 33.73841
709366;Demnya;Demnya;Demnia,Demnja,Demnya,Dymovka,Демня,Дымовка;P;PPL;UA;Ukraine;;15;4610;;;1602;263;257;Europe/Kyiv;2022-10-27;Ukraine;49.56738, 23.94607
709868;Dobre;Dobre;Dobraya,Dobre,Dobroe,Dobré,Kolonija Dobra,Добре,Доброе,Колонія Добра;P;PPL;UA;Ukraine;;16;4802;;;1727;80;77;Europe/Kyiv;2022-10-27;Ukraine;47.31032, 32.44936
710785;Cherlenivka;Cherlenivka;Cerlina Mare,Cherlenivka,Cherlenovka,Tcherlenivka,Tcherlénivka,Черленовка,Черленівка;P;PPL;UA;Ukraine;;03;7306;;;2236;163;159;Europe/Kyiv;2022-10-27;Ukraine;48.29284, 26.40255
710791;Cherkasy;Cherkasy;CKC,Cerkasad,Cerkasai,Cerkasi,Cerkaso,Cerkassi,Cerkasy,Cerkasî,Charkasy,Cherkas khot,Cherkasi,Cherkassi,Cherkassy,Cherkasy,Circassium,Cserkaszi,Czerkasy,Tcherkassi,Tcherkassy,Tcherkássi,Tjerkasy,Tscherkassy,Tserkasso,Tserkasy,Tsjerkasi,Tsjerkasy,Txerkassi,Txerkasy,Tšerkassõ,Tšerkasy,cheleukasi,cherukasui,chrkasy,chrkysy,chyrkasy,qie er ka se,zrqʼsy,Çerkassi,Çerkası,Ĉerkaso,Čerkasad,Čerkasai,Čerkasi,Čerkasy,Чаркасы,Черкас хот,Черкаси,Черкасси,Черкассы,Черкасы,Չերկասի,צרקאסי,چرکاسی,چرکیسی,چیرکاسی,ჩერკასი,チェルカースィ,切爾卡瑟,체르카시;P;PPLA;UA;Ukraine;;01;7108;;;272651;110;111;Europe/Kyiv;2023-01-22;Ukraine;49.44452, 32.05738
710935;Chaplynka;Chaplynka;Caplinka,Caplynka,Ceaplinka,Ceaplînka,Chaplinka,Chaplinkae,Chaplynka,Czaplynka,Czapłynka,Tchaplynka,Tjaplynka,Tsaplonka,Tsaplynka,Tschaplynka,Txaplinka,Tšaplynka,Tšaplõnka,qia pu lin ka,Çaplınka,Čaplinka,Čaplynka,Чаплинкæ,Чаплинка,Чаплынка,ჩაპლინკა,恰普林卡;P;PPL;UA;Ukraine;;08;6506;;;9687;20;22;Europe/Kyiv;2023-01-20;Ukraine;46.36454, 33.54087
711180;Pozharskoye;Pozharskoye;Bulganak-Bodrak,Pozhars'ke,Pozharskoe,Pozharskoye,Булгана́к-Бодра́к,Пожарское,Пожарське;P;PPLA3;UA;Ukraine;;11;0116;11152618;;1426;132;134;Europe/Simferopol;2022-10-27;Ukraine;44.93554, 33.87109
711435;Brylivka;Brylivka;Brilevka,Brilivka,Briljovka,Briļivka,Brolivka,Bryliuka,Brylivka,Bryliwka,Brîlivka,Brõlivka,Brılivka,brylyfka  kyrswnska,bu li li fu ka,Брилевка,Бриливка,Брилёвка,Брилівка,Брыліўка,بريليفكا، كيرسونسكا,布里利夫卡;P;PPL;UA;Ukraine;;08;6510;;;4252;16;17;Europe/Kyiv;2022-10-27;Ukraine;46.42025, 33.14108
712336;Bereznyky;Bereznyky;Bereznik,Berezniki,Bereznyky,Березники;P;PPL;UA;Ukraine;;25;2112;;;3055;;304;Europe/Kyiv;2022-12-13;Ukraine;48.51111, 23.22186
712390;Berezan;Berezan;Berezan,Berezan',Berezan’,Berezen',Berezen’,Khutor Berezen',Khutor Berezen’,Березань;P;PPL;UA;Ukraine;;17;5110;;;1186;83;84;Europe/Kyiv;2022-10-27;Ukraine;46.56941, 30.43028
712535;Bilousivka;Bilousivka;Belousovka,Bilousivka,Белоусовка,Білоусівка;P;PPL;UA;Ukraine;;16;4804;;;1274;47;52;Europe/Kyiv;2022-10-27;Ukraine;47.42161, 31.53289
712710;Bazaryanka;Bazaryanka;Basyrjamka,Bazar'janka,Bazar'yanka,Bazarianca,Bazarianka,Bazar’yanka,Bazir'jamka,ba zha liang ka,bazariankʼa,Базарьянка,Базар’янка,Базир'ямка,ბაზარიანკა,巴扎良卡;P;PPL;UA;Ukraine;;17;5104;;;1153;10;9;Europe/Kyiv;2022-10-27;Ukraine;45.88727, 30.14591
713062;Azovskoye;Azovskoye;Azovs'ke,Azovskoe,Azovskoye,Kalaj,Азовское,Азовське,Кала́й;P;PPLA3;UA;Ukraine;;11;0106;11152844;;3656;26;26;Europe/Simferopol;2022-10-27;Ukraine;45.58604, 34.5668
713316;Antoniny;Antoniny;Antonini,Antoniny,Антонины,Антоніни;P;PPL;UA;Ukraine;;09;6804;;;2157;290;286;Europe/Kyiv;2022-10-27;Ukraine;49.80924, 26.87011
713575;Oleksiivka;Oleksiivka;Alekseyevka,Mannsburg,Mansburg,Oleksiivka,Oleksiyivka,ao lie ke xi yi fu ka,Мансбург,Олексіївка,奧列克西伊夫卡;P;PPL;UA;Ukraine;;17;5104;;;1695;37;41;Europe/Kyiv;2022-10-27;Ukraine;46.12058, 30.06219
713734;Andreyevka;Andreyevka;Akleiz,Andreevka,Andreyevka,Andriivka,Аклеи́з,Андреевка,Андріївка;P;PPLA3;UA;Ukraine;;20;700468;11153382;;1498;28;29;Europe/Simferopol;2016-05-23;Ukraine;44.81663, 33.56313
831265;Verkhni Stanivtsi;Verkhni Stanivtsi;Oberstanestie am Czeremosch,Stanestii de Sus,Stăneștii de Sus,Verkhni Stanivci,Verkhni Stanivtsi,Verkhnie Stanovcy,Верхние Становцы,Верхні Станівці;P;PPL;UA;Ukraine;;03;7302;;;1750;249;251;Europe/Kyiv;2023-03-23;Ukraine;48.28765, 25.59001
6957703;Kurskoye;Kurskoye;Kishlav,Kurs'ke,Kurskoe,Kurskoye,Кишла́в,Курское,Курське;P;PPLA3;UA;Ukraine;;11;0104;11152836;;1204;217;211;Europe/Simferopol;2022-10-27;Ukraine;45.02908, 34.93623
7018897;Razdol’noye;Razdol'noye;Razdol'noe,Razdol'noye,Razdol’noye,Rozdol'ne,Раздольное,Роздольне;P;PPL;UA;Ukraine;;11;0118;11153131;;1008;23;22;Europe/Simferopol;2022-10-27;Ukraine;45.36161, 34.85482
8516167;Horenka;Horenka;Gorenka,Horenka,Горенка;P;PPL;UA;Ukraine;;13;3208;;;5358;;123;Europe/Kyiv;2022-10-27;Ukraine;50.55731, 30.33217
9983712;Avanhard;Avanhard;Avangard,Avanhard,Авангард;P;PPL;UA;Ukraine;;17;5110;;;5554;62;59;Europe/Kyiv;2022-10-27;Ukraine;46.46871, 30.61551
12156377;Kostychany;Kostychany;Costiceni,Kostichani,Kostichany,Kostytchany,Костичани,Костичаны;P;PPL;UA;Ukraine;;03;7306;;;3450;120;120;Europe/Kyiv;2022-10-27;Ukraine;48.2258, 26.51545
613273;Lebedyn;Lebedyn;Lebedin,Lebedina,Lebedine,Lebedyn,Lebedîn,Lebedın,lbdyn,lebedini,lie bie jin,Łebedyn,Лебедин,Լեբեդին,لبدین,ლებედინი,列別金;P;PPL;UA;Ukraine;;21;5908;;;23892;;122;Europe/Kyiv;2023-09-02;Ukraine;50.58518, 34.4849
686863;Zolotyi Potik;Zolotyi Potik;Potok Zloty,Potok Złoty,Zolotii Potik,Zolotij Potik,Zolotoj Potok,Zolotyi Potik,Zolotyï Potik,Zolotîi Potik,Золотий Потік,Золотой Поток;P;PPL;UA;Ukraine;;22;6106;;;2363;349;346;Europe/Kyiv;2022-12-24;Ukraine;48.90672, 25.3419
686970;Zhvanets;Zhvanets;Jvanet,Jvanets,Jvaneț,Schwanez,Zhvanec,Zhvanec',Zhvanets,Zjvanets,Zvanecʻ,Zvanets,Zwaniec,ri wa nie qi,Żwaniec,Žvanets,Žvаnеts,Ζβάνετς,Жванец,Жванець,Ժվանեց,日瓦涅齊;P;PPL;UA;Ukraine;;09;6802;;;1529;;159;Europe/Kyiv;2022-10-27;Ukraine;48.54968, 26.48744
687088;Yezupil;Yezupil;Ezupil,Ezupil',Ezupol',Iezupil,Jesupil,Jezupil,Jezupol,Yezoupil,Yezupil,Yézoupil,Zhovten',ye zu pi er,yzpyl,zhwftyn,zhwftyn  afanw-frankyfska,Єзупіль,Езуполь,Езупіль,Жовтень,Եզուպիլ,אוזיפולי,زهوفتين,زهوفتين، إفانو-فرانكيفسكا,یزپیل,叶祖皮尔;P;PPL;UA;Ukraine;;06;2604;;;2792;260;225;Europe/Kyiv;2022-10-27;Ukraine;49.04154, 24.78102
687557;Zatoka;Zatoka;Bugaz,Satoka,Zatoka,Затока;P;PPL;UA;Ukraine;;17;5104;;;1959;1;2;Europe/Kyiv;2022-10-27;Ukraine;46.07016, 30.46265
689225;Vovkovyntsi;Vovkovyntsi;Volkovincy,Vovkovinci,Vovkovyntsi,Вовковинці,Волковинцы;P;PPL;UA;Ukraine;;09;6804;;;2458;360;373;Europe/Kyiv;2022-10-27;Ukraine;49.20656, 27.6556
689499;Vyshnivets;Vyshnivets;Vishnevec,Vishnivec',Vychnivets,Wisniowiec,Вишневец,Вишнівець;P;PPL;UA;Ukraine;;22;6102;;;3211;309;288;Europe/Kyiv;2022-10-27;Ukraine;49.90087, 25.74384
689538;Vynohradivka;Vynohradivka;Koloniya Novo-Dantsig,Novo-Dantsig,Vinogradivka,Vinogradovka,Vynohradivka,Виноградівка;P;PPL;UA;Ukraine;;16;4802;;;1388;7;11;Europe/Kyiv;2022-10-27;Ukraine;47.19281, 32.265
689550;Vynohradne;Vynohradne;Hasan Batar,Hasan-Batar,Hasan-Batâr,Khasan Batur,Khasan-Batir,Sambatir,Vinogradne,Vinogradnoe,Vynohradne,Vynohradné,Wynohradne,wei nuo ge la de nie,Виноградне,Виноградное,Самбатир,Хасан Батър,Хасан-Батир,Վինոգրադնոե,維諾格拉德涅;P;PPL;UA;Ukraine;;17;5106;;;2144;45;51;Europe/Kyiv;2022-10-27;Ukraine;45.80776, 28.99473
690193;Velykyi Burluk;Velykyi Burluk;Asla Burluk,Bol'shoy Burluk,Bolshoi Burlak,Bol’shoy Burluk,Vehlyky Burluk,Veliki Burluk,Velikii Burluk,Velikij Burluk,Velikij Vurluk,Velikiy Burlok,Velikiy Burluk,Velyky Burluk,Velykyi Bourlouk,Velykyi Burluk,Velykyj Burluk,Velykyy Burluk,Velykyï Bourlouk,Velîkîi Burluk,Velıkıy Burluk,Welykyj Burluk,Wełykyj Burłuk,da bu er lu ke,fylykyy bwrlwk,fylykyy bwrlwk  karkyfska,Аслă Бурлук,Великий Бурлук,Великий Вурлук,Вэлыкы Бурлук,Վելիկիյ Բուրլուկ,فيليكيى بورلوك,فيليكيي بورلوك، كاركيفسكا,大布爾盧克;P;PPL;UA;Ukraine;;07;6308;;;4821;;147;Europe/Kyiv;2022-10-27;Ukraine;50.0617, 37.38373
690875;Tysmenychany;Tysmenychany;Tismenichani,Tysmenichany,Tysmenychany,Тисменичани;P;PPL;UA;Ukraine;;06;2604;;;2944;;320;Europe/Kyiv;2022-10-27;Ukraine;48.77096, 24.66449
691365;Torkanivka;Torkanivka;Tarkanovka,Torkanivka,Torkanovka,Торкановка,Торканівка;P;PPL;UA;Ukraine;;23;0504;;;1061;;206;Europe/Kyiv;2022-10-27;Ukraine;48.32094, 29.15567
691606;Terny;Terny;Tehrny,Terni,Terny,Ternî,Ternı,Tërny,Tеrny,tai er nei,Терни,Терны,Тэрны,Տերնի,泰尔内;P;PPL;UA;Ukraine;;21;5906;;;3661;;138;Europe/Kyiv;2022-10-27;Ukraine;50.98916, 33.9707
691608;Terny;Terny;Terny,Терны;P;PPLA3;UA;Ukraine;;05;1412;;;0;;76;Europe/Kyiv;2022-10-27;Ukraine;49.09226, 37.96081
691663;Teresva;Teresva;Tarackoez,Taracköz,Tehrehsva,Teresva,Tereswa,Terešva,Téresva,tai lei si wa,trsbh,Тересва,Тэрэсва,Տերեսվա,טערעסיף,טרסבה,泰雷斯瓦;P;PPL;UA;Ukraine;;25;2108;;;7547;242;235;Europe/Kyiv;2022-12-13;Ukraine;47.99769, 23.69904
691704;Teplovka;Teplovka;Kontugan,Teplivka,Teplovka,Контуга́н,Тепловка,Теплівка;P;PPL;UA;Ukraine;;11;0116;11152611;;1755;40;46;Europe/Simferopol;2022-10-27;Ukraine;45.03239, 33.69588
692447;Striletskyy Kut;Striletskyy Kut;Cotul-Vanatori,Cotul-Vânători,Streleckij Kut,Strilec'kij Kut,Striletskyi Kout,Striletskyï Kout,Стрелецкий Кут,Стрілецький Кут;P;PPL;UA;Ukraine;;03;7306;;;2069;170;173;Europe/Kyiv;2022-10-27;Ukraine;48.33192, 25.82043
692465;Strabychovo;Strabychovo;Strabichevo,Strabichovo,Strabichëvo,Strabychove,Strabychovo,Страбичово;P;PPL;UA;Ukraine;;25;2104;;;3255;;107;Europe/Kyiv;2022-12-13;Ukraine;48.38993, 22.5494
692849;Temriuk;Temriuk;Starchenkove,Starchenkovo,Temriouk,Temriuk,Temrjuk,Temryouk,Temryuk,Temryuk-Rossiyskiy,jie mu liu ke,si ta er qin ke wei,Старченкове,Старченково,Темрюк,捷姆留克,斯塔尔琴科韦,斯塔爾琴科韋;P;PPL;UA;Ukraine;;05;1414;;;1876;148;145;Europe/Kyiv;2022-10-27;Ukraine;47.26507, 36.98016
693001;Serednie Vodiane;Serednie Vodiane;Seredne Vodjane,Seredneh Vodjane,Serednie Vodiane,Serednye Vodyane,Sredneye Vodyanoye,Середнэ Водяне,Середнє Водяне;P;PPL;UA;Ukraine;;25;2108;;;5465;;274;Europe/Kyiv;2022-12-13;Ukraine;47.98293, 23.90904
693178;Solotvyn;Solotvyn;Solotvin,Solotvyn,Solotwina,Sołotwina,Солотвин;P;PPL;UA;Ukraine;;06;2604;;;3729;421;423;Europe/Kyiv;2022-10-27;Ukraine;48.7063, 24.42164
693365;Sniatyn;Sniatyn;Sniatyn,Snjatin,Snjatyn,Śniatyn,Снятин,Снятын;P;PPL;UA;Ukraine;;06;2608;;;9942;227;272;Europe/Kyiv;2023-01-20;Ukraine;48.44883, 25.55994
693712;Sizovka;Sizovka;Saja,Sizivka,Sizovka,Сая,Сизiвка,Сизовка;P;PPLA3;UA;Ukraine;;11;0108;11153105;;1814;71;72;Europe/Simferopol;2022-10-27;Ukraine;45.34892, 33.87669
693923;Shpykiv;Shpykiv;Chpykiv,Schpykiw,Shpikiv,Shpikov,Shpykiu,Shpykiv,Sjpykiv,Spikiv,Spykiv,Szpikow,Szpików,shen pi ji fu,spyqyb,Şpykiv,Şpıkiv,Špykiv,Špykіv,Șpîkiv,Шпиков,Шпиків,Шпыкіў,שפיקיב,什皮基夫;P;PPL;UA;Ukraine;;23;0510;;;2974;298;274;Europe/Kyiv;2022-10-27;Ukraine;48.78411, 28.56359
694001;Mykhaylivka;Mykhaylivka;Mikhajlivka,Mikhajlovka,Mykhailivka,Mykhaïlivka,Uljanivka,Михайловка,Михайлівка,Улянівка;P;PPL;UA;Ukraine;;16;4806;;;1574;79;76;Europe/Kyiv;2022-10-27;Ukraine;47.13689, 31.62523
694137;Shevchenkove;Shevchenkove;Bulatselivka,Bulazelewka,Chevtchenkove,Schewtschenkowe,Sevcenkove,Sevtsen'kove,Sevtsenkove,Shehuchehnkaveh,Shevchenkove,Shevchenkovo,Sjevtjenkove,Szewczenkowe,Xevtxenkove,Xevtxénkove,she fu qin ke wei,shefuchenkofu,Şevçenkove,Ševtšenkove,Ševčenkove,Șevcenkove,Σεβτσένκοβε,Шевченкове,Шевченково,Шэўчэнкавэ,Շևչենկովո,シェフチェンコフ,舍夫琴科韋;P;PPL;UA;Ukraine;;07;6308;;;7090;;175;Europe/Kyiv;2022-10-27;Ukraine;49.69524, 37.17513
694198;Sheshory;Sheshory;Sheshori,Sheshory,Шешори,Шешоры;P;PPL;UA;Ukraine;;06;2610;;;1984;;457;Europe/Kyiv;2022-10-27;Ukraine;48.32428, 24.97016
694294;Shcherbanka;Shcherbanka;El'zas,El’zas,Shcherbanka,Shherbanka,Щербанка;P;PPL;UA;Ukraine;;17;5114;;;1436;96;101;Europe/Kyiv;2022-10-27;Ukraine;46.69534, 30.18889
695265;Ruch’i;Ruch'i;Kopkary Nemeckie,Ruch'i,Ruch’i,Копкары́ Неме́цкие,Ручьи,Руч’ї;P;PPLA3;UA;Ukraine;;11;0114;11153037;;1047;7;10;Europe/Simferopol;2022-10-27;Ukraine;45.78564, 33.66093
695463;Romodan;Romodan;Ramadan,Romodan,luo mo dan,Рамадан,Ромодан,Ռոմոդան,羅莫丹;P;PPL;UA;Ukraine;;18;5306;;;2771;151;149;Europe/Kyiv;2022-10-27;Ukraine;49.99135, 33.32626
696483;Porohy;Porohy;Porogi,Porohy,Porokhi,Porokhy,Пороги;P;PPL;UA;Ukraine;;06;2604;;;3004;;555;Europe/Kyiv;2022-10-27;Ukraine;48.68493, 24.25158
696999;Poshtove;Poshtove;Basartschik,Basartschyk,Bazarchik,Bazarchyk,Bazarciq,Bazartchik,Bazartchyk,Bazartschikar,Bazarçıq,Pochtovoe,Pochtovoye,Poschtowe,Poshtove,Базарчи́к,Почтовое,Поштове;P;PPLA3;UA;Ukraine;;11;0102;11152820;;3086;180;186;Europe/Simferopol;2022-10-27;Ukraine;44.8354, 33.96159
697158;Pishcha;Pishcha;Pishcha,Pishha,Piszcza,Пища,Піща;P;PPL;UA;Ukraine;;24;0706;;;1162;;163;Europe/Kyiv;2022-10-27;Ukraine;51.60928, 23.82079
697489;Piskivka;Piskivka;Peskovka,Peskovskiv Zavod,Piskivka,Пісківка;P;PPLA3;UA;Ukraine;;13;3208;;;6889;;139;Europe/Kyiv;2022-10-27;Ukraine;50.69378, 29.61934
697971;Parkhomivka;Parkhomivka;Parkhomivka,Parkhomovka,Пархомовка,Пархомівка;P;PPL;UA;Ukraine;;07;6302;;;3679;;138;Europe/Kyiv;2022-10-27;Ukraine;50.12305, 35.00563
698346;Orzhytsya;Orzhytsya;Orjytsia,Orzhica,Orzhicja,Оржица,Оржиця;P;PPL;UA;Ukraine;;18;5304;;;3488;99;97;Europe/Kyiv;2023-01-21;Ukraine;49.78949, 32.69794
698598;Olesko;Olesko;Alehs'ka,Oles'ko,Olesko,Oleszko,ao lai si ke,oreshiko,Ολέσκο,Алэська,Олеско,Олесько,Օլեսկո,אולסקו,オレシコ,奥莱斯科;P;PPL;UA;Ukraine;;15;4604;;;1418;;232;Europe/Kyiv;2023-05-01;Ukraine;49.96233, 24.89336
699453;Novomyrhorod;Novomyrhorod;Novomirgorod,Novomirhorod,Novomyrhorod,Novomîrhorod,Novomırgorod,Novomırhorod,Nowomyrhorod,novomirgorodi,nwbwmyrhwrwd,nwwwmyrhwrwd,xin mi er huo luo de,Новомиргород,Նովոմիրգորոդ,נובומירהורוד,نووومیرهورود,ნოვომირგოროდი,新米爾霍羅德;P;PPLA2;UA;Ukraine;;10;3506;;;10715;140;183;Europe/Kyiv;2023-01-23;Ukraine;48.81692, 31.64985
699619;Voskhod;Voskhod;Najleben,Voskhod,Восход,Найле́бен;P;PPLA3;UA;Ukraine;;11;0112;11152909;;4808;42;40;Europe/Simferopol;2022-10-27;Ukraine;45.50999, 34.39355
699677;Novoaidar;Novoaidar;Novoaidar,Novoajdar,Novoaydar,Новоайдар;P;PPLA2;UA;Ukraine;;14;4416;;;0;;53;Europe/Kyiv;2022-12-13;Ukraine;48.96402, 39.00559
699862;Novoestoniia;Novoestoniia;Novaja Ehstonija,Novaya Estoniya,Novoehstonija,Novoestoniia,Novoestonija,Novoestoniya,Но́вая Эсто́ния,Новоестонія,Новоэстония;P;PPL;UA;Ukraine;;11;0112;11152924;;1027;53;51;Europe/Simferopol;2023-03-31;Ukraine;45.49965, 34.24332
699986;Nyzhni Sirohozy;Nyzhni Sirohozy;Nijni Sirogozi,Nijni Sirohozi,Nizhni Sirgozi,Nizhni Sirogozi,Nizhnie Serogozy,Nizni Sirohozi,Nižņi Sirohozi,Nyjni Sirohozy,Nyschni Sirohosy,Nyzhni Siragozy,Nyzhni Sirohozy,Nyzni Sirohozy,Nyżni Sirohozy,Nyžni Sirohozy,Nîjni Sirohozî,Nıjni Sirogozı,xia xi luo huo ji,Нижни Сиргози,Нижние Серогозы,Нижні Сірогози,Ныжні Сірагозы,下锡罗霍济;P;PPL;UA;Ukraine;;08;6504;;;4700;56;53;Europe/Kyiv;2023-01-20;Ukraine;46.84585, 34.37489
700174;Mykolayivka;Mykolayivka;Mikolaivka,Mykolaivka,Mykolaïvka,Nicolaeni,Nicolăeni,Nikolaevka,mi ke la yi fu ka,Миколаївка,Николаевка,米科拉伊夫卡;P;PPL;UA;Ukraine;;17;5106;;;1678;133;130;Europe/Kyiv;2022-10-27;Ukraine;46.37305, 29.40531
701637;Mashivka;Mashivka;Machivka,Mashevka,Masivka,Машевка,Машівка;P;PPLA2;UA;Ukraine;;18;5308;;;3721;98;99;Europe/Kyiv;2022-10-27;Ukraine;49.44407, 34.87157
701862;Mar’yanovka;Mar'yanovka;Mar'janivka,Mar'janovka,Mar'yanovka,Mare,Маре́,Марьяновка,Мар’янівка;P;PPLA3;UA;Ukraine;;11;0112;11152920;;2494;40;52;Europe/Simferopol;2022-10-27;Ukraine;45.44627, 34.29474
702078;Malodolynske;Malodolynske;Klein-Libental',Klein-Libental' Kurort,Klein-Libental’,Klein-Libental’ Kurort,Kleyn-Libental',Kleyn-Libental’,Malodolins'ke,Malodolinskoye,Malodolyns'ke,Malodolynske,Malodolyns’ke,Малодолинське;P;PPL;UA;Ukraine;;17;5110;;;3177;24;24;Europe/Kyiv;2022-10-27;Ukraine;46.35638, 30.63108
702153;Mala Tokmachka;Mala Tokmachka;Mala Takmachka,Mala Tokmachka,Mala Tokmacika,Mala Tokmacka,Mala Tokmaczka,Mala Tokmatchka,Mala Tokmatjka,Mala Tokmatschka,Mala Tokmatsjka,Mala Tokmatska,Mala Tokmaçka,Mala Tokmačka,Malaja Tokmachka,Malaya Tokmachka,Mała Tokmaczka,Mаlа Tоkmаtškа,xiao tuo ke ma qi ka,Мала Такмачка,Мала Токмачка,Малая Токмачка,小托克馬奇卡;P;PPL;UA;Ukraine;;26;2310;;;2912;;60;Europe/Kyiv;2022-12-13;Ukraine;47.53559, 35.90223
702684;Luhanske;Luhanske;Louhanske,Lugans'ke,Luganskae,Luganskaya,Luganske,Luganski,Luganskoe,Luganskoje,Luganskoye,Luhans'ke,Luhanske,Luhans’ke,lu han si kai,Łuhanśke,Луганскае,Лугански,Луганское,Луганське,卢汉斯凯;P;PPL;UA;Ukraine;;05;1402;;;2604;;156;Europe/Kyiv;2022-10-27;Ukraine;48.44574, 38.26153
703015;Lypova Dolyna;Lypova Dolyna;Lipova Dolina,Lipovaja Dolina,Lipovaya Dolina,Lypova Dolyna,Липова Долина,Липовая Долина;P;PPLA3;UA;Ukraine;;21;5906;;;5199;;120;Europe/Kyiv;2022-10-27;Ukraine;50.56428, 33.79793
703062;Lymans’ke;Lymans'ke;Frecatei,Frecăței,Frikacej,Limans'ke,Limanske,Limanskoe,Lymanske,Lymanské,Лиманске,Лиманское,Лиманське,Фрікацей;P;PPL;UA;Ukraine;;17;5108;;;3302;26;26;Europe/Kyiv;2022-10-27;Ukraine;45.42951, 28.41331
703180;Lisky;Lisky;Leski,Liski,Lisky,Liskî,Lycostoma,Lykostoma,li si ji,Λυκοστόμα,Лески,Ліски,利斯基;P;PPL;UA;Ukraine;;17;5108;;;1931;1;1;Europe/Kyiv;2022-10-27;Ukraine;45.46307, 29.486
703311;Lebedyn;Lebedyn;Lebedin,Lebedyn,Lebedîn,Lеbеdyn,lie bie jin,Łebedyn,Лебедин,列別金;P;PPL;UA;Ukraine;;01;7102;;;4402;;200;Europe/Kyiv;2022-10-27;Ukraine;48.9628, 31.52575
703317;Lazurne;Lazurne;Lasurne,Lazourne,Lazourné,Lazurne,Lazurneh,Lazurnoe,Novooleksiivka,Novooleksiyivka,Sofiivka,la zu er nei,lazurne,Лазурне,Лазурное,Лазурнэ,Новоолексіївка,Софіївка,ლაზურნე,拉祖尔内;P;PPL;UA;Ukraine;;08;6508;;;3119;4;3;Europe/Kyiv;2022-10-27;Ukraine;46.0829, 32.52559
703716;Kulykiv;Kulykiv;Kulikiv,Kulikov,Kulikuv,Kulykiv,Куликів;P;PPL;UA;Ukraine;;15;4612;;;3763;;214;Europe/Kyiv;2022-10-27;Ukraine;50.31424, 24.81757
704074;Krinichnaya;Krinichnaya;Krinichnaya,Krinitschnaja;P;PPL;UA;Ukraine;;05;1408;;;4530;;240;Europe/Kyiv;2022-10-27;Ukraine;48.12899, 38.02597
704085;Krynychky;Krynychky;Krinichki,Krynychky,Кринички;P;PPL;UA;Ukraine;;16;4806;;;1045;48;46;Europe/Kyiv;2022-10-27;Ukraine;47.07241, 31.73318
704666;Ostrytsya;Ostrytsya;Cotul Ostritei,Cotul Ostriței,Ostrica,Ostricja,Ostrytsia,Острица,Остриця;P;PPL;UA;Ukraine;;03;7306;;;2368;180;152;Europe/Kyiv;2022-10-27;Ukraine;48.28333, 26.05
704764;Kosiv;Kosiv;Cosau,Cosău,Kosiv,Kosiva,Kosov,Kosow,Kossiv,Kossiw,Kosów,ke suo fu,kwsyf,qwswb,Косов,Косів,Կոսով,קאסאוו,קוסוב,کوسیف,კოსოვი,科索夫;P;PPLA2;UA;Ukraine;;06;2610;;;8522;352;375;Europe/Kyiv;2022-10-27;Ukraine;48.32051, 25.09109
704952;Korniyivka;Korniyivka;Karneyevka,Korneevka,Korneyevka,Korniivka,Korniyivka,Корнеевка,Корніївка;P;PPL;UA;Ukraine;;13;3206;;;1137;;112;Europe/Kyiv;2023-07-26;Ukraine;50.41661, 31.46261
705490;Kamyanyy Mist;Kamyanyy Mist;Kam'janij Mist,Kamennyj Most,Kamianyi Mist,Kamianyï Mist,Кам'яний Міст,Каменный Мост;P;PPL;UA;Ukraine;;16;4808;;;1535;73;148;Europe/Kyiv;2022-10-27;Ukraine;47.90786, 30.78891
706877;Kaplivka;Kaplivka;Kapilauka,Kaplevka,Kaplivka,Каплівка;P;PPL;UA;Ukraine;;03;7304;;;1461;181;184;Europe/Kyiv;2022-10-27;Ukraine;48.44739, 26.51098
707018;Kamyana;Kamyana;Camena,Kam'jana,Kamennaja,Kamiana,Кам'яна,Каменная;P;PPL;UA;Ukraine;;03;7306;;;2956;267;258;Europe/Kyiv;2022-10-27;Ukraine;48.23286, 25.85035
707565;Irpin;Irpin;Dachi Irpen',Dachi Irpen’,Irpen,Irpen',Irpen’,Irpien,Irpień,Irpin,Irpin',Irpina,Irpinj,Irpin’,Irpiń,Irpiņa,Irpiň,ayrpyn,yi er ping,İrpin,Ірпінь,Ирпень,Ирпињ,Իրպեն,ایرپین,ირპენი,伊爾平;P;PPL;UA;Ukraine;;13;3208;;;65167;;121;Europe/Kyiv;2023-05-04;Ukraine;50.52175, 30.25055
707709;Ilychyovo;Ilychyovo;Il'ichjovo,Illicheve,Ilychyovo,Karakuj,Іллічеве,Ильичёво,Караку́й;P;PPLA3;UA;Ukraine;;11;0110;11128415;;1858;;35;Europe/Simferopol;2022-10-27;Ukraine;45.28348, 35.73864
707714;Ilyichevo;Ilyichevo;Il'ichjovo,Illicheve,Ilyichovo,Kijanly,Іллічеве,Ильичёво,Киянлы́;P;PPLA3;UA;Ukraine;;11;0118;11153123;;938;37;38;Europe/Simferopol;2022-10-27;Ukraine;45.24524, 35.07127
707777;Hvardiiske;Hvardiiske;Gvardeiskoie,Gvardejskoe,Gvardeyskoye,Gvardeïskoïe,Gvardijs'ke,Gwardiejskoje,Hvardiiske,Hvardijske,Hvardiïske,Hwardijske,Hwardijśke,Sarabuz,Spat,ge wa er ji xi ke,Гвардейское,Гвардійське,Сарабуз,Спат,格瓦爾季西克;P;PPLA3;UA;Ukraine;;11;0116;11152586;;12589;146;143;Europe/Simferopol;2022-10-27;Ukraine;45.11692, 34.02188
708395;Hirnyk;Hirnyk;Girnik,Gornjak,Gornyak,Hirnyk,Sotsgorodok,Горняк,Гірник;P;PPL;UA;Ukraine;;05;1416;;;10357;;202;Europe/Kyiv;2024-02-08;Ukraine;48.05728, 37.3716
709334;Dzhankoi;Dzhankoi;Cankoey,Canköy,Djankoi,Djankoï,Dschankoj,Dshankoi,Dzankoj,Dzhanhoi,Dzhankoi,Dzhankoj,Dzhankoy,Džankoj,dzsʼnqʼyʻ,Џанкој,Джанкой,דזשאנקאיע;P;PPLA2;UA;Ukraine;;11;0106;;;41731;;14;Europe/Simferopol;2023-06-11;Ukraine;45.7131, 34.39273
709701;Yaremche;Yaremche;Giaremtse,Jaremcha,Jaremche,Jaremcze,Yaremtche,Yaremtché,Γιαρέμτσε,Яремча,Яремче;P;PPL;UA;Ukraine;;06;2612;;;8094;580;522;Europe/Kyiv;2022-10-27;Ukraine;48.44886, 24.55335
709888;Dobrovelychkivka;Dobrovelychkivka;Dobrovelichkivka,Dobrovelichkovka,Dobrovelytchkivka,Dobrovélytchkivka,Revuc'ke,Revuckoe,Добровеличковка,Добровеличківка,Ревуцкое,Ревуцьке;P;PPLA2;UA;Ukraine;;10;3506;;;5575;199;190;Europe/Kyiv;2023-03-31;Ukraine;48.38939, 31.18039
709900;Dobropillia;Dobropillia;Dobropilja,Dobropillia,Dobropillja,Dobropillya,Dobropol'e,Dobropol'ye,Dobropol’ye,Krasnoarmeyskiy Rudnik,Доброполье,Добропілля;P;PPL;UA;Ukraine;;05;1416;;;28170;;183;Europe/Kyiv;2023-08-26;Ukraine;48.46147, 37.08524
709906;Dobrynivtsi;Dobrynivtsi;Dobrinivci,Dobronauti,Dobronăuți,Dobrynivtsi,Dobrynovcy,Добринівці,Добрыновцы;P;PPL;UA;Ukraine;;03;7306;;;1528;170;250;Europe/Kyiv;2022-10-27;Ukraine;48.48305, 26.01971
710409;Chop;Chop;Chop,Ciop,Cop,Csap,Czop,Tchop,Tschop,Čop,Чоп;P;PPL;UA;Ukraine;;25;2110;;;8626;102;106;Europe/Kyiv;2023-05-04;Ukraine;48.4316, 22.20446
710949;Viitivka;Viitivka;Chapayevka,Viitivka,Vijtivka,Viytivka,Voytovka,Війтівка;P;PPL;UA;Ukraine;;23;0504;;;4434;;181;Europe/Kyiv;2022-10-27;Ukraine;48.42257, 29.54497
711629;Boromlia;Boromlia;Baromlja,Boromla,Boromlea,Boromlia,Boromlja,Boromlya,Boròmlia,Bоrоmlja,bo luo mu li ya,boromuria,bwrwmlya  swmska,Баромля,Боромля,Բորոմլյա,بورومليا، سومسكا,ボロムリア,博罗姆利亚,博羅姆利亞;P;PPL;UA;Ukraine;;21;5904;;;4070;;141;Europe/Kyiv;2022-10-27;Ukraine;50.61839, 34.97042
711938;Bohdanivka;Bohdanivka;Bogdanivka,Bogdanovka,Bohdanivka,Богданівка;P;PPL;UA;Ukraine;;16;4804;;;1839;61;53;Europe/Kyiv;2022-10-27;Ukraine;47.81731, 31.13152
712090;Blahodatne;Blahodatne;Blagodatne,Blagodatnoye,Blahodatne,Blazodatnoye,Благодатне;P;PPL;UA;Ukraine;;16;4808;;;1746;99;100;Europe/Kyiv;2022-10-27;Ukraine;47.99414, 31.14662
712181;Bezimenne;Bezimenne;Besimenne,Bezimenne,Bezimennoye,Bezimenoe,Bezymennoe,Bezymennoye,Bezymenovka,Bеzіmеnnе,Безыменное,Безіменне,Բեզիմենոե;P;PPL;UA;Ukraine;;05;1410;;;2638;;15;Europe/Kyiv;2022-10-27;Ukraine;47.10724, 37.93966
712659;Bila Krynytsya;Bila Krynytsya;Belaja Krinica,Bila Krinicja,Bila Krynytsia,Белая Криница,Біла Криниця;P;PPL;UA;Ukraine;;08;6502;;;1218;14;74;Europe/Kyiv;2022-10-27;Ukraine;47.34934, 33.19722
712787;Baryshivka;Baryshivka;Barishivka,Baryshevka,Baryshivka,Lipnyaki,Баришівка,Барышевка;P;PPL;UA;Ukraine;;13;3206;;;10294;;100;Europe/Kyiv;2023-05-03;Ukraine;50.36098, 31.32173
712985;Bahna;Bahna;Bagna,Bahna,Багна;P;PPL;UA;Ukraine;;03;7302;;;1237;457;471;Europe/Kyiv;2022-10-27;Ukraine;48.22404, 25.2321
713035;Babyn;Babyn;Babin,Babino,Babyn,Бабин;P;PPL;UA;Ukraine;;03;7304;;;2143;240;232;Europe/Kyiv;2022-10-27;Ukraine;48.52464, 26.85673
713055;Babanka;Babanka;Babanka,Бабанка;P;PPL;UA;Ukraine;;01;7106;;;2187;176;159;Europe/Kyiv;2022-10-27;Ukraine;48.71034, 30.43983
713386;Andrushky;Andrushky;Andrushki,Andrushky,Андрушки;P;PPLA3;UA;Ukraine;;27;1804;;;0;;212;Europe/Kyiv;2023-04-05;Ukraine;49.88195, 29.34349
12156376;Dumeny;Dumeny;Doumeny,Doumény,Dumeni,Dumeny,Думени,Думены;P;PPL;UA;Ukraine;;03;7306;;;1186;121;121;Europe/Kyiv;2022-10-27;Ukraine;48.22174, 26.50091
687196;Zhovti Vody;Zhovti Vody;Geltonieji Vandenys,Jovti Vodi,Jovti Vody,Jovti Vodî,Jovti Vodı,Scholti Woody,Schowti Wody,Zhjoltye Vody,Zholtie vodi,Zhovta Rika,Zhovti Vodi,Zhovti Vody,Zjovti Vody,Zolte Wody,Zovti Vodi,Zovti Vody,Zyoltie Vodi,jwfty fwdy,zhwfty wwdy,Żółte Wody,Žovti Vodi,Žovti Vody,Жовта Ріка,Жовти Води,Жовті Води,Жолтие води,Жёлтые Воды,Ժյոլտիե Վոդի,جوفتي فودي,ژوفتی وودی,ჟოლტიე-ვოდი,ジョーウチ・ヴォーディ;P;PPL;UA;Ukraine;;04;1204;;;42052;150;148;Europe/Kyiv;2023-04-27;Ukraine;48.34518, 33.49743
687652;Zarichne;Zarichne;Pogost Zazhechny,Pogost-Zarechnyy,Pohost Zarzeczny,Zarechnoe,Zarechnoye,Zarichne,Заречное,Зарічне;P;PPL;UA;Ukraine;;19;5602;;;7336;;150;Europe/Kyiv;2023-11-23;Ukraine;51.8126, 26.12902
687726;Zaozyornoye;Zaozyornoye;Gaɣa Bojnaq,Jaly-Mojnak,Yaly-Moinak,Zaozerne,Zaozernoe,Zaozyornoye,Ğaɣa Bojnaq,Заозерне,Заозерное,Ялы́-Мойна́к;P;PPL;UA;Ukraine;;11;0108;;;4332;10;4;Europe/Simferopol;2022-10-27;Ukraine;45.15816, 33.27866
687787;Zaliztsi;Zaliztsi;Zalizci,Zaliztsi,Zalosce,Zalozce,Zalozhcy,Załośce,Załoźce,Заложцы,Залізці;P;PPL;UA;Ukraine;;22;6104;;;2540;333;323;Europe/Kyiv;2022-12-24;Ukraine;49.80074, 25.38387
687797;Zaliznychne;Zaliznychne;Bolgarijka,Bulgarica,Bulgărica,Salisnytschne,Zaliznichne,Zaliznichnoe,Zaliznytchne,Zaliznytchné,zalyznytshny,zha li zi ni qi nie,Болгарийка,Зализничное,Залізничне,زاليزنيتشني,扎利茲尼奇涅;P;PPL;UA;Ukraine;;17;5106;;;3487;84;83;Europe/Kyiv;2022-10-27;Ukraine;45.74876, 28.61436
688127;Yerky;Yerky;Ehrki,Erki,Erky,Jerky,Yerki,Yerky,Yerkı,ye er ji,yrqy,Ерки,Еркы,Эрки,Երկի,ירקי,یرکے,葉爾基;P;PPL;UA;Ukraine;;01;7102;;;3893;128;134;Europe/Kyiv;2022-10-27;Ukraine;48.98606, 30.99579
688191;Yelyzavethradka;Yelyzavethradka;Elizavetgradka,Elyzavehtgradka,Ielizavethradka,Ielîzavethradka,Jelizavethradka,Jelysawethradka,Jelyzawethradka,Jełyzawethradka,Yelezavetgradka,Yelizavetgradka,Yelyzavethradka,Yelızavetgradka,Yélyzavethradka,erizabetofuradoka,yi li sha bai he la de ka,Єлизаветградка,Елизаветградка,Елызавэтградка,Ելիզավետգրադկա,エリザベトフラドカ,伊丽莎白赫拉德卡;P;PPL;UA;Ukraine;;10;3504;;;1205;153;173;Europe/Kyiv;2022-10-27;Ukraine;48.80085, 32.40433
689010;Voronivka;Voronivka;Voronivka,Voronovka,Вороновка,Воронівка;P;PPL;UA;Ukraine;;16;4804;;;1394;38;25;Europe/Kyiv;2022-10-27;Ukraine;47.65591, 31.41348
690032;Vendychany;Vendychany;Vehndychany,Vendicani,Vendiceani,Vendichani,Vendichany,Vendiĉani,Vendycany,Vendychany,Vendytchany,Vendyčany,Vendîceanî,Vendıçanı,Wendyczany,Wendytschany,wen de qia nei,Вендичани,Вендичаны,Вэндычаны,文德恰内;P;PPL;UA;Ukraine;;23;0508;;;3768;251;244;Europe/Kyiv;2022-10-27;Ukraine;48.6152, 27.79394
690040;Velykyy Bychkiv;Velykyy Bychkiv;Bocicoiu Mare,Nagybocsko,Nagybocskó,Velikij Bichkiv,Velikij Bychkov,Velykui Bytchkiv,Vélykuï Bytchkiv,Великий Бичків,Великий Бычков;P;PPL;UA;Ukraine;;25;2106;;;9255;307;297;Europe/Kyiv;2022-12-13;Ukraine;47.96821, 24.01061
690230;Velyka Pysarivka;Velyka Pysarivka;Bol'shaya Pisarevka,Bol’shaya Pisarevka,Vehlyka Pysaryuka,Velika Pisarivka,Velika Pissarivka,Velika Píssarivka,Velikaja Pisarevka,Velikaja Pisarevkae,Velikaya Pisarevka,Velivka Pisarivka,Velyka Pysarivka,Velyka Pyssarivka,Velîka Pîsarivka,Velıka Pısarivka,Welyka Pysariwka,Welyka Pyssariwka,Wełyka Pysariwka,da pi sa li fu ka,fylyka bysaryfka,fylyka bysaryfka  swmska,Βελίβκα Πίσαριβκα,Велика Писарівка,Великая Писаревкæ,Великая Писаревка,Вэлыка Пысарыўка,Վելիկայա Պիսարևկա,فيليكا بيساريفكا,فيليكا بيساريفكا، سومسكا,ヴェリーカ・ピサリウカ,大皮薩里夫卡;P;PPL;UA;Ukraine;;21;5904;;;5235;;119;Europe/Kyiv;2023-11-23;Ukraine;50.4243, 35.47989
690397;Vasilyevka;Vasilyevka;Vasil'evka,Vasilivka,Vasilyevka,Васильевка,Василівка;P;PPLA3;UA;Ukraine;;11;0104;11152828;;1331;166;169;Europe/Simferopol;2022-10-27;Ukraine;45.13938, 34.72291
690412;Vasylkiv;Vasylkiv;Vasil'kiv,Vasil'kov,Vasilikov,Vasiljkiv,Vasilkiv,Vasilkiva,Vasilkov,Vasil’kov,Vasiļkiva,Vassylkiv,Vasyl'kiv,Vasylkiv,Vasylkivas,Vasyl’kiv,Vasîlkiv,Vasılkiv,Wassilkow,Wassylkiw,Wasylkow,Wasylków,fasylkyf,vuasuirikiu,wa xi li ji fu,wasylkyf,Васильков,Васильків,Васиљкив,Վասիլկով,فاسيلكيف,واسیلکیف,ვასილკოვი,ヴァスィリキーウ,瓦西里基夫;P;PPL;UA;Ukraine;;13;3212;;;37068;;164;Europe/Kyiv;2023-05-02;Ukraine;50.18693, 30.31346
690428;Vashkivtsi;Vashkivtsi;Vachkivtsi,Vascauti,Vashkivtsi,Vashkouts,Vashkoutsi,Vashkovcy,Vashkovtsy,Vaskivci,Vășcăuți,Вашковцы,Вашківці;P;PPL;UA;Ukraine;;03;7302;;;5312;206;212;Europe/Kyiv;2022-10-27;Ukraine;48.38386, 25.51751
690494;Vanchikivtsi;Vanchikivtsi;Vanchikivci,Vanchikovcy,Vancicautii Mari,Vancicăuții Mari,Vantchykivtsi,Ванчиковцы,Ванчиківці;P;PPL;UA;Ukraine;;03;7306;;;2656;124;122;Europe/Kyiv;2022-10-27;Ukraine;48.21571, 26.44921
690604;Ustyluh;Ustyluh;Us'tsilug,Uscilug,Ustilug,Ustyluh,Us’tsilug,Uściług,Устилуг;P;PPL;UA;Ukraine;;24;0702;;;2060;;190;Europe/Kyiv;2023-05-03;Ukraine;50.86048, 24.15444
690673;Uralo-Kavkaz;Uralo-Kavkaz;Uralo-Kavkaz,Uralo-Kavkazskiy,Урало-Кавказ;P;PPL;UA;Ukraine;;14;4404;;;2472;;109;Europe/Kyiv;2022-12-13;Ukraine;48.3211, 39.80302
691255;Trostianets;Trostianets;Trostianets,Trostjanec,Trostjanec',Trostjanez,Trostyanets',Trostyanets’,Тростянец,Тростянець;P;PPL;UA;Ukraine;;21;5904;;;19544;;120;Europe/Kyiv;2023-05-04;Ukraine;50.48478, 34.96567
691384;Topory;Topory;Topori,Topory,Топори,Топоры;P;PPL;UA;Ukraine;;27;1802;;;1109;;221;Europe/Kyiv;2022-10-27;Ukraine;49.6504, 29.31739
692043;Druzhba;Druzhba;Droujba,Druzba,Druzhba,Drużba,Дружба;P;PPL;UA;Ukraine;;22;6104;;;1906;353;354;Europe/Kyiv;2022-10-27;Ukraine;49.36996, 25.6381
692686;Stavchany;Stavchany;Stauceni,Stavchani,Stavchany,Stavtchany,Stăuceni,Ставчани,Ставчаны;P;PPL;UA;Ukraine;;03;7304;;;1731;170;170;Europe/Kyiv;2022-10-27;Ukraine;48.39008, 26.40319
692709;Staryy Merchyk;Staryy Merchyk;Star.Merchik,Starij Merchik,Staryy Merchik,Staryy Merchyk,Стар.Мерчик,Старий Мерчик;P;PPL;UA;Ukraine;;07;6302;;;1709;;186;Europe/Kyiv;2022-10-27;Ukraine;49.98147, 35.75904
692731;Stari Troyany;Stari Troyany;Eski Troyan,Stari Troiany,Stari Trojani,Stari Trojany,Stari Troïany,Starye Trojanyy,Traianu Vechi,jiu te luo ya ni,Стари Трояни,Старые Трояныy,Старі Трояни,舊特羅亞尼;P;PPL;UA;Ukraine;;17;5108;;;2225;44;32;Europe/Kyiv;2022-10-27;Ukraine;45.67264, 29.1787
692889;Stara Kulna;Stara Kulna;Kul'na,Kul’na,Stara Koulna,Stara Kul'na,Staraya Kul'na,Staraya Kul’na,Стара Кульна;P;PPL;UA;Ukraine;;17;5112;;;1067;113;126;Europe/Kyiv;2022-10-27;Ukraine;47.69476, 29.31494
693002;Serednye;Serednye;Peretschyn,Perezindorf,Sehrehdne,Seredn'oe,Seredne,Serednie,Serednje,Serednye,Seredné,Srednee,Szerednye,Sérednié,sai lei de na,srdnyh,Середньое,Середнє,Среднее,Сэрэдне,סרדניה,塞雷德纳;P;PPL;UA;Ukraine;;25;2110;;;4336;119;120;Europe/Kyiv;2023-08-02;Ukraine;48.54006, 22.50441
693218;Solnechnogorskoye;Solnechnogorskoye;Kuru-Uzen',Quru OEzen,Quru Özen,Solnechnogorskoe,Solnechnogorskoye,Sonjachnogirs'ke,Куру́-Узе́нь,Солнечногорское,Сонячногірське;P;PPL;UA;Ukraine;;11;0120;;;1150;34;23;Europe/Simferopol;2022-10-27;Ukraine;44.74722, 34.53999
693510;Slobidka;Slobidka;Poselok Slobodka,Posëlok Slobodka,Slabidka,Slobidka,Slobodka,Słobidka,si luo bi de ka,Слабідка,Слобидка,Слободка,Слобідка,斯洛比德卡;P;PPL;UA;Ukraine;;17;5112;;;2336;232;261;Europe/Kyiv;2022-10-27;Ukraine;47.88372, 29.344
693701;Skala-Podilska;Skala-Podilska;Skala,Skala Podolska,Skala-Padzil'ska,Skala-Podil's'ka,Skala-Podilska,Skala-Podol'skaja,Skala-Podolskaya,Skala-Pontilska,Skala-nad-Zbruchem,Skale,Skalá-Podilska,Skała,Skała Podolska,si ka la bo di li si ka,Σκάλα-Ποντίλσκα,Скала-Падзільска,Скала-Подольская,Скала-Подільська,Скала-над-Збручем,Սկալա-Պոդոլսկայա,סקאלה פודילסקה,斯卡拉波迪利斯卡;P;PPL;UA;Ukraine;;22;6106;;;4174;222;256;Europe/Kyiv;2022-12-24;Ukraine;48.85014, 26.20064
693870;Shumsk;Shumsk;Choumsk,Shums'k,Shumsk,Szumsk,Шумск,Шумськ;P;PPL;UA;Ukraine;;22;6102;;;5470;215;240;Europe/Kyiv;2023-01-19;Ukraine;50.11775, 26.11792
694148;Shevchenkove;Shevchenkove;Schewtschenkowe,Sevcenkove,Sevtsenkove,Shevchenko,Shevchenkove,Shevchenkovo,Sjevtjenkove,Sjevtsjenkove,she fu qin ke wei,Ševčenkove,Šеvtšеnkоvе,Șevcenkove,Шевченкове,Шевченково,Շևչենկովո,舍夫琴科韦;P;PPL;UA;Ukraine;;16;4806;;;3150;49;43;Europe/Kyiv;2022-10-27;Ukraine;46.8625, 32.20019
695205;Rudne;Rudne;Rudno,Рудно;P;PPL;UA;Ukraine;;15;4606;;;7350;;311;Europe/Kyiv;2022-10-27;Ukraine;49.83333, 23.9
695357;Kurakhove;Kurakhove;Kourakhove,Kurachove,Kurachowe,Kurahove,Kurakhove,Kurakhovo,Kurakhovstroy,Kuraxovo,Novo-Ulakly,Petrovka,Roy,Roya,ku la huo wei,kwrakhwfh,Курахове,Курахово,Կուրախովո,کوراخوفه,კურახოვო,庫拉霍韋;P;PPL;UA;Ukraine;;05;1416;;;18220;;132;Europe/Kyiv;2024-02-08;Ukraine;47.9847, 37.27937
695439;Rozkishna;Rozkishna;Raskoshnaya,Roskoshnaja,Roskoshnaya,Roskoshno,Roskoshnyy,Rozkishna,Розкішна,Роскошная;P;PPL;UA;Ukraine;;13;3202;;;3140;;225;Europe/Kyiv;2022-10-27;Ukraine;49.36899, 30.19398
695781;Rava-Ruska;Rava-Ruska;Rava-Rus'ka,Rava-Ruska,Rava-Russkaja,Rava-Russkaya,Rava-Rus’ka,Rawa Ruska,Рава-Русская,Рава-Руська;P;PPL;UA;Ukraine;;15;4606;;;8494;;241;Europe/Kyiv;2023-05-03;Ukraine;50.23079, 23.62825
695889;Radushne;Radushne;Radouchne,Radouchné,Radushne,Radushnoe,Радушне,Радушное;P;PPL;UA;Ukraine;;04;1206;;;3863;103;102;Europe/Kyiv;2022-10-27;Ukraine;47.81548, 33.51015
695903;Radisne;Radisne;Radisne,Radisné,Радісне;P;PPL;UA;Ukraine;;17;5102;;;1574;52;52;Europe/Kyiv;2022-10-27;Ukraine;47.0002, 30.33928
696612;Poliana;Poliana;Poiana,Poliana,Poljana,Polyana,Poyyana,Поляна;P;PPL;UA;Ukraine;;03;7304;;;1221;260;262;Europe/Kyiv;2022-10-27;Ukraine;48.4862, 26.23527
697877;Pavlivka;Pavlivka;Pavlivka,Pavlovka,pa fu li fu ka,Павловка,Павлівка,帕夫利夫卡;P;PPL;UA;Ukraine;;17;5106;;;2556;13;25;Europe/Kyiv;2022-10-27;Ukraine;45.96102, 29.48856
697931;Pashkivtsi;Pashkivtsi;Pachkivtsi,Pascauti,Pashkivci,Pashkovcy,Pășcăuți,Пашковцы,Пашківці;P;PPL;UA;Ukraine;;03;7304;;;1027;214;177;Europe/Kyiv;2022-10-27;Ukraine;48.39409, 26.48164
697945;Pasichna;Pasichna;Pasechna,Pasechnaja,Pasechnaya,Pasichna,Pasicina,Pasicna,Pasieczna,Pasitsjna,Pasitsna,Passitschna,Pаsіtšnа,pa xi qi na,Пасечная,Пасічна,帕西奇納;P;PPL;UA;Ukraine;;06;2612;;;4530;;542;Europe/Kyiv;2022-10-27;Ukraine;48.56995, 24.41545
697959;Partizanskoye;Partizanskoye;Orta Sobla,Partizans'ke,Partizanskoe,Partizanskoye,Sabla,Sably,Партизанское,Партизанське,Сабла́,Саблы́;P;PPL;UA;Ukraine;;11;0116;11152617;;2079;362;364;Europe/Simferopol;2022-10-27;Ukraine;44.83379, 34.08465
698436;Pokrov;Pokrov;Ordzhonikidze,Pokrov,Pokrow,Орджонікідзе,Покров;P;PPL;UA;Ukraine;;04;1208;;;37493;71;48;Europe/Kyiv;2023-05-01;Ukraine;47.65361, 34.11488
699061;Novovasylivka;Novovasylivka;Novavasyliuka,Novovasilevka,Novovasilivka,Novovasiļivka,Novovassylivka,Novovasylivka,Novovasîlivka,Novovasılivka,Nowowassyliwka,Nowowasyliwka,xin wa xi li fu ka,Новавасыліўка,Нововасилевка,Нововасиливка,Нововасилівка,Նովովասիլևկա,新瓦西里夫卡;P;PPL;UA;Ukraine;;26;2308;;;2253;30;27;Europe/Kyiv;2022-12-13;Ukraine;46.82561, 35.75604
699177;Novosilske;Novosilske;Novosel'skoe,Novosil's'ke,Novosilske,Novossilske,Novossilské,Satu-Nou,Satul-Nou,Новосельское,Новосилске,Новосільське,Сатул-Ноу;P;PPL;UA;Ukraine;;17;5108;;;3572;10;11;Europe/Kyiv;2022-10-27;Ukraine;45.33425, 28.57169
699413;Novomykolayivka;Novomykolayivka;Kocherezhki,Novomikolaivka,Novomykolaivka,Novomykolaïvka,Novonikolaevka,Кочережки,Новомиколаївка,Новониколаевка;P;PPLA2;UA;Ukraine;;26;2306;;;5238;100;97;Europe/Kyiv;2022-12-13;Ukraine;47.97362, 35.89806
699617;Novodonetske;Novodonetske;Novodonec'ke,Novodoneckoe,Novodonets'ke,Novodonetske,Novodonetskoye,Novodonets’ke,Новодонецкое,Новодонецьке;P;PPL;UA;Ukraine;;05;1412;;;5895;;174;Europe/Kyiv;2022-11-11;Ukraine;48.63604, 36.98582
699777;Nova Vodolaha;Nova Vodolaha;Nova Vadalaga,Nova Vodolaga,Nova Vodolaha,Novaja Vodolaga,Novaya Vodolaga,Novà Vodolaha,Nowa Wodolaha,Nowa Wodołaha,xin wo duo la ha,Нова Вадалага,Нова Водолага,Новая Водолага,Նովայա Վոդոլագա,新沃多拉哈;P;PPL;UA;Ukraine;;07;6312;;;10455;;120;Europe/Kyiv;2023-05-01;Ukraine;49.7199, 35.86964
700349;Nekrasovka;Nekrasovka;Kulchora[,Nekrasovka,Кулчора́[,Некрасовка;P;PPLA3;UA;Ukraine;;11;0118;11153126;;1044;10;10;Europe/Simferopol;2022-10-27;Ukraine;45.44085, 34.98584
700551;Shchyolkino;Shchyolkino;Shchyolkino,Shhjolkino,Shholkine,Щолкіне,Щёлкино;P;PPLA3;UA;Ukraine;;11;0110;11128209;;10593;;3;Europe/Simferopol;2022-10-27;Ukraine;45.42985, 35.8225
700849;Molnytsya;Molnytsya;Molnica,Molnicja,Molnita,Molnița,Molnytsia,Молница,Молниця;P;PPL;UA;Ukraine;;03;7306;;;1318;149;139;Europe/Kyiv;2022-10-27;Ukraine;48.1981, 26.22843
701286;Mezhvodnoye;Mezhvodnoye;Jarylgach,Mezhvodnoe,Mezhvodnoye,Mizhvodne,Межводное,Міжводне,Ярылга́ч;P;PPLA3;UA;Ukraine;;11;0108;11153138;;2087;5;11;Europe/Simferopol;2022-10-27;Ukraine;45.58751, 32.84501
701561;Mayaky;Mayaky;Maiak-Karawul,Maiaki,Maiaky,Maiakî,Majaki,Majaky,Maïaky,ma ya ji,Маяки,Маякі,馬亞基;P;PPL;UA;Ukraine;;17;5110;;;5937;16;17;Europe/Kyiv;2022-10-27;Ukraine;46.41253, 30.26717
702347;Bayraky;Bayraky;Bairaky,Bajraki,Baïraky,Mogosesti,Mogoșești,Байраки;P;PPL;UA;Ukraine;;03;7306;;;1868;254;220;Europe/Kyiv;2022-10-27;Ukraine;48.11517, 26.13016
702421;Liuboml;Liuboml;Liuboml,Ljuboml,Ljuboml',Luboml,Lyubomi,Lyuboml',Lyuboml’,lwbwml,Любомль,לובומל;P;PPL;UA;Ukraine;;24;0706;;;10295;;188;Europe/Kyiv;2023-05-01;Ukraine;51.22601, 24.03727
703498;Kuibyshevo;Kuibyshevo;Albat,Kujbisheve,Kujbyshevo,Kuybysheve,Kuybyshevo,Алба́т,Куйбишеве,Куйбышево;P;PPLA3;UA;Ukraine;;11;0102;11152817;;2520;;159;Europe/Simferopol;2022-10-27;Ukraine;44.629, 33.86895
704055;Kryva;Kryva;Kriva,Krivaya,Krivoye,Kryva,Nagykirva,Tiszakirva,Крива;P;PPL;UA;Ukraine;;25;2112;;;2911;;163;Europe/Kyiv;2022-12-13;Ukraine;48.17234, 23.23647
704679;Podilsk;Podilsk;Birzula,Kotovsk,Kotowsk,Podil's'k,Podiljsk,Podilsk,Podol'sk,Котовск,Подиљск,Подольск,Подільськ;P;PPL;UA;Ukraine;;17;5112;;;39220;248;247;Europe/Kyiv;2023-05-03;Ukraine;47.74988, 29.53074
704744;Kostyntsi;Kostyntsi;Costesti,Costești,Kostinci,Kostincy,Kostyntsi,Костинцы,Костинці;P;PPL;UA;Ukraine;;03;7306;;;1244;287;358;Europe/Kyiv;2022-10-27;Ukraine;48.28046, 25.6356
704839;Koriukivka;Koriukivka;Karyukovka,Koriukivka,Korjukivka,Korjukovka,Koryukivka,Koryukovka,Корюковка,Корюківка;P;PPLA2;UA;Ukraine;;02;7402;;;14215;;130;Europe/Kyiv;2023-03-07;Ukraine;51.76877, 32.24813
704858;Korsun-Shevchenkivskyy;Korsun-Shevchenkivskyy;Corsunia,Korsun Szewczenkowski,Korsun',Korsun'-Shevchenkivs'kij,Korsun'-Shevchenkovskij,Korsun-Chevtchenkivskyi,Korsun-Chevtchenkivskyï,Korsun-Schewtschenkiwskyj,Korsuń Szewczenkowski,Корсунь,Корсунь-Шевченковский,Корсунь-Шевченківський;P;PPLA2;UA;Ukraine;;01;7108;;;17763;105;125;Europe/Kyiv;2022-10-27;Ukraine;49.41822, 31.25174
704885;Korostyshiv;Korostyshiv;Karastyshau,Karastyshyu,Korostishiv,Korostisiv,Korostišiv,Korostychev,Korostychiv,Korostyschew,Korostyschiw,Korostyshev,Korostyshiv,Korostyszow,Korostyszów,Korostışiv,ke luo si te she fu,ke luo si te xi fu,kwrwstyshyf,Карастышаў,Карастышыў,Коростишів,Коростышев,کوروستیشیف,科罗斯特希夫,科罗斯特舍夫,科羅斯特希夫,科羅斯特舍夫;P;PPL;UA;Ukraine;;27;1804;11875574;11875571;24129;;180;Europe/Kyiv;2023-09-01;Ukraine;50.31723, 29.0563
705431;Kolodenka;Kolodenka;Kolodenka,Колоденка;P;PPL;UA;Ukraine;;19;5606;;;3052;;215;Europe/Kyiv;2022-10-27;Ukraine;50.58561, 26.31601
705808;Zarichne;Zarichne;Imeni Kirova,Kirova,Kirove,Kirovo,Kirovs'k,Kirovsk,Kirovs’k,Kirowe,Kirowo,Kirowsk,Popivka,Popovca,Popovka,Popowka,Saritschne,Zarechnoe,Zarehchnae,Zarichne,Zaricine,Zaricne,Zaritchne,Zaritchnè,Zaritsjne,Zaritsne,Zaritšne,Zariçne,Zarične,zarytshny,zha li qi nie,Заречное,Зарэчнае,Зарічне,Кировск,Кірове,Попівка,زاريتشني,扎里奇涅;P;PPLA3;UA;Ukraine;;05;1412;;;0;;71;Europe/Kyiv;2022-10-27;Ukraine;49.0234, 37.93161
706200;Khrystynivka;Khrystynivka;Chrystyniwka,Khristinivka,Khristinovka,Khrystynivka,Христиновка,Христинівка;P;PPL;UA;Ukraine;;01;7106;;;9879;238;261;Europe/Kyiv;2023-05-02;Ukraine;48.81282, 29.96885
706524;Kerch;Kerch;Bospor,KHC,Kerc,Kerc',Kerca,Kercas,Kerce,Kerch,Kerch',Kerci,Kerco,Kercs,Kercz,Keric,Keritch,Keriç,Kertch,Kertj,Kerts,Kertsch,Kertschia,Kertsj,Kertx,Kertš,Kerç,Kerĉo,Kerč,Kerč',Kerča,Kerčas,Kerčė,Panticapaeum,ke chi,keleuchi,kerchi,keruchi,krch,kyrtsh,qrz,Κερτς,Керч,Керчь,Կերչ,קרץ,كيرتش,کرچ,ქერჩი,ケルチ,刻赤,케르치;P;PPLA2;UA;Ukraine;;11;0110;;;148932;;3;Europe/Simferopol;2022-10-27;Ukraine;45.35675, 36.47542
706915;Komyshnya;Komyshnya;Kamyshnja,Komishnja,Komychnia,Камышня,Комишня;P;PPL;UA;Ukraine;;18;5306;;;2087;139;145;Europe/Kyiv;2022-10-27;Ukraine;50.18643, 33.6831
707070;Kam'yanka;Kam'yanka;Kam'janka,Kam'ynka,Kamenka,Kamianka,Kamjanka,Tasbunar,Tashbunar,Tașbunar,ka mi yang ka,Каменка,Кам’янка,Ташбунар,卡米揚卡;P;PPL;UA;Ukraine;;17;5108;;;3478;23;23;Europe/Kyiv;2022-10-27;Ukraine;45.56386, 28.88191
707197;Kalinino;Kalinino;Kalinindorf,Kalinine,Kalinino,Najleten,Orman-Adzhi,Калининдо́рф,Калинино,Калініне,Найле́тен,Орма́н-Аджи́;P;PPLA3;UA;Ukraine;;11;0112;11152996;;1640;19;22;Europe/Simferopol;2023-12-12;Ukraine;45.74262, 33.77676
707770;Hvizd;Hvizd;Gvizd,Gvozd,Hvizd,Гвізд;P;PPL;UA;Ukraine;;06;2612;;;3311;;396;Europe/Kyiv;2022-10-27;Ukraine;48.68149, 24.54599
707864;Huryivka;Huryivka;Gur'evka,Gur'ivka,Hourivka,Hourïvka,Гур'ївка,Гурьевка;P;PPL;UA;Ukraine;;16;4806;;;1349;15;10;Europe/Kyiv;2022-10-27;Ukraine;47.12475, 31.8629
708313;Horodok;Horodok;Gorodok,Gorodok-Yagellonskiy,Grodek,Grodek Jagiellonski,Grodok Jagiellonski,Grudek Yagellon'ski,Grudek Yagellon’ski,Grudek-Yagel'on'ski,Grudek-Yagel’on’ski,Gródek,Gródek Jagielloński,Gródok Jagielloński,Horodok,Городок;P;PPL;UA;Ukraine;;15;4606;;;15993;;280;Europe/Kyiv;2022-12-23;Ukraine;49.78465, 23.64806
708351;Horodyshche;Horodyshche;Gorodishche,Gorodishhe,Gorodyshche,Horodyshche,Horodyszcze,Городище;P;PPL;UA;Ukraine;;19;5606;;;3757;;209;Europe/Kyiv;2022-10-27;Ukraine;50.63965, 26.36573
708439;Kyrylivka;Kyrylivka;Gorile,Horile,Kirilivka,Kirillovka,Kyrylivka,Stepok,Горіле,Кирилловка,Кирилівка,Степок;P;PPL;UA;Ukraine;;26;2308;;;3464;10;10;Europe/Kyiv;2022-12-13;Ukraine;46.37179, 35.3701
708613;Holoby;Holoby;Galoby,Golobi,Goloby,Golobı,Holobi,Holoby,Holobî,Hołoby,Kholoby,huo luo bei,hwlwby,Галобы,Голоби,Голобы,האלאבי,הולובי,هولوبى,هولوبي,霍洛贝;P;PPL;UA;Ukraine;;24;0706;;;4203;;185;Europe/Kyiv;2022-10-27;Ukraine;51.08651, 25.00767
708778;Hlynytsya;Hlynytsya;Glinica,Glinicja,Glintsa,Hlinita,Hlinița,Hlynytsia,Глиница,Глиниця;P;PPL;UA;Ukraine;;03;7306;;;1641;191;186;Europe/Kyiv;2022-10-27;Ukraine;48.33406, 25.70507
710400;Chortkiv;Chortkiv;Chortkiv,Chortkov,Ciortkiv,Cortkiv,Cortkiva,Csortkiv,Czortkow,Czortków,Tchortkiv,Tschortkiw,Tsjortkiv,chwrtkyf,qiao er te ji fu,zwrtqwb,Çortkiv,Čortkiv,Čortkiva,Чорткив,Чортков,Чортків,Չորտկով,טשארטקאוו,צורטקוב,چورتکیف,ჩორტკოვი,喬爾特基夫;P;PPLA2;UA;Ukraine;;22;6106;;;28393;218;225;Europe/Kyiv;2023-08-26;Ukraine;49.01701, 25.79808
711153;Burylove;Burylove;Bourylove,Bourylové,Burilove,Burilovo,Burylove,Бурилове,Бурилово;P;PPL;UA;Ukraine;;16;4808;;;1117;154;154;Europe/Kyiv;2022-10-27;Ukraine;48.02131, 30.3754
711459;Bratslav;Bratslav;Braclau,Braclav,Braclavas,Braclaw,Bracław,Bratlav,Bratslav,Brațlav,bratslaf,brslb,bu la ci la fu,buratsurau,Брацлав,Брацлаў,Բրացլավ,בראסלעוו,ברסלב,براتسلاف,ブラーツラウ,布拉茨拉夫;P;PPL;UA;Ukraine;;23;0510;;;4872;201;216;Europe/Kyiv;2023-05-02;Ukraine;48.82317, 28.93827
711527;Nikita;Nikita;Botanicheskoye,Nikita,Nikito,ni ji ta,nikita,nykyta,nykyta  krymya,nykyta  rwsyh,Никита,Нікіта,Նիկիտա,نیکیتا,نیکیتا، روسیه,نیکیتا، کریمیا,ニキータ,尼基塔;P;PPL;UA;Ukraine;;11;0120;;;2257;132;187;Europe/Simferopol;2022-10-27;Ukraine;44.51335, 34.23517
712416;Berestechko;Berestechko;Berestechko,Beresteczko,Beresteczo,Берестечко;P;PPL;UA;Ukraine;;24;0708;;;1634;;190;Europe/Kyiv;2022-10-27;Ukraine;50.36047, 25.11071
712559;Bilopillia;Bilopillia;Belopol'e,Belopol'ye,Belopolje,Belopol’ye,Bilopillia,Bilopillja,Bilopillya,Белополье,Білопілля;P;PPL;UA;Ukraine;;21;5908;;;15600;;165;Europe/Kyiv;2023-11-23;Ukraine;51.15016, 34.31287
712588;Bilohorivka;Bilohorivka;Belogorovka,Bilogorivka,Bilogórivka,Bilohorivka,Bilohoriwka,Biłohoriwka,bi luo huo li fu ka,bie luo ge luo fu ka,birohoriuka,Белогоровка,Білогорівка,Բելոգորովկա,ビロホリウカ,别洛戈罗夫卡,比洛霍里夫卡;P;PPL;UA;Ukraine;;14;4412;;;1142;;112;Europe/Kyiv;2022-12-13;Ukraine;48.92585, 38.24674
713112;Avhustivka;Avhustivka;Avgustivka,Avgustovka,Avhustivka,Moskovka,Августівка;P;PPL;UA;Ukraine;;17;5110;;;1432;50;47;Europe/Kyiv;2022-10-27;Ukraine;46.63989, 30.64891
713259;Antratsyt;Antratsyt;Antracit,Antracita,Antracyt,Antracytas,Antratit,Antratsit,Antratsot,Antratsyt,Antratsõt,Antratsıt,Antrazyt,Antrațît,Bokovo-Antratsit,an te la qi te,antratsyt,Антрацит,Անտրացիտ,آنتراتسیت,أنتراتسيت,ანტრაციტი,安特拉齊特;P;PPL;UA;Ukraine;;14;4408;;;52150;;235;Europe/Kyiv;2023-04-27;Ukraine;48.11503, 39.09128
713749;Okhtyrka;Okhtyrka;Achtyrka,Akhtirka,Akhtyrka,Ochtyrka,Ohtirka,Okhtirka,Okhtyrka,Ахтырка,Охтирка;P;PPLA2;UA;Ukraine;;21;5904;;;47216;;111;Europe/Kyiv;2023-11-23;Ukraine;50.31036, 34.89879
831266;Brusnytsia;Brusnytsia;Berbesti,Berbești,Brusnica,Brusnicja,Brusnitsa,Brusnytsia,Brusnytsya,Брусница,Брусниця;P;PPL;UA;Ukraine;;03;7302;;;2088;232;199;Europe/Kyiv;2022-10-27;Ukraine;48.35601, 25.61302
6982930;Fontany;Fontany;Fontani,Fontany,Jagmurcha,Фонтани,Фонтаны,Ягмурча́;P;PPL;UA;Ukraine;;11;0116;11152624;;2681;359;326;Europe/Simferopol;2022-10-27;Ukraine;44.89717, 34.07297
6982946;Konstantinovka;Konstantinovka;Konstantinovka,Kostjantinivka,Константиновка,Костянтинівка;P;PPL;UA;Ukraine;;11;0116;11152617;;1354;426;425;Europe/Simferopol;2022-10-27;Ukraine;44.85511, 34.12069
7019389;Uvarovka;Uvarovka;Burnas,Burnash,Burnaš,Uvarivka,Uvarovka,Бурна́ш,Уваровка,Уварівка;P;PPLA3;UA;Ukraine;;11;0104;11152980;;1136;21;21;Europe/Simferopol;2022-10-27;Ukraine;45.45108, 34.78812
7019390;Listvennoye;Listvennoye;Listvennoe,Listvennoye,Listvinne,Лиственное,Листвинне;P;PPLA3;UA;Ukraine;;11;0104;11152972;;549;19;17;Europe/Simferopol;2022-10-27;Ukraine;45.48086, 34.81087
7034932;Kamenolomnia;Kamenolomnia;Kamenolomnia,Kamenolomnja,Kamenolomnya,Каменоломня;P;PPL;UA;Ukraine;;11;0108;11153107;;1804;27;27;Europe/Simferopol;2022-10-27;Ukraine;45.24764, 33.42087
7037690;Zernovoye;Zernovoye;Zernove,Zernovoe,Zernovoye,Зернове,Зерновое;P;PPLA3;UA;Ukraine;;11;0108;11152910;;944;85;85;Europe/Simferopol;2022-10-27;Ukraine;45.28838, 33.86414
9986273;Myrne;Myrne;Caracica,Karachicja,Mirne,Mirnoye,Myrne,mi er nie,Карачиця,Мирне,米爾涅;P;PPL;UA;Ukraine;;17;5108;;;1548;6;8;Europe/Kyiv;2022-10-27;Ukraine;45.58001, 29.46065
11566277;Polihon;Polihon;Poligon,Polihon,Полигон,Полігон;P;PPL;UA;Ukraine;;16;4806;;;2750;49;51;Europe/Kyiv;2022-10-27;Ukraine;46.97777, 32.129
12156386;Vartykivtsi;Vartykivtsi;Varticauti,Varticăuți,Vartikivci,Vartikovcy,Vartykivtsi,Вартиковцы,Вартиківці;P;PPL;UA;Ukraine;;03;7304;;;1457;230;216;Europe/Kyiv;2022-10-27;Ukraine;48.43426, 26.79316
